#{"t_start": 1789829411.1760025, "env_id": "None"}
r,l,t
91.671857,200,0.477785
80.865291,600,1.66806
-267.63248,16000,41.963592
90.535243,300,42.566186
-79.340948,7800,62.06438
91.068879,200,62.481992
87.277432,500,63.471962
-116.044629,8800,85.099196
92.071368,200,85.48457
57.540729,1200,88.967763
-99.946014,8200,109.838909
88.09298,200,110.246196
-32.824604,5300,123.861229
87.810831,200,124.308685
92.130751,200,124.712897
9.180142,3900,134.458447
91.27781,200,134.849577
29.063549,2700,141.33636
15.544972,3300,149.740102
92.039105,200,150.137971
97.405054,200,150.536524
88.523243,200,150.988158
95.35578,200,151.39074
-74.351055,6900,169.198845
85.818736,200,169.608682
-58.108386,5972,184.57805
92.301085,200,185.018139
89.857706,200,185.45079
10.661836,3400,193.526063
91.892808,300,195.077029
94.376703,200,195.474005
98.883524,200,195.880466
96.960485,200,196.278022
85.608135,400,197.06241
-21.910922,4800,208.643711
-21.420414,4817,221.410155
30.824296,2600,227.64184
11.758403,3300,236.19609
13.859497,3259,243.657618
42.549642,2100,248.761822
36.059491,2800,256.331455
49.940871,1800,260.01065
24.076382,2900,267.853447
22.309257,2900,274.8534
46.739987,1900,279.670188
87.648275,200,280.17957
39.814388,2300,285.817191
39.362848,2200,292.265796
93.378022,200,292.662639
93.707386,300,293.250945
39.036632,2500,299.213996
65.978095,1200,302.513059
88.937132,200,302.95725
92.23008,200,303.376451
45.207532,1900,308.163518
36.657614,2200,313.536479
87.949441,200,313.93897
33.894165,2300,319.575105
83.886658,600,320.750134
50.23967,1800,325.389699
44.520103,2000,330.293297
48.35446,1900,335.124586
87.021768,300,335.708302
41.919969,2120,340.859369
99.841771,200,341.239525
33.792656,2400,348.143015
46.332275,2100,353.282139
90.74244,300,353.930312
58.760956,1700,358.325848
79.623976,400,359.190894
96.55292,200,359.597475
84.492743,400,360.388219
90.425228,200,360.798702
49.191871,1900,365.611336
53.889928,1600,369.784622
46.618346,2200,375.188713
37.419752,2387,381.074935
94.771405,200,381.476613
84.928365,400,382.325283
49.449544,1900,387.026141
90.727448,200,387.448588
92.185166,200,388.74585
62.506887,1600,391.958139
44.917452,2000,397.123488
67.051143,1300,400.689887
42.278701,2300,406.343263
78.444573,500,407.399698
63.836874,1325,411.211286
96.443651,200,411.620592
84.900696,300,412.232096
42.985759,1900,417.016334
84.262644,300,417.606663
83.045105,200,418.002197
90.702455,200,418.395144
93.73939,200,419.735662
89.501131,200,420.17393
41.652249,2000,425.096579
31.976106,2700,431.513727
92.733795,200,431.910232
92.478428,200,432.318783
90.889686,200,432.710721
58.090194,1500,436.665372
49.358386,1900,441.639359
85.754871,200,442.045048
66.195968,905,443.855959
51.305417,1900,448.578105
51.02072,1900,453.315689
46.344172,2200,458.8291
59.70366,1700,463.167615
-9.393539,4400,474.291236
91.922786,300,474.9451
93.966199,200,476.386
-9.847588,4500,487.547094
45.553055,2200,493.007381
17.776136,3200,500.689399
34.53352,2500,507.97164
41.618055,2100,513.398448
44.672282,2100,518.610168
95.888738,200,519.04444
-26.728448,5300,531.996321
3.907951,3800,541.96309
81.335951,400,542.778407
87.741889,200,543.190715
80.253913,300,544.804122
92.185224,300,545.417402
33.070024,2500,551.481091
58.035822,1600,555.695858
89.207239,200,556.107357
14.70537,3204,563.714098
86.666176,500,565.631002
20.359526,2900,572.412119
21.077574,2700,578.72037
97.502103,200,580.05232
94.484643,200,580.461713
77.463636,500,581.508519
-375.407367,20000,632.15816
49.720386,1900,636.95309
85.968783,400,637.847031
82.685386,200,638.273889
54.262929,1400,642.006905
89.966172,300,642.609357
63.494201,1044,644.697528
58.380257,1400,648.540783
93.007683,200,648.959566
55.217046,1600,653.242847
95.421126,200,653.641046
54.723871,1400,657.471358
85.037585,400,658.314462
92.209882,200,658.714645
96.261731,200,659.101623
28.688053,2830,665.675792
50.866284,1700,670.413409
98.580236,200,670.800734
93.882483,200,671.192717
49.139687,1800,675.815078
75.240819,1100,679.09664
93.38576,200,679.492445
58.377357,1300,682.098389
90.068961,200,683.404815
50.065362,1611,686.70014
83.282984,400,688.469262
90.192047,200,688.862275
87.324654,300,689.466587
88.524843,500,690.445499
28.8305,2518,696.424724
85.872021,200,696.826696
88.90973,300,698.381799
53.248353,1600,701.650006
86.466097,500,703.5813
88.724955,300,704.174973
86.270585,200,704.576141
65.486493,1400,707.35341
47.093074,1800,712.05143
33.275707,2600,719.214228
95.605099,200,719.622246
93.466487,200,720.027685
94.494115,200,720.424456
97.467479,200,720.815072
53.239098,1700,725.203485
42.544482,2121,730.513751
92.81478,200,731.002907
51.555134,1898,735.916013
92.77495,200,736.33348
96.687068,200,736.729384
91.441154,300,737.326644
56.004903,1700,741.891788
53.556854,1600,745.992789
88.500529,200,746.385636
87.437957,400,747.175956
92.230793,200,747.585141
90.153734,500,749.53302
67.628391,1200,751.927693
53.731941,1700,756.331746
84.042959,400,757.131088
62.960042,1300,760.800723
87.594681,300,761.39578
55.883336,1800,766.208865
80.408495,400,766.993446
95.331936,200,767.388542
96.152709,300,767.994548
94.341584,200,768.374059
94.68204,200,768.783083
85.771606,300,770.455209
87.010554,200,770.883645
92.764785,200,771.325961
27.874549,2729,777.849509
88.299582,200,778.244748
53.825714,1500,782.235131
86.851645,200,782.635699
92.113039,400,783.443401
90.707502,200,783.849257
70.575076,1100,787.032572
94.31183,200,787.447815
89.187296,200,787.846628
53.109893,1800,792.469507
76.551781,400,793.279025
91.070179,200,793.669883
52.710413,1703,798.283364
61.181086,1300,801.845816
93.342177,200,802.227269
96.766971,200,802.623595
60.489513,1328,806.186736
99.27331,200,806.628601
90.488783,300,807.236565
-35.052785,5505,820.311386
94.933779,200,821.884089
91.594277,300,822.562562
82.586145,300,823.159344
85.993943,400,824.000221
69.387858,1040,827.03699
98.843873,200,827.483845
53.727398,1400,830.58568
88.375006,200,831.005774
90.209436,200,832.351758
89.276727,500,833.41535
72.577799,1058,835.5517
62.207239,1300,839.420838
61.583764,1200,842.775409
90.805587,200,843.166816
100.733768,200,843.591877
90.110237,200,844.038484
92.424913,400,844.832036
54.914659,1573,849.007345
93.032932,200,849.396424
85.996043,300,850.005177
94.393222,300,850.618698
87.433668,200,851.00259
66.544723,1300,854.635943
70.170728,1300,858.251504
90.915999,300,858.852059
92.297841,200,859.378241
90.143135,200,859.822037
56.532098,1500,863.833128
84.513745,400,864.624246
64.824898,1200,866.994035
88.337775,200,867.409468
63.159984,1467,871.366907
42.42945,1900,876.178654
51.975694,1600,880.382925
60.193536,1600,884.569323
83.370562,400,885.381959
79.329494,500,886.377404
89.848848,200,886.770976
96.839823,200,887.168854
64.811764,1200,890.552264
76.539674,600,891.747629
95.602896,200,892.148463
90.169359,200,892.528027
94.100117,200,892.946364
89.18576,300,894.635538
92.864042,200,895.059032
95.259871,200,895.495603
86.742135,300,896.118109
96.08733,200,896.508753
94.697652,200,896.903215
99.831937,200,897.307257
93.142046,300,897.880585
90.992708,300,899.819189
59.311633,1400,902.73917
92.987965,200,903.135521
93.348543,200,903.533554
58.21563,1700,907.966739
-55.793362,6801,925.685099
83.490947,500,926.696465
93.358981,300,927.293647
93.773286,200,927.685533
-18.325485,4787,939.224806
62.826517,1300,942.846498
87.396605,300,943.453048
91.552337,200,943.838919
67.455544,1100,946.922908
89.546026,200,947.32672
55.398037,1700,951.79016
87.651984,300,952.407502
97.717424,200,952.81759
94.096266,200,953.235037
8.016709,3244,961.646979
94.323225,200,962.064005
58.309841,1654,966.33091
63.30595,1408,969.151115
83.362521,300,969.729237
87.384667,200,971.073906
86.194633,400,971.918596
84.698733,500,972.960179
92.328731,200,973.367829
94.422481,300,973.973011
93.731904,200,974.382091
80.892325,400,975.223262
97.885247,200,976.606476
51.866045,1700,980.167513
63.580833,1300,983.767962
43.441248,2050,988.994277
93.922541,300,989.578874
55.434129,1356,993.375432
100.671051,300,993.979275
82.058637,500,994.983618
93.830753,200,995.391321
94.989028,200,995.837885
90.991689,300,997.35847
92.328334,200,997.778124
79.335394,400,998.582612
83.952569,200,998.977439
90.18023,200,999.380212
-401.781416,20000,1049.240741
95.517292,200,1049.623472
95.690408,300,1050.268118
87.174816,400,1051.067666
94.523844,200,1051.474586
91.923895,200,1051.916682
65.460589,1176,1055.42029
64.148852,1333,1058.960317
86.354925,300,1059.567121
72.122096,900,1061.354953
63.308539,1200,1064.794603
90.414729,300,1065.390067
57.333596,1400,1069.227268
74.097006,900,1071.051801
88.195173,500,1072.106175
67.969937,1100,1075.290167
66.602721,1400,1079.012112
101.194761,200,1079.40784
93.307781,200,1079.795967
82.277272,500,1080.811543
96.229645,200,1081.213337
86.985687,300,1081.819046
89.098252,300,1082.413208
90.973144,300,1083.988203
89.250081,200,1084.384502
62.330686,1200,1086.989303
50.921945,1700,1091.464044
96.87094,200,1091.863085
59.586489,1552,1096.015265
96.536285,200,1096.39337
99.144792,200,1096.812774
90.394597,200,1097.216311
58.898824,1384,1100.997926
55.722783,1400,1104.759621
55.349748,1337,1107.406604
77.571087,800,1109.930863
98.098484,200,1110.416788
70.902966,800,1112.038239
92.867077,300,1112.647485
93.658544,200,1113.042327
53.376837,1818,1117.752405
96.642397,200,1118.180798
62.539301,1200,1121.570244
96.303292,200,1121.994045
59.424836,1300,1125.609756
61.493759,1200,1127.970722
65.158789,1300,1131.593082
65.92413,1283,1135.153343
62.790905,1200,1137.530036
93.816692,200,1137.915461
76.947876,600,1140.057867
88.446681,500,1141.138854
94.119218,200,1141.53767
59.06254,1400,1145.286072
92.236332,200,1145.727506
92.46118,200,1146.143948
59.12082,1100,1148.334457
90.460011,200,1148.725954
64.696636,1200,1152.271465
85.588558,300,1152.849195
92.346873,300,1153.449972
63.421381,1100,1156.671126
90.059087,300,1157.271872
87.936524,200,1157.667625
68.827358,1100,1160.852674
54.010417,1560,1164.085968
65.617881,1200,1167.412728
79.739001,500,1168.393103
72.569944,900,1171.168866
57.077124,1551,1174.362088
56.645756,1400,1178.174333
84.305602,200,1178.568495
56.02376,1400,1182.531104
84.893818,300,1183.132108
92.669617,200,1183.529597
57.443698,1200,1186.888691
65.12244,1079,1189.116731
90.147253,200,1189.510951
46.719125,1652,1193.880253
63.511336,1400,1197.669263
71.096895,1200,1200.073006
70.55525,1000,1203.080838
89.844513,200,1203.50287
84.008491,400,1204.313745
95.016946,200,1204.708903
89.51145,300,1205.307294
95.229615,200,1205.711793
67.700283,1160,1208.951566
63.974826,1199,1212.300509
79.357174,300,1212.921593
57.924299,1500,1216.858695
61.838445,1200,1219.421761
84.820132,200,1219.828952
97.124682,300,1220.42624
91.266239,300,1221.008309
67.795719,1300,1224.580315
88.531759,300,1225.189814
68.15012,1100,1228.346499
82.184903,300,1228.942974
61.428611,1200,1232.332004
70.578325,1200,1234.757127
94.414931,200,1235.151831
94.007482,200,1235.561034
87.211224,200,1235.962389
73.069271,600,1238.147481
52.350802,1600,1241.390074
64.753631,1400,1245.134532
92.380135,300,1245.834355
86.907855,500,1247.876534
88.571079,200,1248.290659
64.241149,1172,1250.634588
84.522086,200,1251.035548
58.527369,1100,1254.250275
91.972908,300,1254.865771
54.193425,1700,1259.291936
90.304007,500,1260.305974
88.51692,300,1260.915949
67.854727,1100,1264.059526
80.950134,500,1265.06146
65.114444,1100,1268.176466
97.20622,200,1268.589487
93.449362,200,1269.031493
65.341742,936,1270.895169
91.242678,200,1271.301216
89.910922,200,1271.691865
53.912112,1600,1275.848332
72.56801,900,1278.647616
66.693454,1084,1280.894587
93.757704,200,1281.288364
66.640795,900,1284.122387
91.085725,200,1284.548913
93.520399,200,1284.955786
91.173574,300,1285.571362
57.122565,1500,1289.476061
62.009849,1151,1291.800064
93.930085,200,1292.197656
88.931572,300,1293.731422
57.318141,1731,1297.315449
77.736415,600,1299.444455
95.086592,200,1299.844393
66.994143,1200,1302.22364
95.735738,300,1303.811172
94.457211,300,1304.44517
95.821675,200,1304.87221
81.577709,500,1305.889924
62.716307,1300,1309.466284
80.543051,500,1310.653342
62.405874,1096,1312.877855
93.492937,300,1314.466442
65.347551,1400,1317.267383
79.461968,600,1319.41647
91.853498,200,1319.844408
48.824577,1800,1324.46455
88.817081,300,1325.059964
96.591473,200,1325.454371
68.25242,1259,1327.979021
94.759343,200,1328.363477
76.817804,900,1331.118627
79.888285,300,1331.734182
91.917938,200,1332.134018
90.472171,200,1332.515393
49.349136,1600,1336.75025
89.038979,300,1337.350302
96.609925,200,1337.760801
84.688052,300,1338.412004
68.866802,905,1341.152498
93.490039,200,1341.530828
62.646623,1200,1344.933861
68.480055,1300,1347.602239
84.546066,200,1347.998441
-402.496223,20000,1398.173199
89.962812,300,1398.768746
82.036288,300,1399.378131
51.698893,1900,1404.174091
91.833674,200,1404.564387
89.791491,300,1406.102398
92.509165,200,1406.535328
94.901306,200,1406.935179
85.725433,200,1407.33574
63.159214,1147,1409.641418
65.734394,1300,1413.20373
54.11737,1495,1417.216061
92.63875,200,1417.618571
92.22891,200,1418.01886
97.427661,200,1418.420362
87.880272,300,1419.015038
82.12938,500,1419.998625
96.364883,200,1421.314518
70.665505,800,1422.934831
95.532166,200,1423.33165
53.183088,1702,1427.683145
95.920186,200,1428.09131
91.191765,200,1428.481982
97.016775,200,1428.874244
63.522594,1100,1432.103039
65.240736,1100,1434.319265
50.991231,1800,1438.962776
67.383006,1300,1442.655696
63.036426,1191,1445.057057
90.438086,200,1445.455136
96.245748,300,1446.986243
63.033995,1056,1449.103169
97.967165,200,1449.486217
87.152501,300,1450.085185
66.846869,1096,1453.184753
89.858145,200,1453.580749
74.975271,800,1455.200626
67.79874,893,1458.05894
67.57118,1000,1460.105685
87.599568,200,1460.502348
90.830802,200,1460.891347
66.565937,1400,1464.59779
92.044481,400,1465.441121
59.928836,1400,1469.253043
83.703166,700,1470.661848
93.518018,200,1471.111992
63.319457,1500,1475.039554
89.959007,300,1475.649094
92.347021,200,1476.060396
89.309071,300,1477.601149
90.133557,200,1477.994805
97.46478,300,1478.586468
84.574676,200,1478.994085
56.952821,1600,1483.641403
83.766734,200,1484.084888
69.289812,1100,1486.346543
91.435446,200,1486.789032
95.467129,300,1488.507021
54.489534,1500,1491.664916
49.562359,1800,1496.517419
50.632175,1800,1501.284475
84.412214,300,1501.872722
76.5651,500,1502.886825
82.33078,500,1504.804247
60.550068,1400,1507.889743
96.856117,200,1508.293703
63.582721,1251,1511.809632
60.999392,1300,1515.367111
91.093731,200,1515.773332
87.151975,400,1516.563096
89.684162,200,1516.966885
93.431652,200,1517.365838
67.310498,885,1520.245997
96.127329,200,1520.657734
85.959718,200,1521.07184
71.999738,700,1522.462639
54.374917,1700,1526.912481
96.194098,200,1527.298518
60.389649,1500,1531.228246
64.709745,1300,1533.790237
91.888725,300,1535.366703
68.810746,1000,1537.441417
90.74039,200,1537.829448
79.425318,500,1538.84205
90.779607,200,1540.183275
85.988288,300,1540.768986
63.700353,1105,1542.989063
50.242624,1900,1547.958332
32.643562,2580,1554.300678
63.420882,1000,1557.40956
59.153252,1175,1560.730071
90.607558,300,1561.344962
90.446681,200,1561.738636
88.206008,200,1562.132707
86.926049,200,1562.52849
68.170653,900,1564.309223
87.40895,200,1564.706711
65.302941,1012,1567.77835
92.891115,200,1568.189201
86.860846,400,1569.016424
88.342229,200,1569.541611
93.028504,200,1569.992691
41.558252,2058,1575.26253
51.129705,1500,1579.525186
61.293661,1396,1583.332439
39.541003,2100,1588.582483
89.505594,200,1588.982874
95.844382,200,1589.378103
57.72685,1500,1593.306422
93.046139,200,1593.694119
82.666352,200,1594.099725
59.01486,1700,1598.520038
71.650738,1200,1600.987308
88.601421,200,1602.345099
94.13791,200,1602.790476
94.150339,200,1603.250296
92.824957,200,1603.68315
87.912917,300,1604.289998
56.001207,1600,1608.618813
86.979964,200,1609.084661
90.307667,300,1609.696404
100.587336,200,1610.117313
62.88521,1300,1613.857798
87.780241,200,1614.296599
81.698474,400,1615.134253
64.014117,1300,1618.870211
90.453911,200,1619.295917
53.466505,1500,1623.339062
39.461539,2300,1629.113631
45.746063,2150,1634.699281
67.763833,1200,1637.178548
53.764855,1600,1641.49767
92.783603,200,1641.919886
58.857204,1469,1645.907691
59.068383,1200,1648.331458
97.38989,200,1649.672501
85.571867,300,1650.320179
93.178462,200,1650.748755
82.871486,400,1651.575124
59.089275,1405,1655.42026
91.829138,200,1655.834729
96.227234,200,1656.238311
55.387263,1430,1660.050677
56.068575,1400,1662.959677
91.947137,300,1663.585103
65.498337,900,1666.374461
52.610951,1700,1670.851924
90.908615,200,1671.283107
84.672169,200,1671.715622
54.075733,1800,1676.483799
81.770684,700,1677.913919
89.811061,300,1678.531576
87.816021,200,1678.932055
57.224012,1600,1683.260753
76.481197,1100,1686.483015
94.162705,300,1687.110014
97.800397,200,1687.515833
87.941655,300,1688.123205
75.563263,400,1688.957754
87.912486,300,1689.559704
95.983578,200,1689.990908
66.949812,1200,1693.520942
52.804956,1600,1697.720001
47.740407,1608,1702.203567
66.190699,1100,1704.379363
54.774536,1600,1708.640746
89.781917,200,1709.042904
87.504728,400,1709.830837
89.459194,200,1710.275748
53.531206,1678,1714.515157
89.475559,200,1714.912008
95.091747,200,1715.314375
65.821422,1200,1718.818377
58.238925,1600,1723.01415
83.990601,600,1724.214107
86.828306,300,1724.808039
80.524207,400,1725.600773
91.49738,200,1725.996091
88.340381,200,1727.335728
90.033928,200,1727.836322
75.228876,600,1729.072457
94.972512,200,1729.46522
70.548042,1300,1733.021044
90.248923,200,1733.409189
89.855245,200,1733.796645
57.533671,1700,1738.234623
78.767799,1000,1740.287502
96.568441,200,1740.681632
91.078845,300,1741.271469
63.146316,1500,1745.288271
65.599912,1400,1749.117893
97.396006,200,1749.52306
77.584171,900,1751.333296
95.242632,200,1751.727729
84.906953,500,1753.694778
60.861912,1100,1755.938735
54.445563,1600,1760.1565
92.145232,200,1760.563634
93.030043,200,1760.958951
89.963248,300,1761.542829
90.682748,200,1761.936956
94.44397,200,1763.42167
53.29884,1400,1766.412617
93.951065,300,1767.085601
58.075542,1500,1771.448843
89.473364,300,1772.047245
96.73774,300,1772.640049
60.118865,1300,1776.466396
84.091312,500,1777.499971
88.626354,300,1778.120282
40.908725,1900,1783.001766
61.577514,1300,1786.614928
92.961124,300,1787.209083
64.142267,1243,1790.870458
60.5681,1200,1793.27038
66.261777,1200,1796.781278
57.4048,1650,1801.325206
91.866825,300,1802.035583
96.800664,200,1802.448834
53.934693,1400,1806.303591
62.466897,1200,1808.72518
72.741445,900,1811.510059
53.658952,1726,1815.861661
63.137617,1400,1818.86759
94.067997,200,1819.275565
63.817026,1000,1822.24919
92.556138,300,1822.875422
63.667142,1200,1826.291924
59.541136,1400,1829.317042
59.775196,1500,1833.367205
93.008002,200,1833.763815
66.417098,1000,1836.791239
45.80676,1900,1840.678345
96.953096,200,1842.039075
95.009927,300,1842.639495
82.078651,500,1843.640771
88.702467,200,1844.044296
86.131959,200,1844.439197
95.207706,200,1844.836148
90.075888,300,1845.421678
52.431039,1500,1849.588097
64.843583,1100,1852.81546
94.714561,200,1853.257648
84.113689,200,1853.661896
97.255778,200,1854.083428
68.389751,1300,1857.682718
58.999173,1324,1860.516562
91.921233,300,1861.132133
92.917181,300,1862.71985
65.298451,1600,1865.996812
82.029849,200,1866.463359
26.102169,2600,1873.663866
49.961731,1600,1876.859702
65.004982,1100,1880.174964
80.042065,600,1881.38991
86.011874,200,1881.791436
54.796789,1300,1885.368541
88.274427,300,1885.969829
88.622059,200,1886.39595
91.734423,300,1886.998691
88.162843,200,1888.375393
90.120004,200,1888.799673
65.120772,1200,1891.497339
89.189221,300,1892.16525
96.728309,200,1892.599242
57.013058,1462,1896.486608
65.281937,1400,1900.316054
92.18766,300,1900.933904
95.304993,200,1901.334321
94.921646,200,1901.746744
89.084452,200,1902.189486
88.006173,300,1902.796122
61.47989,1500,1906.864479
82.269571,300,1907.482669
96.137333,200,1907.884487
90.164575,200,1909.262895
65.233224,1300,1911.983668
69.918589,1099,1915.214137
97.767197,200,1915.656216
71.733107,1000,1917.786115
58.135123,1600,1922.13482
81.645071,400,1922.994934
95.695934,200,1923.41549
87.1848,200,1923.844124
62.972673,900,1926.592478
93.044868,200,1926.99001
62.199264,1100,1930.158527
69.938473,1000,1932.223391
90.598258,200,1932.656896
74.947672,600,1933.883999
82.178013,500,1935.922143
70.704637,1000,1938.046363
81.640554,300,1938.662009
80.626338,600,1940.986872
58.366993,1300,1943.637302
-409.265778,20000,1995.544181
41.987785,1800,2000.341716
83.450714,400,2001.142751
61.850866,1200,2004.533601
90.475668,200,2004.968298
64.279324,1300,2007.630792
65.876535,1100,2010.833718
61.297116,1447,2014.737118
60.700407,1693,2018.200508
63.106591,1000,2021.398059
89.414002,200,2021.802153
90.838679,200,2022.199817
59.120403,1374,2026.137396
89.550791,200,2026.527262
70.98298,600,2027.752199
88.527594,200,2028.145631
63.759835,1364,2031.905221
71.520068,1100,2034.228436
81.289221,300,2035.877623
81.353485,300,2036.570293
94.945117,200,2036.980984
93.867355,200,2037.405088
41.382033,2033,2042.475633
96.579669,200,2042.888365
84.598975,400,2043.716227
83.354931,400,2044.52804
97.954953,200,2046.01992
88.33326,300,2046.667654
88.75657,300,2047.273925
62.535251,1600,2051.498636
68.42534,1200,2053.984205
59.380093,1400,2057.880247
89.544593,200,2058.354299
90.478441,200,2058.761311
63.634592,1229,2062.254859
93.460984,300,2062.899188
86.200173,200,2063.303889
94.930838,200,2063.698205
85.6907,200,2064.119292
74.023907,600,2065.336002
93.260645,300,2066.884218
62.232276,1292,2069.602133
55.180251,1700,2074.116412
67.781205,1000,2077.166836
90.511649,200,2077.574097
92.367636,300,2078.186374
93.534607,200,2078.58568
60.927143,1300,2081.181198
90.698877,200,2082.504732
87.997483,200,2082.904572
89.072397,200,2083.317989
89.110564,300,2084.048584
91.541071,200,2084.487602
96.149212,200,2084.938406
61.371421,1600,2089.128054
86.415601,200,2089.53099
94.027449,200,2089.962132
71.768675,1000,2092.990243
83.118088,200,2093.425257
84.83091,200,2093.885417
92.181086,200,2094.337635
98.795027,200,2094.747127
60.383395,1500,2098.747584
89.914974,200,2099.14479
93.013793,200,2099.548421
69.96395,1100,2101.750061
59.898449,1302,2105.555011
96.857707,200,2105.978044
58.519244,1500,2109.981324
92.565313,200,2110.400659
57.046272,1400,2114.220506
60.218071,1200,2116.661563
67.409412,1100,2119.961475
92.864471,300,2120.572801
77.023512,700,2122.005313
75.337244,1100,2125.243819
68.99452,1000,2127.272648
70.753889,900,2130.042654
82.979984,404,2130.836114
90.507113,200,2131.248469
93.886102,300,2131.871693
58.635412,1400,2135.758787
92.354875,200,2136.157556
96.291998,200,2136.562796
63.349257,1200,2139.886137
90.058059,300,2140.484818
61.008623,1500,2144.438359
87.410729,200,2144.89851
90.042649,200,2145.309089
88.134788,200,2145.703567
59.003379,1500,2149.767851
64.629181,1000,2151.92168
91.517814,400,2152.804582
57.319606,1400,2156.623195
90.226205,200,2157.051254
92.213892,200,2157.464603
85.161659,300,2158.097609
57.702122,1600,2162.392069
82.50482,400,2163.181396
81.718878,500,2164.196654
89.924159,200,2165.598477
89.405495,400,2166.4215
77.229502,800,2168.065509
94.613772,200,2168.463496
65.734222,1000,2171.483754
61.519784,1300,2174.07771
74.921278,500,2176.05936
65.349465,942,2178.068841
69.792224,1000,2181.162744
91.243596,200,2181.626502
65.546799,1200,2184.148025
91.089555,300,2184.744678
91.414184,200,2186.111414
91.962416,400,2186.92013
59.814537,1200,2189.319561
77.150069,1100,2192.606881
95.130855,200,2193.029376
89.348642,200,2193.445046
58.851758,1275,2197.139258
64.084087,1100,2199.393605
88.375503,400,2200.210551
62.64836,1200,2203.721755
87.416861,200,2204.126151
87.88466,200,2204.525251
94.27429,200,2204.932531
84.388864,200,2205.326933
54.746578,1500,2209.434142
-342.230685,20000,2259.885567
82.168064,400,2260.712793
86.244175,200,2261.113205
62.795063,1200,2264.531939
95.034098,200,2264.957984
83.372622,500,2265.967876
96.111458,200,2266.370394
60.896048,1197,2269.796484
98.357285,200,2270.257245
75.398575,800,2271.932918
85.549114,200,2272.351101
62.985936,1203,2275.809997
80.023326,1000,2277.902697
84.852527,200,2279.282697
97.838603,200,2279.714851
59.709357,1510,2283.043835
81.468129,300,2284.561465
82.240851,600,2285.77281
77.165011,700,2287.206279
67.63497,1044,2290.255299
52.907802,1600,2293.530513
75.324761,600,2295.786008
82.106217,500,2296.820935
60.112715,1377,2300.591611
63.911955,1200,2303.176542
59.882984,1284,2306.660619
64.163425,1200,2309.117576
98.22212,200,2310.466502
60.228334,1300,2313.092569
100.775976,200,2313.489535
90.051078,200,2313.88619
56.279599,1500,2317.924504
80.020492,700,2319.331447
85.236936,200,2320.7135
97.247128,200,2321.136917
98.279871,200,2321.54282
69.812854,900,2323.344927
95.447875,200,2323.763436
63.796356,1300,2327.412032
85.810956,300,2328.021049
94.625168,200,2328.410523
91.099926,200,2328.825609
93.742398,200,2329.243259
87.506231,200,2329.685066
88.624391,600,2331.962173
95.263406,200,2332.373835
56.816,1500,2336.460913
64.988861,1267,2339.127587
81.813207,400,2339.968132
58.317833,1293,2343.465225
96.486277,300,2344.100577
78.691243,1000,2347.271617
79.750511,500,2348.267979
70.446024,1095,2350.470037
83.294039,200,2351.8017
89.49778,400,2352.599591
86.017965,400,2353.406898
52.468331,1500,2357.511348
63.685964,1500,2360.660018
92.835824,200,2361.07723
88.619887,300,2362.630976
91.272677,300,2363.242642
49.242079,1749,2367.764032
91.430655,200,2368.213141
99.079365,200,2368.619955
91.7505,200,2369.05777
91.61936,200,2369.523604
92.869168,200,2369.934023
75.112135,1100,2373.113709
95.512345,300,2373.706678
83.134094,400,2374.500879
89.099744,300,2375.108322
96.512126,200,2375.508898
91.028449,200,2375.905727
84.442585,400,2377.68114
65.901563,1200,2380.156703
86.530247,300,2380.742298
88.806876,300,2381.338393
89.66642,300,2382.926363
65.180403,1300,2385.515952
75.3391,1000,2388.503193
92.848103,200,2388.937633
90.90985,200,2389.359807
86.658277,300,2389.994754
96.261659,200,2390.409306
88.497276,300,2391.025298
97.708687,300,2391.63612
63.30006,1300,2395.24645
88.466239,300,2395.840042
92.485082,200,2396.253028
102.193747,300,2396.850305
84.522299,200,2398.272344
90.395801,200,2398.680862
64.021385,1100,2400.909574
71.309985,1200,2404.275901
56.314786,1400,2407.052324
85.45946,400,2409.043649
67.049211,1400,2411.943429
91.353291,200,2412.343709
65.819834,1093,2415.483304
74.853401,500,2416.470648
89.694905,200,2416.864129
78.802082,400,2417.641407
90.707715,200,2419.133867
95.202208,200,2419.6056
54.85985,1403,2422.427947
84.437614,300,2423.98973
59.14929,1500,2426.961495
88.376913,200,2427.3584
57.382869,1700,2431.954495
90.241651,200,2432.367354
96.145319,200,2432.782924
53.878983,1700,2437.231109
58.422878,1300,2440.80072
50.751947,1702,2445.225859
96.578264,200,2445.650201
57.672784,1600,2449.890973
83.915497,500,2450.976091
96.08526,200,2451.38341
86.414329,200,2451.791953
72.658075,800,2453.398686
86.978652,200,2453.799252
89.986428,200,2455.130774
84.642298,200,2455.538579
97.118543,200,2455.936146
88.272124,200,2456.331566
90.84231,200,2456.742767
97.390323,400,2457.548208
88.386247,200,2457.957782
56.479462,1400,2461.818205
93.567378,200,2462.234319
89.627288,300,2462.837424
88.353167,300,2463.428162
61.087308,1200,2466.770299
95.69106,200,2467.16959
90.588515,200,2467.575283
50.980988,1701,2472.005041
82.600047,700,2473.555834
83.164958,200,2474.001258
90.178786,200,2474.436101
76.87367,900,2477.234288
93.241223,200,2477.629158
89.498723,200,2478.071442
93.418906,300,2478.703715
70.569209,1000,2481.713834
57.814607,1242,2484.294011
94.524926,300,2484.891822
50.942559,1600,2489.126069
82.345556,200,2489.521178
65.493395,1170,2492.919007
57.276411,1400,2496.683623
88.443976,200,2497.086541
88.437569,200,2497.480559
77.419272,805,2499.106624
70.054404,1200,2502.541556
64.117947,1200,2504.991563
70.882265,1100,2508.113701
79.277213,400,2508.915005
77.133141,600,2510.134577
91.772634,200,2511.517047
89.094637,200,2511.943145
92.713226,200,2512.344441
84.269253,300,2512.934459
59.899462,1528,2517.106187
90.554056,200,2517.512138
93.967861,200,2517.950312
93.441757,200,2518.357002
60.600676,1400,2522.197967
76.310649,500,2523.199041
83.095999,600,2524.442739
90.675308,300,2525.073034
88.556081,200,2525.465409
68.673863,1300,2529.078663
66.851306,1000,2531.153001
59.688279,1400,2535.016181
97.254207,200,2535.41256
91.53633,200,2535.79487
94.991421,200,2536.213236
93.453889,200,2537.673181
95.937902,200,2538.178174
87.716607,300,2538.853717
93.20621,200,2539.284034
64.110548,1144,2541.581899
85.068435,200,2542.93569
87.791604,300,2543.531589
92.138515,200,2543.929675
87.212003,200,2544.329544
86.380249,200,2544.733359
94.002122,200,2545.133242
96.502785,200,2545.524182
62.566168,1400,2549.241774
47.59972,1500,2553.270929
73.90983,1100,2555.511911
70.377569,900,2558.247608
63.358028,1300,2560.861961
91.942119,200,2561.259022
65.345567,1200,2564.697423
87.350604,300,2565.31827
90.696372,200,2565.709109
91.212806,200,2566.114017
53.219872,1764,2570.641649
62.676652,1300,2574.245029
74.132526,800,2575.871892
98.298112,200,2576.273842
62.521235,1311,2579.875079
91.60631,200,2580.302758
64.195181,1349,2584.040615
86.690404,400,2584.91673
-343.621952,20000,2635.253816
58.003204,1500,2638.259271
86.499357,200,2638.687687
61.390125,1358,2642.486627
60.614991,1300,2646.057537
61.932268,1437,2648.895481
95.580159,200,2650.283746
68.717177,1100,2652.487039
62.878178,1300,2656.060901
89.091719,200,2656.498509
93.35859,200,2656.922966
60.880904,1248,2659.5311
67.779394,1197,2662.959025
96.140342,200,2663.348332
58.964279,1500,2667.547845
78.386017,600,2668.809424
100.454787,200,2669.231616
66.545501,1400,2673.216353
87.832863,300,2673.811122
90.092858,200,2674.210931
68.881761,600,2676.405148
58.479193,1500,2679.593111
78.760738,600,2681.769032
70.443876,1000,2683.867729
54.621894,1573,2688.084117
81.918607,400,2688.889735
85.930708,200,2689.281609
87.87505,400,2690.083268
58.430359,1376,2693.894539
85.929514,300,2694.491187
67.436318,1061,2697.578472
94.519407,200,2697.986277
94.952112,200,2698.377483
73.847148,1200,2700.797087
58.202305,1500,2705.156797
87.510579,200,2705.563271
85.726159,300,2706.176517
81.045434,500,2708.121494
90.440643,300,2708.7916
90.285304,200,2709.198592
84.192426,200,2709.587046
82.071933,400,2710.393746
89.041935,200,2710.789397
64.342455,1200,2714.151092
83.340024,700,2715.516309
80.836795,500,2716.538174
62.68555,1300,2720.295213
101.530992,200,2720.689264
71.314419,1000,2723.625778
63.826546,1000,2725.629416
93.829862,200,2726.027574
65.858361,1000,2729.002293
59.264489,1500,2732.332567
54.756481,1500,2736.32242
93.371967,200,2736.738588
90.64267,200,2737.148663
89.196044,200,2737.550076
92.145943,200,2738.886094
93.676886,300,2739.548607
93.432316,200,2739.968351
75.369214,600,2741.18944
87.334609,200,2741.588385
66.713991,1200,2744.995424
72.560846,800,2746.611125
94.138729,200,2747.004846
57.682907,1400,2750.828464
92.910673,200,2751.232895
65.544256,980,2754.149362
85.024934,300,2754.748818
57.160065,1400,2757.545879
65.506971,1200,2760.994821
69.002503,1100,2764.18256
92.094146,200,2764.602852
61.032079,1400,2767.50783
56.518134,1358,2771.124242
82.611905,300,2771.757131
70.684807,1000,2774.762652
90.6731,200,2775.174318
91.473733,200,2775.57228
65.033187,1300,2778.323866
64.383219,1100,2781.486866
71.009238,1000,2783.500013
57.938858,1400,2787.540105
57.715677,1500,2791.553381
91.635315,200,2791.959828
77.890702,600,2793.261957
96.610479,200,2793.686698
57.004279,1537,2797.943211
61.052553,1400,2801.694245
91.460623,200,2802.090661
50.349765,1600,2806.252176
91.90357,200,2806.645078
85.012877,300,2807.254975
65.484786,1000,2809.295804
81.814698,400,2811.108237
83.63358,300,2811.772491
93.068847,200,2812.186208
66.31628,1300,2814.803235
78.63616,700,2817.160834
98.429085,200,2817.545155
51.696058,1600,2821.757052
69.365817,1300,2824.449364
101.224578,200,2824.839564
66.056553,1100,2827.996568
95.144509,300,2828.595584
70.390916,1000,2831.660753
92.391385,300,2832.321445
58.677842,1400,2835.136891
78.915533,400,2836.894031
94.985689,200,2837.306722
87.491231,200,2837.70495
92.539642,300,2838.36614
64.851557,1200,2841.734508
63.048264,1100,2843.951715
93.549431,200,2844.331288
91.972866,300,2844.944789
54.804142,1500,2849.039418
90.261298,400,2849.828225
89.435508,200,2850.269752
59.478193,1284,2853.828476
89.174995,200,2854.216037
60.679378,1200,2857.574076
98.239599,200,2857.980877
88.482223,200,2858.379665
59.586533,1400,2862.357543
75.927065,600,2863.608232
95.541171,200,2864.011175
81.132056,500,2865.008682
83.605587,200,2865.404305
93.934152,200,2865.799456
71.149218,1100,2868.977217
85.529293,400,2869.786832
97.190596,200,2870.182839
69.129618,900,2873.041184
86.098655,300,2873.704547
76.335066,800,2875.337376
85.704802,400,2876.133031
102.60074,200,2876.526467
85.450357,200,2877.872977
85.688399,200,2878.276084
94.348967,200,2878.672048
96.072321,200,2879.082066
87.206751,200,2879.489549
91.142898,200,2879.883939
60.414432,1500,2883.951235
60.163679,1158,2886.30677
65.841743,1300,2889.855823
90.665403,200,2890.249234
93.153416,400,2891.146371
80.445271,300,2891.799061
53.738355,1481,2895.71975
83.028548,400,2896.504802
93.670733,200,2896.89852
49.700636,1585,2901.107933
94.304579,300,2901.701093
62.040221,1300,2905.362038
60.494809,1400,2909.148069
81.710747,300,2909.73182
50.600784,1602,2914.034646
87.17869,200,2914.465974
90.028963,200,2914.881841
91.33379,200,2915.27837
91.156682,300,2915.884415
70.470655,1200,2919.278708
70.106261,1300,2921.969501
87.711974,200,2922.363768
88.781935,300,2924.032655
65.800245,1163,2926.471439
87.925671,200,2926.883355
87.939227,200,2927.291081
71.26771,1100,2930.532023
60.558958,1400,2933.394266
56.802774,1400,2937.159218
70.36447,1200,2940.709891
95.0792,200,2941.223734
91.565259,200,2941.66133
74.575078,600,2942.869298
78.428554,600,2945.806344
91.011008,200,2946.221899
58.49707,1385,2949.301871
64.61026,1200,2953.30172
97.05476,200,2953.786385
69.230042,1100,2957.676852
90.833692,200,2958.230993
80.438725,600,2959.728129
71.631442,1100,2962.573622
92.557542,200,2964.267934
63.989837,1300,2967.450485
95.740528,200,2967.923672
90.952366,200,2968.417354
88.566431,600,2971.111398
63.931192,1200,2973.971989
94.361096,200,2974.466941
93.436128,200,2975.002964
54.771139,1500,2979.9791
102.539701,200,2980.484781
90.643165,200,2980.980061
94.015188,200,2981.469862
88.241669,200,2983.21249
61.923588,1200,2986.166658
58.960241,1400,2990.990894
86.341519,200,2991.504807
92.629433,200,2992.007221
97.272872,200,2992.543386
66.811347,1200,2996.726191
82.756744,600,2998.241674
60.762124,1400,3002.860094
91.791805,300,3003.634454
84.143374,300,3004.381988
95.93921,300,3005.169086
86.795435,300,3005.890863
55.406428,1525,3010.889282
94.144109,200,3011.301604
91.823642,200,3011.731677
76.707486,1000,3014.826153
55.551017,1500,3018.142791
55.330133,1446,3022.359674
91.030382,200,3022.840407
88.127162,300,3023.558299
94.464781,200,3025.213166
92.098294,200,3025.722509
60.626898,1300,3028.971698
86.283398,200,3029.463439
65.382287,1200,3033.838507
92.119035,200,3034.325864
90.029864,200,3034.823503
75.918953,1100,3039.399355
63.462792,1200,3042.978032
61.123861,1263,3047.948647
90.546222,200,3048.547764
89.535235,200,3049.278762
58.922434,1386,3054.537722
66.697729,900,3056.736964
56.104846,1500,3060.952774
64.782178,1300,3064.559746
63.407093,1300,3067.219605
97.197637,200,3067.614
67.457955,1100,3070.984276
87.973242,200,3071.389672
74.143999,900,3073.212874
81.829194,300,3073.805066
93.399209,200,3075.144043
58.400635,1400,3077.987871
63.05605,1400,3081.950378
92.492246,400,3082.744455
89.055317,200,3083.158859
91.523748,300,3083.750289
59.688954,1300,3087.498199
63.189613,1400,3091.448722
90.895338,200,3091.850937
91.764754,200,3092.261201
94.817548,200,3092.662504
59.756308,1300,3096.311282
64.435076,1069,3098.474771
98.646122,200,3098.870159
65.899411,1200,3102.326925
60.315268,1500,3106.329863
89.503437,200,3106.726142
90.723999,200,3107.129832
61.747787,1500,3111.056719
91.744002,200,3111.485675
92.714873,200,3111.943261
69.15731,1100,3114.180764
96.243577,200,3114.569968
91.504519,200,3114.99174
85.001093,200,3116.340004
60.701612,1217,3118.968587
63.426011,1200,3122.378948
61.40326,1500,3125.484327
60.237675,1400,3129.240688
93.179719,200,3129.656995
59.172978,1400,3133.475647
94.404089,200,3133.874841
64.173003,1200,3137.291128
88.147138,300,3137.882321
69.902798,1200,3140.406093
58.637951,1302,3143.990484
93.078738,200,3144.393739
69.275808,1060,3147.582541
90.422794,200,3147.977577
65.346154,1000,3149.96728
61.78025,1300,3153.563645
60.24286,1479,3157.651241
90.630242,200,3158.062387
90.377616,200,3158.452234
93.300168,200,3158.854334
99.449422,200,3159.264025
73.969882,518,3160.334824
95.844902,200,3160.729083
89.383063,200,3161.136655
81.115953,500,3163.141857
76.666708,600,3164.324176
68.949231,891,3166.094618
63.483831,1188,3169.599778
76.829292,500,3170.673567
77.233286,900,3173.443701
95.877677,200,3173.878529
70.983218,1000,3175.91483
77.519818,700,3178.302716
96.392983,200,3178.707186
99.686695,200,3179.114966
92.217004,200,3179.530409
90.339528,200,3179.95228
58.68518,1318,3183.603986
90.981543,200,3184.046565
56.034001,1447,3187.126401
73.171205,900,3189.89695
80.74119,400,3190.722147
90.818316,200,3191.119708
67.20362,1100,3194.292072
73.059347,800,3195.954349
62.136033,1100,3199.211865
95.207198,200,3199.6397
59.954576,1213,3202.219285
99.113844,200,3202.613225
55.122841,1483,3206.661891
86.027737,500,3207.670853
56.462337,1650,3212.111972
90.623013,200,3212.51242
96.053748,200,3212.911186
65.644019,1100,3216.409814
91.275221,300,3217.010659
63.423331,1200,3220.391973
88.402269,200,3220.798289
89.12975,300,3221.408325
82.51977,300,3222.011964
55.251048,1500,3226.134821
87.225596,200,3226.545238
68.84532,1300,3229.223067
62.919957,1100,3232.38408
52.014853,1600,3236.590033
92.150455,300,3237.189701
66.841069,1000,3239.192106
61.938877,1217,3242.706458
60.324034,1300,3246.423448
96.616085,200,3246.860643
94.129334,300,3247.475289
89.410149,400,3248.307188
68.268978,1247,3251.951948
87.285716,200,3252.368544
68.61505,1008,3254.357893
56.854199,1470,3258.315563
88.310143,200,3258.721093
94.206887,200,3259.143318
75.777821,400,3259.932587
94.009344,200,3260.327137
52.006339,1637,3264.564444
84.530073,500,3266.503858
53.609796,1500,3269.614198
64.010329,1200,3273.042862
78.224876,700,3274.452644
95.24914,200,3274.869848
97.93488,200,3275.288315
57.643568,1581,3279.488615
87.62629,200,3279.897002
63.296881,1164,3283.188184
69.783121,1300,3285.795074
61.139731,1300,3289.459147
96.051345,200,3289.862843
57.663003,1393,3293.609428
90.635523,300,3294.212169
96.980678,300,3294.811946
58.772253,1400,3298.563947
85.870998,200,3298.963345
60.629916,1392,3302.697372
62.683413,1400,3305.49789
95.135818,300,3306.105706
81.58828,500,3308.110706
72.901656,900,3309.952233
58.798925,1373,3313.704362
71.760152,1100,3315.905491
85.788768,200,3316.331112
68.982029,1100,3319.914135
95.152892,200,3320.315478
96.990734,200,3320.714754
86.019663,200,3321.130856
58.971379,1300,3324.688323
68.844779,1200,3327.240143
91.829145,200,3328.80095
90.384289,200,3329.233516
88.470835,200,3329.632165
98.677908,200,3330.026095
91.88104,200,3330.429234
58.056999,1497,3334.571508
90.835867,200,3334.996408
76.456863,400,3335.821543
88.911586,200,3336.221858
65.296694,1100,3339.393916
56.90271,1413,3342.216445
68.422437,1100,3345.441947
94.625724,200,3345.841504
97.3667,200,3346.238486
71.284343,1100,3349.430808
89.372692,300,3350.033064
69.27508,1200,3352.42754
98.261316,200,3352.830713
63.567407,1500,3356.761361
87.071645,300,3357.349814
62.580705,1165,3360.751467
93.649708,200,3361.165066
66.730438,1200,3364.52933
75.803488,700,3365.952241
63.242328,1400,3369.728506
94.481777,200,3370.166394
65.108174,1200,3372.738
75.862328,400,3373.543184
90.834185,200,3374.899093
56.902357,1435,3377.784808
87.511,300,3378.455566
90.863687,200,3378.849576
90.627644,200,3380.285897
67.052061,1231,3382.799527
96.12309,200,3383.182176
96.97492,200,3383.588011
80.317435,600,3385.741367
86.35432,300,3386.340233
79.385552,500,3387.321609
66.142244,1200,3390.712322
93.446887,200,3391.153644
68.371728,1100,3393.393747
63.659047,1180,3396.744345
83.550033,300,3397.343841
68.164341,1200,3400.683311
88.984617,300,3401.357592
51.595381,1491,3404.379506
96.322273,200,3405.823036
97.058031,200,3406.223109
67.947963,1200,3408.64357
85.287204,300,3409.252512
60.928875,1234,3412.799951
65.267363,1200,3416.117583
58.320382,1402,3418.897427
91.732775,200,3419.291053
93.79509,200,3419.68749
84.151348,300,3421.315031
95.595668,200,3421.759509
71.614516,900,3423.609208
93.380467,300,3424.208826
89.771878,200,3424.595279
69.756039,1100,3427.752295
93.074691,400,3428.55798
94.262297,200,3428.961725
75.940046,1125,3432.248167
98.281446,200,3432.66017
85.239584,300,3433.288285
80.710285,700,3434.790575
98.28839,200,3435.225214
58.125001,1400,3439.244547
87.279157,200,3439.638613
94.319949,200,3440.038347
62.097682,1426,3443.957704
65.187082,1100,3447.109586
94.652508,200,3447.506432
95.834922,200,3447.908014
77.381751,600,3449.099284
61.954594,1300,3452.632278
57.210671,1372,3455.439697
94.896287,200,3455.839061
58.617652,1400,3459.677963
58.80435,1382,3463.430599
68.162341,1100,3465.633612
63.955627,1300,3469.245189
98.860118,200,3469.650085
91.683126,200,3470.055439
73.166541,800,3472.635643
65.072767,1400,3475.423534
64.397578,1400,3479.269169
57.827565,1458,3483.155618
60.594123,1127,3485.391149
83.592501,500,3486.388672
63.754111,1100,3489.660556
89.783198,200,3490.060609
69.725809,1279,3493.644997
88.065964,400,3494.491791
67.623757,1000,3496.481547
93.058873,200,3496.886497
97.194066,200,3498.292616
86.947869,400,3499.178399
84.039487,200,3499.64474
90.363732,400,3500.503716
90.199792,300,3501.149713
94.547265,200,3501.620568
96.2236,200,3502.024758
93.048984,200,3503.407307
90.557775,400,3504.206217
90.904965,200,3504.613627
98.335784,200,3505.016948
86.652441,300,3505.599823
93.220745,200,3505.993307
96.265329,300,3506.584536
58.321389,1400,3510.403395
95.797133,200,3510.80935
89.697364,200,3511.217288
62.647032,1200,3514.630963
94.474794,200,3515.052379
90.277062,200,3515.446166
92.420599,200,3515.850201
89.138357,300,3516.461444
56.08846,1360,3520.160341
90.94689,200,3520.544493
61.079258,1175,3523.904114
65.678666,1000,3525.987549
72.754845,1300,3529.524951
80.242456,500,3530.538537
60.853118,1381,3534.243467
80.442729,500,3535.257904
93.701265,200,3535.691593
93.292321,200,3536.100149
98.278771,200,3536.490549
57.625357,1440,3540.314829
62.027295,1078,3542.48274
70.97983,1022,3545.562564
81.780138,500,3546.564658
93.766859,200,3546.962414
88.84822,200,3547.380682
68.507515,1000,3550.403658
82.462497,300,3551.028354
96.568315,300,3551.658991
90.169218,200,3552.06467
67.375843,1000,3555.017519
75.467333,800,3556.624948
86.650883,400,3557.421032
95.968178,200,3557.804544
90.454003,200,3558.239832
83.55886,500,3560.267148
59.092908,1252,3562.854132
93.753771,200,3563.253096
89.204405,400,3565.152701
94.794433,200,3565.575788
59.100469,1300,3568.260262
87.698481,300,3568.850336
81.787234,400,3570.59077
84.940371,200,3570.982531
65.557826,1200,3573.40478
74.338438,1100,3576.647223
96.096457,200,3577.050762
75.390439,700,3578.502104
64.724104,1363,3582.165899
94.386709,200,3582.558072
69.829338,1000,3585.546542
64.049503,1106,3587.828062
89.997519,200,3588.257157
86.543104,400,3589.108041
87.998504,400,3590.930997
87.190404,300,3591.556001
65.752792,1200,3594.075049
88.766689,400,3595.846201
85.101843,300,3596.459218
82.308895,200,3596.859927
67.169997,1100,3599.056803
90.439639,300,3599.656139
68.311415,900,3602.499949
58.412101,1300,3606.484266
96.42831,400,3607.311763
81.918264,500,3608.320282
65.757444,1200,3611.65339
89.606894,500,3612.751465
87.05955,300,3613.363593
91.726754,200,3613.752309
86.614089,200,3614.162957
62.239753,1397,3617.905897
92.29592,200,3618.361489
58.627159,1200,3621.737381
96.826345,200,3622.164787
89.956579,200,3622.578953
89.115009,200,3622.972278
75.32933,1000,3624.968541
95.768982,200,3625.349421
55.264541,1227,3628.726983
64.71449,1100,3632.076815
86.540499,300,3632.708194
89.690082,200,3633.120981
94.708218,200,3633.516631
79.088056,400,3634.298961
96.91587,200,3634.722184
89.360553,300,3635.316953
94.17198,200,3635.70741
72.677073,1100,3638.861899
88.960231,300,3639.454887
90.844223,200,3639.854095
72.83503,700,3642.206674
86.16738,300,3642.902458
87.438348,300,3643.530656
85.856628,400,3644.337026
81.405945,200,3644.748764
80.479495,900,3647.545153
91.347744,300,3648.159003
68.991328,1100,3650.337189
71.908369,1087,3653.588611
68.726223,1200,3656.021386
66.902919,1300,3659.592675
88.560317,200,3659.993659
65.106789,1200,3663.340452
63.562218,853,3665.05932
61.692418,1347,3668.755127
94.020386,300,3669.385098
91.639531,200,3669.784216
66.86953,1200,3673.263676
78.828131,600,3674.568322
83.533988,300,3675.187756
87.57539,200,3675.587111
90.982642,200,3675.999797
93.980271,200,3676.397981
91.218133,200,3676.787452
67.371439,1000,3679.870031
94.574179,200,3680.27463
94.440566,200,3680.665955
94.154646,300,3681.280666
85.308941,200,3681.681017
91.20606,200,3682.076324
75.447341,600,3684.35011
92.626161,200,3684.745523
71.15433,600,3685.979795
87.724998,200,3686.379065
66.776676,1400,3690.123608
89.954436,200,3690.518917
63.079431,1161,3693.789079
95.809532,300,3694.453278
63.93071,1462,3697.588849
88.69227,200,3698.952677
86.001723,500,3699.965294
64.785148,1400,3702.747884
85.935556,400,3704.578726
61.970079,1300,3707.242269
61.05183,1200,3710.628214
53.949604,1400,3714.413433
90.913553,300,3715.096066
63.646083,1000,3717.135054
63.675291,1100,3720.326346
75.349435,600,3721.592853
79.416422,500,3722.670613
78.059316,700,3725.02789
94.265574,200,3725.491238
86.506921,300,3726.117451
52.737327,1300,3728.755311
65.37662,1099,3731.861776
71.332319,986,3733.853083
81.843148,300,3735.393992
91.553317,200,3735.785202
86.166907,300,3736.379277
60.706157,1256,3738.969466
68.701092,1200,3742.378779
87.796524,200,3742.782321
95.286661,200,3743.203811
96.171094,200,3743.587521
95.327062,300,3745.213859
59.830629,1346,3747.905124
94.435255,200,3748.304506
91.280573,200,3748.721154
96.336872,200,3749.115945
92.486632,200,3750.447508
84.362056,200,3750.894461
89.20419,200,3751.320664
92.984639,200,3751.730247
68.190446,1300,3754.369079
93.4355,200,3755.727042
88.545637,200,3756.130788
91.302099,200,3756.529753
59.344794,1319,3759.262717
67.817188,1200,3762.744595
92.949118,200,3763.142419
87.6102,300,3763.742568
88.917757,200,3764.17229
87.082601,400,3765.973349
82.061486,400,3766.815339
82.67949,200,3767.228257
59.823613,1341,3770.883938
94.900426,200,3771.330792
68.935125,1100,3773.561845
91.1064,200,3773.972229
82.953252,300,3774.595865
89.959398,300,3776.173702
81.870699,291,3776.811473
71.664875,687,3778.219728
90.840996,200,3778.615726
83.685049,400,3779.401897
64.401789,1193,3782.849701
60.062374,1392,3786.691391
57.732165,1400,3789.584863
58.288449,1264,3793.141938
70.79444,1300,3795.735144
61.598911,1200,3799.20368
68.125785,1200,3802.630302
74.578091,700,3804.052393
59.37503,1375,3807.789398
63.579337,1200,3810.22854
94.286712,200,3810.622233
60.434869,1400,3814.470497
94.521924,200,3814.899898
62.133441,1300,3818.467609
64.673436,925,3820.335819
93.328037,200,3820.740219
90.004134,200,3821.141267
71.079811,1100,3824.395587
57.405883,1400,3828.291147
72.429677,1000,3830.308044
57.994653,1423,3834.148301
53.297736,1426,3838.0119
90.161747,200,3838.425939
83.558168,400,3839.217821
64.092443,1300,3841.836582
58.26913,1400,3845.628939
94.182194,200,3846.034761
57.299284,1400,3849.80842
57.514524,1297,3853.326951
86.050771,200,3853.726113
65.132215,1300,3856.334461
83.97782,200,3856.738524
84.757404,300,3858.313556
89.504418,300,3858.973461
93.718952,400,3859.758035
90.744622,200,3860.168663
62.287871,1300,3863.721001
81.235716,300,3864.388041
85.607024,200,3864.804922
67.631548,1300,3867.478547
91.66586,200,3868.804478
58.894269,1400,3871.681254
83.354211,300,3872.274735
91.278338,300,3873.82162
60.698682,1368,3876.585408
95.8656,200,3876.990508
80.575111,500,3878.934077
94.58556,200,3879.373539
74.310968,800,3880.967571
92.386682,400,3881.755766
58.366648,1500,3885.929839
58.626373,1500,3890.090394
87.012656,300,3890.729922
90.851721,300,3891.37798
92.264817,200,3891.779589
92.35376,200,3892.178098
90.437911,200,3892.635633
53.569946,1500,3896.61365
95.085368,200,3897.030034
64.015856,1400,3901.01036
61.289666,1300,3903.635456
76.882264,800,3906.20397
94.983667,200,3906.596724
76.963381,700,3908.006049
92.492831,200,3908.40955
63.655878,1301,3911.968843
62.022421,1000,3914.967585
78.986557,400,3915.812112
101.503702,200,3916.216104
89.376296,200,3916.60216
52.774084,1600,3920.895258
81.77373,400,3921.69793
93.771475,200,3922.097534
86.044845,500,3923.091954
87.667107,400,3923.87939
64.968945,1200,3927.370836
63.358007,1200,3930.748223
92.209099,200,3931.179698
97.345631,200,3931.631337
87.963144,300,3932.245119
96.442337,200,3932.638398
88.661892,200,3933.050578
80.239407,300,3933.633739
60.137072,1300,3937.31169
92.900344,200,3937.704869
88.631071,200,3938.105532
96.177495,200,3938.505801
91.035963,300,3939.110219
59.89415,1500,3943.186613
71.826936,900,3946.025456
64.787122,1300,3948.661191
93.627415,200,3949.078185
51.166636,1663,3953.359971
58.219465,1379,3957.281301
93.158407,200,3957.707144
65.106114,1300,3960.305097
61.656079,1300,3963.966946
60.39727,1571,3968.078521
55.000835,1600,3972.271216
60.776765,1000,3974.340322
92.623315,200,3974.743098
91.369654,200,3975.149151
93.665254,200,3975.545491
64.221103,1200,3979.020423
64.842416,1472,3982.935734
93.436053,200,3983.396623
87.38055,200,3983.801571
72.783845,1000,3985.815015
59.752895,1700,3990.254883
92.403728,200,3990.645627
81.071033,300,3991.244921
58.098308,1500,3995.294022
90.914667,200,3995.688569
58.91081,1300,3999.377963
90.238841,300,4000.009977
64.510433,1400,4003.770766
94.003138,200,4004.17223
84.512868,400,4004.983084
97.012721,200,4005.371775
54.153308,1500,4009.410798
93.270293,200,4009.833663
90.630962,300,4010.44984
80.169722,500,4011.469793
81.058089,600,4013.584678
50.092461,1891,4018.665136
70.625338,1200,4021.1301
93.747539,300,4021.719135
86.693041,200,4022.119939
91.174599,300,4023.662743
91.04204,300,4024.317114
59.719813,1400,4027.181099
60.672106,1200,4030.558845
85.788103,300,4031.173575
93.396628,200,4031.582953
88.018454,300,4032.174583
89.570758,200,4032.571424
94.252653,200,4033.930066
71.438756,1200,4036.374224
95.106312,200,4036.789189
102.392848,200,4037.189629
51.843146,1600,4041.497781
95.418529,200,4041.914158
94.47907,200,4042.311736
77.927444,600,4044.460923
92.142671,200,4044.848858
84.596216,300,4045.447076
94.594368,300,4046.052424
61.875819,1400,4050.017293
65.400886,1300,4052.641797
90.243969,200,4053.04079
88.247542,300,4054.602101
70.570786,1000,4056.612017
91.133324,200,4057.026866
67.845878,1255,4060.59019
98.928942,200,4060.992221
97.061731,300,4061.577751
62.858915,1400,4065.374326
70.628589,1000,4067.353741
77.15618,600,4068.599395
62.847652,1300,4072.261181
64.108974,1200,4075.649645
96.471539,200,4076.084126
56.000635,1600,4080.285432
72.137068,1300,4082.901222
80.290531,500,4084.044007
92.192631,200,4085.444018
85.718567,200,4085.839325
63.118578,1300,4088.448103
90.642705,200,4088.8545
62.804475,1000,4091.978834
56.321641,1580,4096.123922
57.13722,1474,4099.235394
61.981202,1200,4102.651597
54.269313,1529,4106.664013
78.804729,1100,4108.892188
63.596917,1000,4112.034869
65.67074,1300,4114.632301
57.141431,1469,4118.517921
89.818754,200,4118.931713
82.784712,400,4119.716487
86.064967,300,4121.296898
85.258171,300,4121.990486
92.094366,200,4122.386931
88.612604,200,4122.780631
92.936986,200,4123.223975
98.255926,200,4123.63642
65.011529,1300,4127.275164
91.129958,200,4127.682623
67.609974,1100,4129.932474
70.488808,900,4132.682889
67.265456,1100,4134.874706
96.62042,200,4135.303181
94.143373,200,4136.646967
88.287071,300,4137.322384
57.039114,1605,4140.619881
63.106817,1400,4144.366563
90.426012,200,4144.756951
55.709501,1523,4148.984997
59.890704,1465,4152.989585
89.256562,200,4153.389973
87.380524,200,4153.783056
76.62485,681,4155.165
63.434589,1300,4158.968116
55.656442,1305,4161.607208
61.423224,1300,4165.156116
75.253529,600,4166.344456
56.259078,1533,4170.501178
90.595632,200,4170.916078
94.523405,200,4171.338715
65.524465,1490,4175.358177
86.325182,300,4175.953902
66.1967,1100,4179.100897
84.96952,200,4179.511225
57.210513,1300,4182.134454
61.433514,1400,4185.97157
56.120424,1488,4189.946837
59.300352,1300,4193.533554
66.263908,695,4194.970592
96.40087,300,4195.56043
88.868537,200,4195.963985
69.201979,1100,4199.108322
88.367236,200,4199.526682
61.013878,1300,4202.139441
55.07452,1518,4206.214961
71.777903,797,4208.764991
56.171129,1400,4211.734693
90.644264,200,4212.13502
66.264982,1200,4215.736355
91.362726,300,4216.320929
85.786842,400,4217.147941
92.336429,200,4217.535492
63.176358,1308,4221.253532
60.33923,1400,4225.134138
92.773454,200,4225.53291
67.971789,1200,4227.987689
61.883606,1400,4231.875244
56.729394,1422,4235.787078
95.762547,200,4236.206061
94.887609,200,4236.605484
91.883747,200,4237.023251
65.861993,1100,4240.219816
92.33775,200,4240.654818
95.705939,200,4241.103383
88.094703,400,4241.958527
60.464516,1100,4244.158745
61.027111,1400,4248.116775
55.242205,1200,4251.590823
63.841276,1303,4254.209903
100.115767,200,4254.603131
85.67391,200,4256.065889
94.738825,200,4256.49497
93.249012,200,4256.93218
66.365795,900,4258.723503
90.942693,400,4259.541389
85.81992,500,4261.542893
85.258126,600,4262.741391
88.443357,200,4263.138784
90.46274,200,4263.529728
63.481883,1348,4267.167201
73.373145,1000,4269.151365
81.011081,400,4269.955403
62.602505,1400,4273.826596
72.111313,600,4275.047629
94.265085,300,4276.587085
75.589524,500,4277.601533
61.205684,1387,4281.676903
62.873649,1300,4284.292518
81.31569,500,4285.276523
71.051463,1300,4288.915346
88.637187,200,4289.312654
96.996063,200,4289.717866
62.562873,1188,4293.16822
60.677149,1299,4295.745295
87.187902,300,4297.284964
62.885819,1400,4300.063275
92.651922,300,4300.677955
93.970275,200,4302.067821
76.887162,500,4303.062424
56.000904,1390,4305.832254
67.191408,1000,4308.792981
88.591538,200,4309.226321
72.628242,1100,4312.473782
91.56035,300,4313.083858
62.8489,1200,4315.516706
57.726512,1500,4319.467373
90.906366,300,4320.063043
96.878589,200,4320.466954
82.15076,400,4321.306549
65.135846,1372,4325.146525
90.25031,200,4325.558654
53.911212,1474,4329.419846
91.416235,300,4330.036147
64.40533,1200,4333.571399
92.69397,200,4333.973144
93.657501,200,4334.389064
86.760751,200,4334.791248
89.359125,200,4335.194395
72.683672,800,4336.814767
94.479707,200,4338.178524
61.208652,1253,4340.818792
92.734819,200,4341.229223
92.811828,300,4341.816013
56.921095,1427,4345.835769
59.05867,1295,4349.405833
66.234735,1300,4352.156271
93.55583,200,4352.547859
85.592432,400,4354.300878
63.118996,1100,4356.518376
52.74446,1460,4360.535471
91.6262,200,4360.938444
88.481698,400,4361.762588
87.404372,200,4362.218711
90.582029,300,4362.818672
93.742558,300,4364.380223
75.943595,700,4365.861196
74.440701,700,4367.257903
92.197777,200,4367.677039
92.688467,200,4368.081162
74.363728,700,4370.433794
87.241286,300,4371.038671
90.939122,200,4371.476659
82.225407,500,4372.471705
75.494406,500,4374.531549
80.927479,500,4375.519171
64.583778,1400,4378.316946
91.260272,200,4379.730149
71.112279,800,4381.364977
93.019592,200,4381.7584
61.351024,1313,4385.5614
96.749341,200,4385.966213
91.190488,300,4386.579471
95.21809,200,4386.990542
85.16575,200,4387.394158
55.396952,1480,4391.330808
89.939304,200,4391.729228
95.489465,200,4392.144397
88.169819,300,4392.759751
76.331363,500,4393.75429
80.343706,500,4395.786689
60.016703,1348,4398.598587
90.00412,300,4400.167009
66.578737,1228,4402.773201
67.718097,1208,4406.217185
93.029868,200,4406.627213
77.311318,1000,4408.656909
58.494091,1300,4412.551903
60.861978,1409,4416.399814
60.623013,1310,4419.065347
76.627897,300,4419.671321
90.590199,200,4421.043472
69.278842,1100,4423.285992
94.85303,300,4423.886655
72.236675,800,4426.443883
86.238119,300,4427.105258
61.547527,1300,4429.729797
69.250988,1100,4432.951405
81.282375,400,4433.749201
87.564797,200,4434.147998
91.141688,200,4434.551515
82.288055,500,4436.530475
72.27057,1100,4438.737451
82.964616,200,4439.138169
66.270085,1000,4442.168998
62.343801,1500,4445.215927
65.033746,1300,4448.917338
92.385507,300,4449.522087
61.636579,1200,4452.974459
98.095021,200,4453.369611
58.261071,1500,4457.296202
82.821336,600,4458.568302
67.83987,1200,4460.99515
91.678549,200,4462.427178
57.810943,1400,4465.321891
94.495869,200,4465.71694
66.18824,1263,4469.172161
60.590136,1355,4472.887042
95.399866,200,4473.325059
84.589055,500,4474.488511
90.191095,200,4474.893102
89.232958,400,4475.747094
65.944573,1300,4479.330503
66.326832,1400,4483.162083
85.826641,500,4484.146047
57.473717,1300,4486.763438
68.552422,1100,4490.343911
90.128589,200,4490.748876
64.177623,1200,4494.164665
73.69528,900,4496.024178
78.521583,300,4496.624175
64.872652,1200,4500.134395
64.972584,1257,4502.736215
90.433618,200,4504.182403
66.271303,1100,4506.475638
97.065942,200,4506.924327
93.864629,300,4507.611492
90.239467,200,4508.05753
91.994339,200,4509.411953
96.735242,200,4509.802683
72.472504,1200,4512.219223
96.482549,200,4512.640735
95.334056,200,4513.078732
88.528695,400,4514.809451
95.661579,200,4515.208606
59.362207,1300,4517.802439
56.535263,1300,4521.535681
69.435272,900,4523.382344
63.005176,1100,4526.511986
73.447801,800,4528.137373
89.041727,200,4528.524561
69.380348,1000,4531.556767
90.791634,200,4531.952831
95.061667,200,4532.360376
93.868139,300,4533.012445
77.00935,400,4533.801799
90.153833,200,4535.141358
64.850209,1062,4537.249007
63.671046,1200,4541.282769
70.736622,1000,4543.551465
69.763862,1100,4546.748499
90.247518,200,4547.162659
84.360823,300,4547.76457
64.114288,1300,4551.365915
61.260788,1276,4554.063877
77.619858,1000,4557.001052
61.147369,1030,4559.03422
62.976362,1200,4562.449708
88.246467,300,4563.059655
91.236975,200,4563.484463
87.268093,200,4563.863025
78.747156,600,4565.090217
86.738502,200,4566.467112
91.640254,200,4566.893589
87.85566,200,4567.300476
91.023477,200,4567.69132
87.296173,200,4568.100316
61.038104,1100,4570.294912
74.149098,700,4572.733644
60.129017,1291,4575.395277
77.246334,500,4577.337811
89.130742,200,4577.730497
88.058203,300,4578.359936
63.949075,1200,4580.859011
92.379551,200,4582.227572
60.263006,1200,4584.744727
88.404299,200,4585.152779
94.064775,200,4585.55044
57.648262,1356,4589.175977
61.31453,1288,4592.759019
-340.449242,20000,4642.209954
66.113753,1000,4645.286395
62.355111,1316,4648.857684
62.540131,1200,4651.366008
60.593574,1350,4655.103946
88.169046,200,4655.529137
64.759944,1097,4657.733376
82.591308,400,4659.546535
82.025333,500,4660.609205
85.972602,300,4661.226741
61.230091,1200,4664.620956
69.559662,1100,4666.939664
88.477681,200,4667.324838
63.862265,1100,4670.702894
92.05499,200,4671.114472
66.352172,979,4673.121475
64.851685,1300,4676.688663
82.044025,500,4677.780313
90.848661,200,4678.200281
71.482507,1000,4681.43617
74.879458,700,4682.865371
93.393922,200,4683.293989
74.589672,700,4685.717352
89.360862,300,4686.390692
95.715125,300,4687.030039
88.517413,300,4687.676127
50.084053,1300,4691.47057
62.619503,1291,4694.142522
61.658163,1300,4697.704951
92.25996,300,4698.333781
65.465857,1200,4701.81631
67.981256,1360,4704.60414
87.018596,200,4705.021731
68.540437,1300,4708.558468
63.376746,1194,4711.868304
92.573993,300,4712.467748
89.905602,300,4713.063704
91.169773,200,4713.453457
92.764866,200,4713.861604
60.135357,1324,4717.573176
67.012623,1100,4719.800491
94.160073,200,4720.210846
88.434292,200,4721.533118
84.703438,500,4722.548317
95.411623,300,4723.131088
65.558769,1100,4725.473879
86.491326,300,4727.026416
91.403832,200,4727.441275
66.397142,1326,4730.108545
75.31829,1000,4733.104271
94.37738,300,4733.70592
92.398852,200,4734.105079
62.886466,1400,4738.072924
94.596104,300,4738.672035
89.477135,300,4739.298148
60.923518,1270,4742.801343
68.781719,800,4744.419539
92.889194,200,4744.817558
70.456032,1079,4747.989176
63.122264,1371,4750.762937
62.935035,1200,4754.096388
80.641416,400,4754.933327
68.511112,1100,4758.129242
93.818925,300,4758.827346
95.901548,200,4759.257337
70.731827,1200,4761.657757
94.367483,300,4763.203612
84.626981,200,4763.597878
91.816809,200,4764.014056
82.217321,800,4765.629105
59.035278,1342,4769.353689
87.833339,200,4769.755364
60.645305,1300,4773.293107
97.616786,200,4773.686295
63.835649,1300,4776.301909
91.19819,200,4776.694667
82.919316,400,4778.507926
63.707808,1249,4781.051452
96.84811,200,4781.450634
60.374237,1399,4785.230198
87.3216,200,4785.612749
89.429724,300,4786.258188
72.210052,900,4789.009111
92.868079,200,4789.420299
58.572715,1039,4791.520513
84.493873,500,4793.459105
67.003692,1302,4796.108971
86.718216,200,4796.513866
92.400856,200,4796.904893
69.526753,800,4799.457836
89.272936,200,4799.936604
73.985141,800,4801.688741
93.672027,200,4802.100132
58.041141,1300,4805.687082
88.339644,200,4806.132881
65.211186,1041,4809.158783
72.16073,907,4811.066867
64.314476,1190,4814.366593
79.633292,600,4815.615909
83.075782,500,4816.636446
90.471359,300,4817.234749
61.072017,1148,4820.684284
83.452213,400,4821.512213
85.456606,400,4822.303355
85.378764,300,4822.89653
85.560694,400,4824.650787
71.547142,1000,4826.699353
72.324406,828,4828.323453
67.437502,1000,4831.364024
64.859014,1244,4834.912436
62.704941,1206,4837.385136
67.476628,1300,4840.975943
62.496923,1210,4843.804773
91.327235,200,4845.39833
78.659197,600,4846.724634
65.592311,1276,4849.354421
92.219882,200,4850.678836
67.94917,700,4852.177859
93.735517,200,4852.587706
59.585851,1100,4854.950298
59.129927,1361,4858.854714
93.051769,200,4859.254907
56.209985,1286,4862.878977
65.777591,1100,4865.090307
82.551606,500,4867.286188
71.051605,1100,4869.545724
69.538713,1200,4872.888278
93.602628,200,4873.293524
63.916549,1200,4875.735588
100.343131,200,4877.174176
93.588192,200,4877.619943
64.523043,1034,4879.824456
90.184613,300,4880.415613
85.962373,300,4881.016627
77.62953,500,4883.007639
73.163129,1000,4885.074639
90.95098,200,4885.476317
66.243361,1000,4888.541523
57.285517,1277,4891.312027
91.155632,200,4892.649363
62.313294,1246,4895.200254
93.261294,200,4895.611556
87.70885,300,4896.240395
88.551252,200,4896.63495
58.148279,1345,4900.25851
68.199292,1142,4903.498853
94.409263,200,4903.881068
64.161381,1100,4906.095207
57.802039,1295,4909.785932
92.741401,200,4910.184892
61.715148,1400,4913.967884
69.739881,900,4915.746928
62.885763,1300,4919.357446
63.502691,997,4921.33889
74.625505,1000,4924.361891
74.296684,1000,4926.39356
93.797647,200,4926.786304
71.385494,1100,4929.964005
60.619924,1000,4932.104308
59.696708,1249,4935.636381
61.677233,1207,4939.18724
73.982372,900,4940.990735
90.390653,200,4941.382567
73.754024,1000,4944.541443
91.5212,200,4944.986995
68.531849,1359,4947.764792
89.18128,200,4948.171999
85.277395,300,4949.728308
92.388668,200,4950.190943
91.800913,200,4950.599653
81.710929,400,4951.399797
73.998296,900,4953.199366
90.297286,200,4954.591421
90.933016,200,4955.032508
58.512344,1274,4957.577141
64.423145,976,4960.489917
98.637119,200,4960.882423
62.218969,1197,4963.253335
87.91122,200,4964.5671
64.177697,1200,4967.157348
70.311979,1000,4970.138485
79.268,400,4970.964747
61.031096,1300,4973.573444
81.490366,600,4975.788102
62.130054,1347,4978.547162
53.205045,1275,4982.031663
63.715244,1100,4985.169326
98.376087,200,4985.581065
87.548857,300,4986.186126
96.002668,200,4986.608876
87.816098,200,4987.006152
86.858109,300,4987.585231
67.580066,1084,4990.761148
81.292665,600,4991.995588
62.468364,1180,4995.267987
59.090036,1200,4997.945144
63.467629,1300,5001.656509
93.599169,200,5002.059365
98.084762,200,5002.473567
84.015166,400,5003.260649
92.481999,200,5003.666054
93.189064,200,5004.06641
69.204492,595,5006.181046
94.783903,300,5006.787556
64.394863,1100,5009.001701
86.609508,200,5009.498028
80.328224,600,5011.68515
65.16457,1100,5013.901183
69.053767,949,5016.772093
90.19123,200,5017.220379
94.328252,200,5017.629005
64.530304,1200,5020.079401
65.391851,1200,5023.376915
60.177487,1250,5026.87716
88.453053,200,5027.26184
62.558726,1300,5029.892771
78.308446,600,5032.046013
69.717547,1000,5034.032717
60.869886,1200,5037.472566
60.001015,1341,5040.205191
71.649899,700,5042.598921
63.663515,1271,5045.20135
70.939435,900,5047.966551
66.590478,1100,5050.211866
84.541233,200,5050.630718
61.441166,1024,5053.75737
94.571575,200,5054.170903
68.755314,889,5056.026873
68.15164,1100,5059.512805
86.4384,400,5060.366553
73.068476,900,5063.353245
86.176174,300,5063.968551
87.446746,200,5064.368494
67.053321,900,5066.148347
93.690178,200,5066.567523
83.818288,600,5068.817736
90.677705,200,5069.23441
62.50326,918,5071.127405
93.573055,200,5071.522371
95.605049,200,5071.946329
84.385062,300,5073.495508
59.976548,1351,5076.171832
61.843362,1207,5079.667194
61.175358,1200,5082.057037
86.9482,300,5083.609212
93.906021,200,5084.013874
57.896026,1296,5086.568655
84.46909,400,5088.378247
66.349423,1000,5090.501359
70.906281,1000,5092.514045
88.018554,200,5093.873137
60.799059,1275,5096.491781
92.012872,200,5096.8885
64.470513,1000,5099.956604
94.898309,300,5100.545259
91.463511,200,5100.940151
93.76111,200,5101.330196
83.072157,401,5102.144233
95.102239,200,5102.523315
86.144366,300,5104.089197
65.524852,1000,5106.174549
61.244305,1300,5109.719943
68.125788,1100,5111.894999
83.829541,300,5112.498704
63.291539,1100,5115.765729
98.894264,200,5116.171046
89.878871,200,5116.560828
94.881897,200,5117.003771
93.253206,300,5117.605505
86.707964,300,5119.306115
89.103983,200,5119.753599
72.632677,900,5121.552605
65.882872,1337,5125.161492
61.410157,1290,5127.718294
76.65748,900,5130.766739
86.650636,300,5131.35959
89.733799,200,5131.757748
78.870155,500,5132.742632
66.457377,1101,5135.889817
70.400397,1100,5138.07726
61.954663,1305,5141.72532
88.598889,300,5142.330423
98.280931,200,5142.718975
87.172636,400,5143.523458
62.468158,1371,5147.294485
96.934621,200,5147.691085
85.537206,400,5148.498511
90.796225,200,5148.897274
91.014137,200,5150.248435
67.288702,1374,5153.109198
59.968147,1350,5156.746157
85.864343,200,5157.175102
90.624487,200,5157.568125
73.103977,900,5160.333018
70.610169,900,5162.236528
65.304061,1375,5165.949255
84.401327,300,5166.523466
98.380105,200,5166.936732
60.182086,1370,5170.63553
60.761226,1297,5173.232858
80.419905,500,5174.220453
80.209838,400,5176.018355
94.251813,300,5176.668081
64.02442,1270,5179.388596
61.004816,1266,5182.887749
70.321837,1100,5186.014047
79.507839,600,5187.208213
92.739315,200,5187.601976
92.785755,200,5187.978828
91.327461,200,5188.391057
70.289117,1100,5191.674566
90.19301,200,5192.122467
86.99719,400,5192.950544
65.978785,1100,5196.292644
57.838733,1300,5198.898362
64.962709,1259,5202.404754
64.889407,1328,5205.068588
87.261113,200,5206.403671
84.550523,200,5206.85334
79.267849,800,5208.540755
87.896779,400,5209.350189
86.936395,300,5209.935656
70.44469,1000,5212.903912
64.483817,1341,5215.567293
94.719965,200,5216.929888
85.318549,600,5218.115556
56.47063,1334,5221.785831
91.627443,200,5222.241518
94.886046,200,5222.644982
95.138015,200,5223.049543
94.101538,200,5223.444714
81.873591,400,5224.233373
92.770012,200,5224.643374
67.091002,1114,5227.829942
71.101934,1000,5229.870536
96.225421,200,5230.273044
94.31516,300,5230.945934
92.198917,200,5232.334142
96.788779,200,5232.799969
60.855193,1194,5235.316243
59.770768,1300,5239.085447
64.635389,1278,5242.659004
88.023292,400,5243.45952
63.593009,1320,5246.069738
64.998556,1100,5249.433858
96.140928,200,5249.846934
91.384822,200,5250.331629
93.325014,300,5250.978651
85.195191,200,5251.391837
65.417362,800,5254.023785
61.485693,1100,5256.230508
73.230471,1200,5259.719551
86.556286,300,5260.366476
66.807414,1200,5263.825994
77.010976,500,5264.839254
67.27931,1200,5267.217836
67.414012,1226,5270.867477
64.920589,1233,5274.432292
60.595763,1247,5276.950538
89.080033,300,5277.560657
93.141379,200,5277.964942
94.150161,200,5279.33598
72.834367,592,5280.552071
-338.377547,20000,5331.180756
88.788098,200,5331.588023
93.866603,200,5332.022912
66.821756,1268,5334.557759
93.989389,200,5335.929249
94.34637,200,5336.363601
91.747158,200,5336.764557
91.686095,400,5337.572448
93.203677,300,5338.173994
93.824275,200,5338.639299
94.036083,200,5339.040864
87.615527,200,5339.431921
60.673494,1233,5342.81983
93.831465,200,5343.219156
87.977195,200,5343.619686
95.882854,200,5344.036357
92.701244,200,5344.431429
81.10277,400,5346.15037
67.873706,1167,5348.479769
66.422669,1100,5351.61258
86.756149,300,5352.304554
90.674798,300,5352.897302
94.789221,300,5353.512647
91.972387,200,5353.909874
65.560422,1200,5357.242053
78.97752,800,5358.922804
72.257482,800,5361.530703
62.537699,1200,5363.984215
66.690562,1000,5366.956369
81.418544,500,5368.47242
95.755223,200,5368.905692
85.002066,200,5369.311559
92.605369,200,5369.70635
64.730715,1100,5373.011575
88.806775,200,5373.392955
70.19255,1200,5375.783707
90.343903,200,5376.185055
91.779474,200,5377.552558
95.263387,300,5378.17554
66.665322,890,5379.965003
91.742096,200,5380.36477
89.646056,200,5380.760175
84.729415,500,5382.757601
69.683076,1101,5384.934236
96.037374,200,5385.327258
92.129703,200,5385.713386
93.481079,200,5386.124198
81.313586,500,5388.135775
97.813473,200,5388.52935
87.751104,200,5388.962081
65.6749,1298,5392.777978
92.33904,200,5393.213391
64.938042,1200,5395.615825
88.752795,300,5396.208457
60.552627,1147,5399.655473
62.570767,1000,5401.674291
98.253462,200,5402.080766
75.697424,500,5404.110699
80.650144,300,5404.704891
64.052054,1100,5406.909184
88.747356,200,5408.367792
88.209604,300,5409.085562
97.08761,200,5409.549598
64.385386,1100,5411.832455
95.549674,300,5412.432651
69.119267,1242,5415.95316
92.991892,200,5416.353443
55.954975,1137,5419.746269
67.199013,1021,5421.86232
90.259342,200,5422.264142
98.520243,200,5422.659845
80.323669,500,5424.629795
70.426944,1000,5426.598059
65.347052,1322,5430.213785
91.445212,300,5430.888227
94.534982,200,5431.304861
85.921582,300,5431.90441
94.759466,200,5432.306118
68.70763,1158,5435.684365
88.753271,400,5436.488447
82.268073,400,5437.287269
71.739446,1000,5440.219629
61.318602,1272,5442.744998
92.759904,200,5443.163498
62.567046,1100,5446.383532
74.676854,884,5448.156478
96.649926,200,5448.553707
91.094393,200,5449.929895
64.269226,1100,5452.170943
74.70032,400,5452.952884
94.635123,200,5453.374261
58.335623,1300,5457.075237
85.258125,400,5457.875084
92.827305,200,5458.277727
100.08761,200,5458.681462
81.126693,300,5460.210678
67.763774,1281,5462.799232
92.429022,200,5463.199445
92.370783,200,5463.613559
62.215119,1180,5466.99167
92.006966,200,5467.383022
79.982501,600,5468.580291
91.699837,300,5470.222219
64.861796,1099,5472.550834
89.968064,200,5472.953357
58.347498,1227,5476.350005
90.491565,200,5476.746859
81.368486,400,5477.566502
73.711574,400,5478.357494
69.028429,1126,5481.680929
76.381508,400,5482.502905
68.287264,1000,5484.485744
61.362648,1254,5488.03569
90.95236,400,5488.82589
92.747794,200,5489.228009
87.207787,400,5491.043443
93.56356,200,5491.441518
84.106577,300,5492.031611
89.729763,300,5492.615053
93.471329,300,5493.250292
92.483989,200,5493.662866
65.557902,1200,5497.143085
64.874252,1166,5499.478457
92.209298,200,5499.869458
93.801084,200,5501.220368
99.410273,200,5501.622228
63.41635,1054,5503.72535
93.432124,200,5504.150728
95.814077,200,5504.550357
90.554184,300,5506.090518
60.196226,1300,5508.667996
98.738629,200,5509.094622
97.693197,200,5509.512837
60.619589,1194,5512.955898
66.217749,1251,5516.414599
92.610866,200,5516.832469
69.03654,1100,5519.109375
94.011697,200,5519.515979
73.247845,900,5522.323299
64.776814,1081,5524.675066
76.2015,700,5527.084369
61.851185,1242,5529.593411
67.917965,1000,5532.627889
89.82296,200,5533.182098
86.827046,400,5534.007246
59.629617,1273,5537.53717
89.416555,400,5538.339404
64.98158,1100,5540.69109
83.894432,600,5542.877
92.388933,200,5543.316301
91.128701,200,5543.713577
97.741206,200,5544.112777
83.267098,400,5544.919772
56.862706,1300,5548.477493
67.689156,1068,5550.65281
90.817126,200,5551.069229
86.473381,200,5551.511492
66.566595,1003,5554.477486
91.580531,200,5554.862603
72.315298,1000,5557.971253
93.48506,200,5558.421557
72.609438,1087,5560.608955
92.197055,200,5561.010884
94.192173,200,5561.406747
70.651927,1200,5564.961482
69.039524,1000,5567.093993
91.323826,200,5568.881267
92.791009,200,5569.299418
86.653228,400,5570.128423
91.210216,200,5570.527657
94.891979,200,5570.926267
70.123293,1000,5574.018385
82.365792,500,5575.11998
64.239129,1287,5577.687619
78.089385,900,5580.508498
72.207022,1000,5582.527838
98.51854,200,5582.936125
77.160569,300,5584.501071
88.291754,200,5584.980838
99.96499,200,5585.404117
64.597769,1270,5588.099023
72.790075,800,5590.936098
75.091501,900,5592.742391
63.027197,1293,5596.294448
95.036876,200,5596.689642
97.276084,200,5597.089775
97.759146,200,5597.484078
72.482402,1000,5600.6176
87.626795,200,5601.039266
68.694556,900,5602.847252
64.248915,1231,5606.42885
88.371979,300,5607.065389
95.213977,200,5607.475127
87.552779,300,5608.094058
93.010582,200,5608.499762
74.01923,900,5611.371644
67.140333,900,5613.185989
59.589771,1151,5616.488926
99.233152,200,5616.930159
86.1978,500,5617.945815
69.444917,1015,5620.923525
63.416218,1206,5623.374447
95.11131,200,5623.767401
60.935321,1055,5626.941208
70.442623,1100,5629.159361
65.370281,1100,5632.373497
96.662071,200,5632.767507
60.242664,1299,5636.296159
88.349613,300,5636.991535
89.11515,200,5637.411899
84.269039,200,5637.800872
93.182497,200,5638.201578
86.531259,400,5638.987022
91.002502,200,5639.382226
88.874269,200,5639.789105
63.722872,1093,5642.954472
65.525802,997,5644.932362
92.829239,200,5645.323894
89.25589,400,5647.116901
96.674937,200,5647.522484
86.500183,200,5647.930149
65.981055,1091,5650.086685
67.932395,1000,5653.25324
65.943693,1300,5656.801429
64.856927,972,5658.809623
66.742966,1100,5661.966572
71.796314,900,5663.884666
79.945671,800,5665.506041
62.861917,1100,5668.813918
62.759327,1200,5671.315846
68.011136,1100,5674.484048
76.735892,600,5675.669411
86.424791,200,5676.087708
58.432762,1180,5679.453579
66.956148,1119,5682.658261
68.973858,1100,5684.846246
73.272272,900,5687.651036
63.930094,1175,5690.049702
60.421392,1292,5693.850131
64.749516,1274,5696.607158
65.140452,1100,5699.796124
82.132191,300,5700.402051
95.851227,200,5700.862214
91.314168,200,5701.276742
94.032868,200,5701.717403
68.120219,1200,5705.312437
80.669165,600,5706.607247
67.376786,1200,5710.094618
56.925733,1395,5712.93375
64.451169,1100,5716.079206
69.887369,1100,5719.642444
59.170502,1300,5722.346874
84.685298,200,5722.775672
60.454394,1238,5726.421883
65.356003,1100,5728.718914
93.887116,200,5730.161898
93.706479,300,5730.800275
73.342862,1100,5732.993326
80.963326,300,5733.623091
86.263357,200,5734.031585
94.347464,200,5735.445673
95.833862,200,5735.847593
87.619222,200,5736.249069
99.648598,200,5736.671582
71.890904,1200,5739.095487
64.692135,1200,5742.507993
68.520385,1100,5745.673918
74.484758,600,5746.952768
95.300396,200,5747.349433
92.944781,200,5747.745672
80.976553,400,5748.531739
94.442687,200,5748.941515
91.873997,200,5749.353538
71.588179,1100,5752.497142
91.171608,200,5752.898281
89.242882,400,5753.719212
90.583399,300,5754.338275
61.104023,1200,5757.890377
67.567619,900,5759.821656
91.181756,200,5761.211942
64.038705,1000,5763.249136
72.623644,1000,5765.259213
85.35185,300,5766.813055
63.083012,1300,5769.871612
55.788203,1200,5773.419295
66.742986,1079,5775.57947
64.509794,1300,5779.33336
72.819843,891,5781.159189
91.062233,200,5782.50958
98.054656,200,5782.905923
96.313078,200,5783.416968
63.523033,1235,5785.986996
59.644429,1280,5789.531298
91.583877,200,5789.984952
62.043641,1300,5793.593866
93.171845,200,5794.010294
57.353678,1300,5796.590259
99.116199,200,5797.95906
57.565587,1441,5800.911662
68.984036,1100,5804.28688
94.091163,200,5804.678979
97.245942,200,5805.085077
58.287922,1168,5808.361613
64.234009,1100,5810.564143
89.854259,200,5810.958616
93.27989,200,5811.371167
91.683358,300,5811.962991
92.538174,200,5813.329917
66.229607,1279,5816.012126
67.010191,900,5818.859612
89.640843,200,5819.290234
97.656717,300,5819.930527
63.631075,1171,5822.283176
63.268225,1200,5825.636567
68.656977,1100,5829.081461
67.268817,1200,5831.724077
97.257024,200,5832.125793
80.458762,500,5833.106081
91.072851,200,5834.463453
92.717287,300,5835.079578
62.676863,1300,5837.637605
90.850731,200,5838.030364
72.296476,700,5840.550401
93.53162,300,5841.148444
89.482752,200,5841.569032
91.260951,200,5841.96813
90.037,300,5842.55878
65.890258,1000,5845.528159
64.410893,1300,5848.076151
63.844952,1200,5851.734689
67.915575,1100,5853.939366
68.7314,1100,5857.099716
90.088288,200,5857.479602
85.652945,400,5858.275224
90.434868,200,5858.659529
93.429635,200,5860.018927
62.65316,1200,5862.436429
95.264656,200,5862.829603
66.093571,1100,5865.989551
63.735005,1300,5868.590597
69.205335,1303,5872.204076
67.382071,1000,5875.145077
78.814134,600,5876.344563
91.126108,300,5876.939393
83.401167,400,5877.840915
96.330167,300,5878.455965
66.710467,1000,5881.639008
55.35802,1183,5883.988896
94.416301,200,5884.392535
72.715363,855,5887.139822
62.038009,1200,5889.618809
58.11347,1265,5893.124928
66.849691,1100,5896.278452
78.357272,500,5897.274059
86.923886,200,5897.674154
87.082025,200,5898.078692
83.321467,300,5898.715559
98.472925,200,5899.173059
81.462547,500,5901.200441
90.467239,300,5901.808588
91.995358,200,5902.217043
85.595303,400,5903.001721
71.061245,900,5904.865631
85.941697,200,5906.222137
83.418161,300,5906.832585
93.761943,200,5907.236109
87.128163,300,5907.825963
61.478388,1300,5911.519673
93.627028,200,5912.005016
96.846715,200,5912.474237
80.295857,400,5913.286715
96.991352,200,5913.704051
94.269784,200,5914.10658
92.254715,200,5914.507905
64.987223,1200,5918.083856
68.715739,1200,5920.488205
86.237968,200,5920.891029
67.515326,1200,5924.65518
86.597177,200,5925.07727
78.626494,700,5927.436934
86.850404,200,5927.831446
72.832519,868,5929.588559
89.818736,200,5929.999755
66.984538,1000,5933.062192
76.761512,400,5933.905621
59.159755,1376,5936.719809
83.485707,500,5938.644448
63.465951,1200,5941.034846
69.318417,1000,5944.048926
96.664274,200,5944.443868
65.91398,1400,5948.185222
97.837019,200,5948.578715
94.326874,200,5948.980089
59.656117,1187,5951.335513
75.422955,1200,5954.764053
81.869517,400,5955.594005
90.035224,300,5956.179273
88.170477,300,5956.779141
70.04934,1100,5960.03019
71.274043,788,5961.613015
98.1213,200,5962.009741
61.956293,1204,5965.423048
68.081934,1300,5968.941662
65.854129,1200,5971.433584
66.031888,1102,5974.647554
57.392218,1256,5977.148033
91.094326,200,5978.467887
61.814352,1200,5981.118857
86.783596,200,5981.512489
65.787665,900,5984.372904
75.837205,700,5985.774342
67.032036,1100,5988.892214
93.528351,200,5989.312563
92.663042,200,5989.717427
93.83236,200,5990.117211
75.049204,1000,5992.126113
68.28389,900,5994.888697
67.819602,1063,5997.076351
74.055417,1100,6000.389814
92.39145,200,6000.790688
72.606255,1300,6004.338191
90.140778,200,6004.745748
73.755051,1000,6006.755174
67.126094,1200,6010.241236
100.241538,200,6010.669254
92.627349,200,6011.094914
69.770168,1000,6013.106245
89.819352,200,6013.496993
58.204886,1300,6017.048828
94.480589,200,6017.440737
87.59646,200,6017.831368
58.486821,1328,6021.601147
65.679003,1135,6024.845379
92.983729,300,6025.449943
95.79171,200,6025.861831
90.432419,200,6026.256261
82.085309,200,6026.664945
90.299215,300,6027.264275
89.459324,200,6027.656822
76.600154,700,6029.9708
93.324763,200,6030.390296
61.848775,1200,6032.830443
93.071469,300,6033.445236
93.630184,200,6033.832859
75.070363,900,6036.691161
95.235049,200,6037.117486
68.863274,1100,6040.273309
94.850543,300,6040.879739
86.178292,300,6041.468787
75.217635,1000,6043.487056
92.330582,300,6044.096672
75.772066,700,6046.559298
72.761128,1100,6048.880738
86.332631,400,6050.633317
64.819738,1002,6052.641225
91.520696,200,6053.057519
90.826968,200,6053.469433
100.00923,200,6053.85964
65.086074,1100,6057.110029
59.385186,1316,6060.744951
63.918406,1261,6063.254302
83.418802,300,6063.866441
70.238468,1100,6067.12155
57.461867,1285,6069.704722
85.892834,200,6071.052967
80.395418,500,6072.059858
92.558195,200,6072.449246
91.23177,200,6072.864168
92.19626,200,6073.264106
93.480406,200,6073.654483
88.603339,400,6074.452187
73.292624,1100,6077.590613
64.539073,1100,6079.896995
69.175888,1100,6083.128802
60.954957,1241,6086.595677
92.837213,200,6087.018371
66.883348,1198,6089.394325
90.208634,200,6089.786359
66.243785,1312,6093.542306
72.002071,1100,6096.723843
63.988759,1361,6099.430266
94.544214,200,6099.824922
92.506732,300,6100.424148
85.289631,200,6101.772178
59.857263,1272,6104.331353
62.030898,1300,6108.007993
89.835989,200,6108.412004
94.599032,300,6109.022664
90.194579,200,6109.416861
96.780965,200,6109.81233
95.785592,200,6110.207612
100.597628,200,6110.606111
90.724321,200,6112.126936
70.136587,1081,6114.402936
85.425308,200,6114.865272
80.226088,500,6115.858074
72.17812,1200,6119.313197
91.218999,200,6119.708419
67.005292,900,6122.509716
85.635976,400,6123.379161
66.74788,1100,6125.576814
92.200517,200,6125.992108
68.572746,1100,6129.241652
98.680972,300,6129.83545
87.765174,300,6130.446667
66.93993,952,6133.373857
86.007685,200,6133.79653
69.328973,896,6135.589063
72.818219,800,6138.261444
70.939205,900,6140.228718
61.700695,900,6142.02019
96.271707,200,6143.389374
59.573891,1300,6146.050266
98.668518,200,6146.452708
90.825196,200,6146.864193
93.005625,300,6148.440076
58.114508,1300,6151.281683
91.109821,200,6151.675518
66.172618,1100,6154.920062
69.680453,1027,6156.99583
67.215373,1200,6160.341715
61.657031,1220,6162.755496
66.502168,1100,6165.900032
85.144821,400,6166.705866
90.149201,200,6167.105408
84.173642,300,6167.705543
91.140627,200,6169.080325
87.981303,200,6169.538993
82.722056,500,6170.578461
88.574137,400,6171.407578
63.283388,1200,6174.795259
63.335328,993,6176.80071
73.176622,700,6179.13714
86.535916,200,6179.534117
55.630924,1100,6181.996729
95.586466,200,6182.396242
69.771588,1200,6185.927506
91.11043,200,6186.510542
96.853029,200,6187.130511
71.61616,1000,6190.588522
91.645343,200,6191.008538
88.060606,200,6191.401569
63.613272,1100,6193.575843
91.198454,300,6194.228408
94.05418,200,6194.621898
85.287665,400,6196.418868
63.049832,1100,6198.735024
67.866126,1000,6201.722942
62.758884,1332,6204.435168
88.278356,200,6204.824838
61.137506,1332,6208.52834
86.729073,300,6209.116351
89.133652,200,6209.567535
56.810874,1287,6213.267291
81.665665,400,6214.076337
81.119471,500,6215.086648
93.600336,200,6216.471244
79.969878,700,6217.889462
63.260345,1320,6220.537864
85.434756,300,6222.210538
90.622249,200,6222.618007
68.657272,1100,6224.871037
65.295993,1258,6228.453542
90.500539,300,6229.072792
91.875189,200,6229.486159
64.943303,1000,6232.463079
89.87563,200,6232.903116
92.359062,200,6233.328568
69.924705,1017,6235.457529
74.269833,1200,6238.847984
89.586407,200,6239.242409
88.033031,200,6239.633103
87.165173,200,6240.095559
92.186761,200,6240.498505
94.06703,300,6241.114691
95.025102,200,6242.459221
63.26155,940,6244.415224
98.010681,200,6244.840342
61.291909,1296,6248.495115
67.902272,1200,6251.117494
91.468344,200,6251.610609
92.814351,200,6253.06565
63.98796,1200,6255.673842
92.524465,300,6256.277009
70.119622,1100,6259.908023
94.680937,200,6260.310902
95.13074,200,6260.723265
69.821398,1153,6263.973411
92.560749,200,6264.386669
83.755065,200,6264.772876
58.758248,1390,6267.568248
89.017652,200,6268.898623
69.688488,1000,6270.882365
92.805931,200,6271.297335
68.867298,1100,6274.540944
92.862105,200,6274.991868
81.67617,200,6275.419299
60.947171,1366,6278.18983
62.273374,1279,6281.6507
91.851364,200,6282.060941
77.219717,1000,6285.059643
93.521782,200,6285.486521
90.513368,200,6285.888467
95.286077,200,6286.296894
75.919165,600,6287.478097
71.349278,1068,6290.69459
68.056368,1400,6293.509085
99.350274,200,6294.903817
82.490092,640,6296.189881
91.085146,400,6296.984747
68.293024,1194,6300.372462
62.70815,1109,6302.565354
78.470657,700,6304.923246
81.971396,500,6306.012262
93.823533,300,6306.602168
86.896491,200,6307.009157
90.707396,300,6307.610247
85.465496,200,6308.079001
92.099638,300,6308.684757
62.490534,1400,6312.617481
92.232317,200,6313.020977
56.678855,1180,6316.57786
91.517463,200,6316.978329
75.677869,700,6318.849494
88.268415,300,6319.492665
88.182952,300,6321.058935
78.743682,1000,6323.137783
65.610588,1200,6326.595609
78.295707,500,6327.762201
81.438667,400,6328.631165
99.704523,200,6329.025042
86.954096,400,6329.834854
80.660561,500,6331.802637
87.442321,200,6332.240659
92.669429,200,6332.672665
95.528489,300,6333.27955
60.784405,1303,6336.887544
64.245421,1284,6339.545654
66.994864,1000,6342.523262
95.03696,200,6342.937296
60.746986,1300,6345.499151
86.924236,200,6346.853442
69.774493,1100,6349.062367
80.371817,400,6349.859348
100.645284,200,6350.252656
81.568151,400,6352.009279
90.716983,300,6352.613044
66.41291,1200,6354.986958
67.009602,1069,6358.204076
85.77077,300,6358.814728
94.232397,200,6359.22251
95.873916,200,6359.619025
65.053205,1169,6362.904181
57.021577,1228,6365.323032
61.296737,1300,6368.905988
63.265103,1300,6372.504126
95.462464,200,6372.945994
91.798821,200,6373.40681
57.602194,1356,6376.132089
89.877119,300,6377.686332
84.601364,300,6378.276045
62.711299,1206,6380.910736
94.360963,200,6381.34969
63.690723,1300,6384.994364
92.886677,200,6385.390267
89.849034,200,6385.779575
95.868875,300,6386.386639
101.451338,200,6386.795581
91.713747,200,6388.148067
90.484324,400,6389.085184
83.513514,300,6389.764768
59.246816,1400,6393.483217
60.939887,1300,6396.207405
68.184346,1000,6399.177051
69.89287,1100,6401.397688
82.63257,300,6402.02438
61.572027,1333,6405.770356
93.932549,200,6406.159144
89.302006,200,6406.568858
90.522793,200,6406.989892
63.956425,1200,6410.333059
82.366296,600,6411.559787
91.576746,300,6412.151693
97.613518,200,6412.545182
89.72118,200,6413.877923
60.920034,1158,6416.206873
68.007415,1200,6419.563916
97.72993,200,6419.961992
93.292645,200,6420.346114
95.544807,300,6420.947167
85.009995,400,6421.75343
59.314384,1384,6425.440751
88.412442,300,6426.089329
58.118867,1300,6429.703958
72.714979,1051,6431.78979
75.54834,1100,6434.925396
91.003061,200,6435.309103
83.366956,300,6435.905021
90.136759,400,6436.688046
70.709767,1172,6440.149482
95.242226,200,6440.5444
66.347286,1355,6444.219303
96.931868,200,6444.6294
96.310906,200,6445.014765
93.975504,200,6445.562249
86.897449,200,6445.992637
85.520744,400,6446.860845
87.444458,200,6447.300047
90.055437,200,6447.694251
75.402041,300,6448.327024
61.114164,1207,6451.774109
79.83496,500,6452.76557
62.933755,1327,6456.361095
60.330488,1200,6459.713056
73.596461,573,6460.85008
76.401353,700,6462.240761
93.32023,200,6462.634724
94.201189,200,6463.027268
65.301903,1044,6466.164675
79.036541,200,6466.560075
91.849663,200,6466.957899
92.144891,200,6467.416431
69.449404,998,6470.448895
58.259554,1273,6473.056379
78.991093,725,6475.514328
56.950177,1300,6478.187062
96.150891,200,6478.588986
95.789085,200,6478.988388
88.293796,200,6480.349919
88.034478,200,6480.783409
66.313266,1100,6483.038879
71.50455,1100,6486.190487
63.013353,1225,6488.63865
93.044708,200,6489.045452
88.459468,200,6490.393565
96.059614,200,6490.966894
88.226094,300,6491.588597
63.975711,1300,6494.185151
63.360397,1110,6497.436139
93.538301,300,6498.050555
88.818902,200,6498.44057
70.208265,908,6501.301836
71.577074,1000,6503.273751
92.558224,200,6503.666577
95.529118,300,6504.26123
61.004421,1312,6507.871342
94.46832,200,6508.269778
80.484204,700,6509.662266
92.010861,200,6511.036835
90.204615,200,6511.470028
95.427463,200,6511.917151
62.378977,1309,6514.749369
70.64699,1200,6518.329756
78.916279,500,6519.314493
63.002464,1300,6522.869729
88.927585,200,6523.268122
97.936008,200,6523.655917
81.170821,200,6524.056735
87.832617,400,6524.847589
94.055326,200,6525.245991
66.387159,1200,6528.714022
92.254755,200,6529.11009
83.642983,300,6529.71753
94.269164,200,6530.12789
69.483556,1300,6533.688718
68.206642,1300,6537.246571
97.175457,200,6537.681231
90.254781,400,6538.526426
62.862271,1181,6540.880282
68.310352,1200,6544.206113
94.386035,200,6544.600286
97.011901,200,6544.999294
89.704411,200,6545.380782
97.289061,200,6545.78424
86.898639,200,6547.120615
64.414882,1349,6549.835497
73.708697,900,6552.562708
59.932583,1312,6555.186204
82.932388,500,6557.109926
83.109596,600,6558.325739
89.665389,200,6558.744253
64.061919,1100,6561.013286
89.098525,200,6562.36012
94.210926,200,6562.755308
93.870866,200,6563.154958
63.049854,1100,6565.359342
89.847216,200,6565.753674
90.22094,300,6567.30595
88.634231,200,6567.695311
69.006984,1100,6569.884733
102.033967,200,6570.294372
69.415304,1100,6573.55806
69.005312,1300,6576.167614
90.900549,300,6577.700924
79.823224,300,6578.288235
69.760156,900,6580.341156
85.481739,400,6581.171478
67.150366,1100,6584.331253
60.124965,1300,6587.872719
59.693173,1292,6590.489016
88.265636,400,6591.341466
63.251541,1183,6594.783437
74.396781,900,6596.607359
91.965097,300,6598.238128
68.84616,1200,6600.751361
65.166853,1066,6603.81225
88.741085,200,6604.207671
69.414077,1069,6606.314989
91.57944,200,6606.708546
92.5552,200,6607.10732
63.204916,1300,6610.800746
90.663532,200,6611.212181
73.827685,1000,6614.152984
60.640498,1200,6616.519321
92.548486,200,6616.92287
70.219044,1000,6620.044772
65.915081,1300,6622.667704
67.680934,1000,6625.646211
80.095514,700,6627.059203
94.083849,200,6627.442286
71.223832,1024,6630.4429
63.144424,1300,6634.021493
70.933859,1100,6636.220957
80.127349,400,6637.074689
64.572851,1100,6640.264458
63.866399,989,6642.292603
93.784794,200,6642.685123
89.852883,200,6643.099571
92.142982,200,6644.501125
96.259967,300,6645.206121
77.767971,500,6646.283692
76.722858,600,6647.546275
62.233277,1300,6651.656781
94.230578,200,6652.066192
60.886908,1029,6655.111083
68.893983,1300,6657.880655
61.344267,1206,6661.80072
93.310543,200,6662.217232
61.45893,1100,6664.506299
85.795517,400,6666.248784
78.652258,500,6667.246895
91.908821,200,6667.651052
79.296032,600,6668.82137
89.014643,200,6669.232322
90.437463,300,6669.858828
90.239967,200,6671.189651
81.670232,400,6672.042001
85.464994,400,6672.837815
86.583029,200,6673.243494
57.396406,1190,6676.568099
95.080022,200,6676.970884
85.787578,200,6677.385407
77.956796,600,6678.579089
85.787577,300,6679.260613
88.23715,500,6680.291904
64.339422,1200,6683.679942
85.086372,300,6684.276447
60.408464,1300,6687.812753
95.262998,200,6688.22349
97.34503,300,6688.821543
60.858366,1279,6692.325179
87.581974,300,6692.941738
67.207175,1200,6695.330631
91.819455,200,6696.66661
89.684274,300,6697.264802
69.34077,1100,6699.457337
90.52462,200,6699.872433
94.88512,200,6700.292852
85.695561,200,6701.638172
93.186102,300,6702.236941
89.584743,200,6702.630349
87.566188,200,6703.025161
96.62394,200,6703.417355
67.860961,1200,6706.785992
94.783889,200,6707.23037
67.101998,1232,6709.900692
91.336256,200,6710.380591
65.787976,1100,6713.598845
92.0092,200,6714.00879
79.875482,700,6715.42194
75.204856,600,6717.581026
79.714381,400,6718.377553
92.397007,200,6718.765972
72.808617,700,6720.267664
59.590816,1230,6723.81671
61.979738,1200,6726.251317
96.308228,200,6727.581217
67.325557,1200,6729.963437
91.995283,300,6730.597579
94.328087,200,6730.997021
89.871984,200,6731.388702
72.727699,600,6733.548693
77.033762,400,6734.344135
87.533386,300,6734.937364
65.737178,1046,6737.982617
73.465408,600,6739.34796
63.489737,1200,6741.813821
62.851153,1223,6745.302829
71.15931,1000,6748.381637
96.425924,200,6748.790423
88.742858,200,6749.180639
63.489087,1300,6751.858511
64.266831,1319,6755.485379
61.433228,1380,6759.417916
94.36334,200,6759.827488
99.617284,200,6760.234859
70.907247,900,6762.062641
63.66002,1155,6765.339762
89.151607,200,6765.729525
88.21087,300,6766.322055
95.36629,300,6766.908379
76.380211,700,6769.374112
94.167036,200,6769.800404
97.329678,200,6770.215419
66.483648,1200,6772.674162
65.47511,1100,6776.146508
89.58597,200,6776.548294
70.16619,1112,6779.849372
93.949468,200,6780.306973
57.49318,1279,6782.966172
98.670222,200,6783.366778
94.403648,200,6784.720827
93.023339,300,6785.323957
84.240362,500,6786.312675
90.969641,300,6786.902329
95.968681,200,6787.295199
100.001002,200,6787.693298
79.980822,500,6789.608508
65.353771,1200,6792.172169
64.369282,1234,6795.588499
87.303361,400,6796.393652
58.146205,1269,6799.924992
61.778919,1232,6802.542993
96.19696,200,6802.940233
59.284886,1100,6806.077493
61.289648,1300,6808.677956
64.322608,1100,6812.064938
91.448599,300,6812.675074
73.503601,900,6815.449865
91.387742,300,6816.05742
98.116907,200,6816.46384
76.799954,600,6817.649365
93.013415,200,6818.060489
99.00586,200,6818.449654
88.933105,200,6818.844771
66.038004,1022,6821.976143
93.350938,300,6822.591016
68.56074,1300,6826.177073
95.923376,200,6826.567133
69.142552,900,6828.363594
63.962963,1260,6831.981779
93.568991,200,6832.390615
72.487287,800,6834.022269
88.749147,200,6834.432925
69.744386,1000,6837.337502
84.215484,200,6837.769558
93.020163,300,6838.380289
60.803137,1300,6841.912956
89.765325,200,6842.401722
69.897093,600,6843.7541
84.754546,200,6844.166582
87.638664,500,6845.168654
92.851554,300,6846.788393
92.213296,200,6847.184302
71.375699,1000,6849.176079
86.49088,400,6849.96672
95.118093,200,6850.356657
88.350551,500,6852.330263
85.806902,400,6853.151538
61.400121,1314,6856.703692
60.957425,1100,6858.970733
96.546112,200,6859.403479
61.897327,1300,6863.087271
59.06968,1240,6865.564213
94.993911,200,6866.904515
92.306044,200,6867.32122
76.172998,800,6868.973552
79.604352,600,6870.254189
66.830166,901,6873.109188
87.838225,400,6873.904824
70.355964,1006,6875.923218
74.24778,900,6878.715451
67.873168,1200,6881.118682
71.921639,900,6883.908296
69.886754,1109,6886.126761
70.46312,1101,6889.326954
60.958914,1300,6892.907837
65.539291,1300,6895.482167
68.931197,1200,6898.968912
95.320627,200,6899.367011
86.440107,300,6899.960014
89.914613,200,6900.355306
66.351578,960,6903.32114
54.660628,1189,6905.709477
92.758886,300,6906.315385
68.032717,1100,6909.663763
91.050865,200,6910.075765
93.06173,200,6910.473823
63.974996,1219,6914.10709
92.740726,200,6914.515679
92.000664,200,6914.91228
85.75961,200,6915.309935
71.525427,1300,6919.029392
91.503977,200,6919.476898
82.745989,300,6920.079639
67.550738,1200,6922.457031
76.902934,800,6925.102488
70.848259,666,6926.431096
89.36144,300,6927.035458
87.351542,200,6927.424871
67.961695,1100,6930.726362
92.441501,200,6931.115819
95.082393,200,6931.526973
70.14115,800,6934.122379
92.941177,200,6934.528508
68.319952,1100,6936.687125
84.170345,300,6937.293003
83.648459,400,6939.013865
96.782419,400,6939.860181
89.916612,300,6940.484499
95.236637,300,6941.087182
57.720828,1268,6944.609094
58.9741,1290,6947.148577
61.61401,1188,6950.573608
65.772667,1200,6953.01005
74.573481,1000,6956.055364
100.255094,200,6956.45053
57.288766,1277,6959.952536
89.812213,300,6960.572338
63.502256,1100,6962.739195
90.392403,200,6963.143846
98.506612,200,6964.492371
64.733996,1227,6967.026657
69.564182,1202,6970.375311
73.963945,585,6971.602688
91.739939,200,6972.02059
68.477341,1000,6974.995273
78.388294,700,6976.592453
95.406316,300,6977.221749
98.662618,200,6977.626704
86.132046,200,6978.029462
94.532969,200,6978.425673
67.320652,1200,6981.865279
87.545377,300,6982.463248
94.975593,200,6982.856079
93.83445,200,6983.278185
89.539335,300,6983.861589
95.580653,300,6985.445585
92.224584,200,6985.893651
94.397435,200,6986.322022
92.451342,300,6986.927194
70.25488,1000,6988.953174
93.618323,200,6990.318074
89.672049,400,6991.199111
62.041869,1100,6993.45395
67.329663,1352,6997.098228
82.746013,500,6998.11605
61.368582,1157,7001.406246
66.304004,1099,7003.669503
61.048674,1200,7006.99487
70.653367,1000,7009.012524
65.141848,1200,7012.403288
98.205499,200,7012.801709
77.736363,802,7014.44887
94.529978,200,7014.836565
90.711621,200,7016.187875
83.16713,300,7016.781714
94.154275,400,7017.576732
93.585059,200,7017.962754
98.243703,200,7018.372649
91.65043,200,7018.788881
95.400869,300,7019.462066
69.395386,942,7022.358609
67.626164,1167,7024.74754
74.797059,800,7027.272698
61.075767,1300,7029.870286
94.906435,200,7031.18982
92.026011,200,7031.603987
65.364278,1100,7033.79762
65.611239,1300,7037.425266
70.01585,1000,7039.514305
71.949037,966,7042.598225
71.868636,1100,7044.832737
73.782402,700,7047.204474
98.316898,200,7047.595812
90.454255,200,7048.002015
65.134759,1100,7050.225688
94.915554,300,7051.812145
96.54129,200,7052.266285
79.949586,300,7052.898317
87.781278,200,7053.340426
63.130972,1200,7055.804559
69.231513,1000,7058.7424
82.987943,700,7060.181773
71.651367,1100,7063.374222
65.737276,1200,7065.805712
81.904657,300,7067.431928
92.856899,400,7068.229369
93.703557,200,7068.612623
70.962031,1300,7071.194935
88.399668,300,7072.80717
85.262421,300,7073.393626
86.672341,500,7074.427514
99.625677,200,7074.836918
89.969916,300,7075.440523
61.888295,1266,7079.119507
59.35014,1386,7082.82997
89.758999,200,7083.313118
90.545273,200,7083.752347
65.536607,1100,7085.992535
79.527731,400,7086.783231
62.487258,1300,7090.564049
66.414939,1300,7094.110987
63.101483,1184,7096.478875
89.904869,200,7096.859099
73.559207,1100,7100.160674
91.775653,300,7100.764983
66.96072,1300,7104.348225
93.652497,300,7104.99778
64.298817,1300,7108.766537
93.800754,200,7109.188971
68.638656,1100,7111.463698
70.368618,1000,7114.401412
68.794323,900,7116.28489
62.680089,1316,7119.872733
73.309652,800,7121.531337
66.00172,1023,7124.509601
90.708691,200,7124.933738
61.292214,1100,7127.155531
58.354073,1321,7130.709794
69.729751,1000,7132.721369
75.792518,1000,7135.888276
86.786034,200,7136.302291
59.476061,1067,7138.415921
90.350158,300,7139.999543
65.403654,1200,7142.392975
95.005915,200,7142.79123
92.719277,200,7143.191447
93.796531,200,7144.513924
94.20395,200,7144.97479
66.216797,1000,7147.045356
61.477984,1200,7150.419319
90.711198,200,7150.806253
72.32936,1000,7152.821116
90.14539,200,7153.213202
90.764386,200,7153.622521
94.582526,200,7154.972036
63.232492,1299,7157.585703
79.972684,600,7158.788644
63.246403,1300,7162.500261
92.532871,200,7162.896019
67.619713,1050,7165.974457
93.593607,200,7166.36848
91.857492,200,7166.754459
61.568714,1349,7170.46666
63.763418,1352,7173.361037
69.707449,1000,7176.398655
64.625485,1200,7178.765798
64.173101,1282,7182.356326
67.771701,1111,7184.58654
66.596385,1300,7188.145666
81.313347,300,7188.728618
93.064427,300,7189.332167
88.086585,200,7190.696797
73.918131,800,7192.377928
90.097131,300,7193.000833
74.756393,700,7194.398029
66.159222,1200,7197.872912
68.387399,1100,7201.11386
82.253831,500,7202.090674
59.455322,1243,7204.555899
90.93958,200,7205.014983
64.621465,1100,7208.231358
70.995429,1000,7210.205151
64.654316,1232,7213.749978
88.829637,200,7214.259006
92.527549,200,7214.670831
82.361027,300,7215.290793
89.093385,300,7216.864385
92.393559,200,7217.279883
87.309906,300,7217.926456
87.334741,200,7218.340309
80.079135,400,7219.222522
72.08273,1000,7222.211818
94.226269,200,7222.628435
73.401018,1100,7224.825914
96.100922,200,7225.227989
89.603283,200,7225.627943
84.876091,200,7227.006873
91.001713,300,7227.613266
63.377144,1200,7229.992007
86.846056,200,7230.437087
66.624021,1100,7233.603929
71.754451,1236,7237.19856
59.426038,1298,7239.888537
63.540241,1100,7243.115996
64.708486,1149,7245.404827
77.536111,400,7246.195578
65.694261,1300,7249.941602
96.576688,200,7250.33657
94.912374,200,7250.737113
98.449883,200,7251.136329
87.413053,300,7252.655923
89.234786,200,7253.067067
91.83755,200,7253.444846
84.038748,200,7253.860348
90.730127,200,7254.285085
89.822473,200,7254.66513
65.894152,900,7256.489728
92.412813,200,7257.814528
66.917492,1100,7260.017421
96.147912,200,7260.424331
92.854145,200,7260.823829
65.21383,1100,7263.944321
87.820129,200,7264.346677
95.739185,200,7264.74928
97.734685,200,7265.142184
81.914922,200,7265.532099
59.388508,1100,7268.701627
87.921264,400,7269.486339
65.606141,1300,7273.082903
97.81811,200,7273.482572
95.764513,200,7273.893448
88.90186,200,7274.314055
86.640402,200,7274.715839
64.84506,1311,7278.342903
66.878898,1200,7280.838402
96.677132,300,7281.43424
92.256278,200,7281.82728
65.903302,1000,7284.745948
66.32931,1100,7286.974977
63.075618,1175,7290.291913
93.210045,200,7290.757859
61.760446,1239,7294.216298
69.95031,805,7295.868941
70.113827,1000,7298.839592
95.557595,400,7299.629671
80.509801,400,7300.405846
67.425064,1164,7303.888749
75.443186,600,7305.125829
87.535527,300,7305.731181
70.210222,1000,7307.775035
89.933767,300,7309.330061
62.990265,1200,7311.729304
88.243762,700,7314.112499
93.93568,300,7314.76999
60.672636,1300,7317.384804
68.811246,922,7320.277789
98.593389,200,7320.683998
82.113958,600,7321.88079
91.050076,200,7322.261638
66.758305,1000,7325.255253
69.456963,1000,7327.315058
87.83752,300,7327.904216
86.326053,200,7329.257272
99.781527,200,7329.657355
81.459683,500,7330.642216
65.22548,1100,7332.825532
64.656897,1200,7336.262593
76.72196,700,7337.701352
60.964245,1300,7341.413912
61.072967,1304,7344.970613
95.088141,200,7345.364197
83.671889,300,7345.961739
63.428033,1217,7348.409498
63.620054,1043,7351.617071
68.504529,1163,7353.950317
77.932149,800,7356.504007
91.087876,200,7356.906208
69.257412,987,7358.899203
86.892774,200,7360.234979
70.950055,800,7361.837089
92.329854,200,7362.251334
67.616843,700,7363.624453
95.928049,200,7364.024043
69.842298,1000,7367.038055
84.738334,200,7367.588866
97.983535,200,7367.99441
73.62099,800,7370.620262
61.384566,1205,7373.033375
89.713226,300,7373.632912
86.123297,300,7374.223193
65.935482,1000,7377.166517
92.849979,300,7377.799301
88.071535,200,7378.202233
75.093752,900,7380.962729
68.555777,700,7382.449994
95.562984,200,7382.86005
52.97737,1290,7386.481622
91.155334,200,7386.877165
90.740357,200,7387.295128
69.185188,1000,7389.32758
80.926969,500,7391.37209
61.078947,1279,7393.942983
91.817998,200,7394.344485
75.152989,900,7397.045963
86.581209,400,7397.889387
63.611311,1200,7401.28977
87.155678,300,7401.897063
59.096404,1391,7404.66862
85.274914,400,7406.393911
93.707152,300,7406.985395
96.070538,200,7407.380285
65.457458,1272,7410.00611
94.037935,200,7411.377609
89.188794,300,7411.981671
59.841853,1233,7414.459339
99.606424,200,7414.85822
78.401938,800,7417.473074
69.335923,974,7419.468086
88.381779,200,7419.861018
69.912765,1090,7423.044654
88.997959,200,7423.45752
95.493658,200,7423.854003
94.325436,200,7424.267906
67.067713,1000,7427.239038
90.641115,200,7427.631792
90.113146,200,7428.051979
64.246869,1300,7430.669522
91.483591,300,7432.22239
90.387795,200,7432.618436
60.485435,1287,7435.426677
87.242108,300,7436.960886
60.694761,1400,7439.7651
61.506689,1300,7443.415036
55.791425,1303,7446.06484
61.576915,1200,7449.434697
88.501063,200,7449.833018
83.37663,200,7450.23111
86.056579,200,7450.624264
93.566482,200,7451.038874
70.739702,800,7453.642338
57.924043,1346,7456.353663
88.875358,300,7457.897527
98.067396,200,7458.312405
82.064627,300,7458.973521
93.297953,200,7459.417488
70.278589,1100,7462.556611
91.84867,300,7463.220112
70.481084,1000,7465.26774
61.109286,1300,7468.907896
61.628753,1453,7471.813109
62.840964,1100,7474.933646
100.643328,300,7475.534518
81.936635,200,7475.928476
70.41291,1049,7478.979924
89.510244,300,7479.572817
85.24883,200,7479.968531
98.575688,200,7480.367939
97.085287,200,7480.75475
67.663256,944,7483.684619
82.945139,500,7484.692082
91.240006,200,7485.098097
68.271599,1100,7488.391672
92.429707,200,7488.829629
64.972762,1213,7491.276825
93.472925,200,7491.659454
61.390059,1300,7495.205095
91.14271,200,7495.597743
68.550806,1100,7498.946811
83.913176,400,7499.786299
90.076824,200,7500.195971
74.094659,1000,7502.194841
65.702916,1300,7505.688677
75.692883,800,7507.265032
95.12476,200,7508.599816
68.636831,947,7510.64472
93.166713,300,7511.245703
89.377963,300,7511.855247
92.844645,200,7512.248733
67.256124,900,7514.980368
88.797364,200,7515.392632
61.215583,1300,7518.92997
76.334722,700,7520.430996
92.146858,200,7520.831467
92.369866,200,7521.228315
76.569045,800,7522.810814
84.392199,600,7524.977342
90.006509,200,7525.378097
59.114616,1000,7527.372907
95.788227,200,7527.768815
69.270967,1000,7530.832868
88.716326,200,7531.255296
87.934614,200,7531.662656
95.713313,200,7532.092916
60.636609,1385,7535.792022
61.764208,1200,7539.141131
86.527732,200,7539.618345
69.069184,1100,7541.875362
90.803223,200,7542.273242
50.649063,1300,7545.871999
58.907265,1300,7549.447762
59.647239,1246,7551.946624
94.039838,200,7552.360466
57.558007,1147,7555.656147
67.94104,1000,7557.671358
88.201541,200,7558.075513
79.186381,500,7560.102223
88.839589,200,7560.549038
94.928047,200,7560.955724
88.481681,200,7561.364038
66.304404,1100,7563.707609
83.906772,300,7565.292909
93.122118,200,7565.703928
69.005244,1000,7567.67979
77.113017,600,7568.886575
99.13468,200,7570.257242
62.377629,1317,7572.99092
98.062345,200,7573.385322
79.052851,700,7575.755122
86.009125,200,7576.161722
95.174467,200,7576.557022
84.995941,400,7577.343578
69.244375,1000,7580.420972
64.444955,1100,7582.70416
81.065809,600,7583.901225
98.134395,200,7584.301934
65.733675,1210,7587.838232
85.434663,300,7588.433824
67.848037,1031,7591.539677
85.146202,400,7592.383854
83.878837,200,7592.790205
69.687896,984,7594.731016
90.588787,200,7596.079952
83.92644,500,7597.154253
99.249844,200,7597.564947
96.340413,200,7597.95961
61.839572,1000,7599.977612
92.901335,200,7601.353993
73.402622,1052,7603.450107
86.29025,500,7604.434437
88.232271,200,7604.839818
70.415161,1000,7607.84669
79.866987,500,7608.8574
71.444365,960,7611.782492
66.238495,1182,7615.684302
83.961374,300,7616.647314
73.241907,800,7620.057463
93.358804,200,7620.557338
68.718809,1000,7623.126098
65.639953,1294,7627.528717
92.421529,200,7627.995248
74.320992,1000,7631.8553
69.824093,1100,7634.521413
67.648841,1200,7638.647374
92.202095,200,7639.204186
65.403352,1000,7641.667529
84.498189,200,7642.187007
71.442798,721,7645.199161
61.111592,1230,7648.111834
80.146553,800,7651.282709
66.41035,1200,7654.236411
93.504569,200,7654.698832
92.822086,200,7655.18973
91.175067,200,7656.854929
69.145857,1100,7659.527145
95.605501,200,7660.004544
93.4935,200,7660.476059
87.038707,200,7660.968811
70.828611,1100,7664.764196
69.504793,1000,7667.210264
69.311441,1026,7670.939006
63.584946,1278,7675.233244
76.527078,500,7676.524841
64.979414,1203,7679.412096
63.843381,1260,7683.838212
94.649974,200,7684.312662
63.455,1260,7688.54275
65.793014,1200,7691.455964
65.725919,1171,7695.616532
69.966157,1000,7698.030829
90.028891,300,7699.837765
86.775951,300,7700.453167
69.327706,950,7702.408821
95.947232,200,7702.804054
83.601792,500,7703.786709
68.759274,1100,7706.947527
65.030553,1100,7710.08245
91.523777,300,7710.693647
94.274774,200,7711.085794
98.393455,300,7711.700046
60.014039,1095,7713.913438
58.090004,1200,7717.338809
65.455866,986,7720.405195
92.236023,200,7720.811197
85.132451,300,7721.417059
90.380814,300,7722.034842
75.351953,900,7723.831942
70.771231,1000,7726.76136
70.054574,1156,7729.097475
79.390262,500,7731.104957
77.766308,690,7732.486164
63.77407,1019,7735.491695
85.380422,400,7736.371583
67.959729,1215,7738.820774
86.501881,200,7739.231903
65.526083,1086,7742.382754
60.18056,1063,7744.497255
60.221539,1300,7747.997005
66.514694,1222,7751.50381
97.530483,200,7751.92807
68.333896,1200,7754.439884
85.793762,300,7755.037332
82.461697,600,7757.259585
55.843353,1293,7759.925042
58.107097,1200,7763.53396
84.296795,400,7764.338627
98.621439,200,7764.735538
59.16868,1169,7768.106092
69.85244,1100,7770.289833
95.015426,300,7771.85909
96.388718,200,7772.288487
94.265567,200,7772.668558
67.756341,1100,7774.883416
94.120933,200,7775.287784
88.441279,200,7775.676069
88.594247,300,7777.25498
85.466469,300,7777.899313
89.263958,300,7778.52021
60.897967,1150,7780.798488
73.975452,1100,7783.987883
73.260585,800,7785.547822
62.462428,1270,7789.15783
72.596108,800,7790.747925
89.926423,200,7792.11695
72.469322,1100,7794.357123
66.003375,1194,7797.789129
96.722459,200,7798.235489
94.243569,200,7798.636546
93.122362,300,7799.233389
65.034759,1189,7802.616813
64.397558,944,7804.538559
64.391124,1225,7807.959977
68.364345,1200,7810.359983
68.083073,1243,7813.931217
67.489741,799,7815.530156
92.311072,200,7815.9426
89.946234,200,7816.345756
95.232676,200,7816.738929
74.67694,1000,7819.868777
64.547043,1000,7821.887905
69.750573,953,7824.745796
63.150404,1157,7828.155215
66.752488,1200,7830.575001
60.937945,1271,7834.100893
88.563393,300,7834.686296
82.078922,500,7835.703441
63.468072,1200,7839.035087
76.675094,798,7840.631769
95.620027,200,7841.037163
92.477983,400,7841.8367
95.319342,200,7842.250068
69.064618,800,7844.894838
97.303522,200,7845.30008
83.77548,400,7846.099849
93.045082,200,7846.520252
63.712971,1100,7849.736061
92.509172,200,7850.147011
93.627147,200,7850.539908
62.539419,1200,7853.962219
72.136431,889,7855.765399
87.34398,200,7856.15935
66.714687,1143,7859.390012
96.139184,200,7859.79205
69.668707,900,7861.564543
68.266394,1148,7864.868478
66.163546,1200,7867.258098
77.173846,600,7869.453758
74.575848,1246,7871.980625
85.13846,400,7872.812768
62.572869,1258,7876.267119
75.036812,1000,7879.287046
92.789346,200,7879.713172
92.592492,200,7880.181275
92.229849,200,7880.597335
62.801479,1190,7883.00807
70.721021,1000,7885.968521
99.127011,200,7886.367234
92.824665,200,7886.757964
87.012701,200,7887.161459
66.401184,680,7889.462922
94.645879,300,7890.068972
64.784082,1279,7892.761794
82.454864,500,7894.854248
91.085767,200,7895.264279
95.786587,300,7895.85788
93.09513,200,7896.261443
94.366067,200,7896.660059
81.121921,300,7897.258937
88.115982,200,7897.655471
93.984009,200,7898.056813
67.100075,1100,7901.273438
79.745326,300,7901.87303
69.904876,862,7903.612794
64.928736,1193,7907.187675
70.6106,695,7908.561496
66.208887,1200,7911.906441
79.241443,500,7912.913434
70.32512,808,7915.505323
68.885336,1000,7917.591619
65.620698,1100,7920.710658
95.956292,200,7921.128528
97.798544,200,7921.523107
78.132602,500,7922.505293
64.913554,1222,7925.998274
88.294701,200,7926.418015
99.729511,200,7926.821919
60.684541,1131,7929.066991
84.97431,200,7929.461695
66.16488,1093,7932.677936
88.029627,200,7933.086886
94.120166,300,7933.684854
96.854345,200,7934.095106
90.083461,300,7935.629347
90.219223,200,7936.034098
92.752516,300,7936.66421
62.741913,1200,7939.176657
79.281643,800,7941.722511
84.852541,300,7942.336409
62.669988,1000,7944.342804
89.504829,200,7944.730985
94.56283,300,7946.25114
58.27455,1200,7948.662566
90.427995,300,7949.262821
93.00158,200,7949.654193
95.74676,200,7950.991588
93.819192,300,7951.661367
89.890814,200,7952.069695
93.717408,200,7952.479491
94.901835,200,7952.919275
69.517898,700,7954.319365
64.00153,1024,7957.367174
67.089706,1011,7959.627713
60.131603,1288,7963.202158
63.004022,1200,7966.578737
91.91668,200,7966.988233
90.536669,200,7967.429873
62.3967,1115,7969.724425
85.387912,300,7970.313694
87.103271,200,7971.651315
66.506476,1114,7973.885209
92.658355,200,7974.301362
90.148839,400,7975.100559
70.931247,1100,7978.438601
92.208805,200,7978.837601
90.741786,300,7979.423092
94.372049,300,7980.036924
64.844162,1281,7983.555655
63.754759,1000,7985.628876
92.437223,200,7986.034741
85.893789,200,7987.420902
84.572586,200,7987.821339
71.817257,1000,7989.816343
94.540984,300,7990.425956
59.995909,1125,7993.676082
62.975376,1186,7996.168536
67.895835,1207,7999.680803
96.093149,200,8000.123098
94.199233,200,8000.525895
68.164164,986,8003.485836
91.12913,200,8003.878214
92.973133,200,8004.272301
91.174359,200,8004.667183
91.994551,200,8005.091369
95.282617,200,8005.477441
88.893184,200,8005.872465
88.109142,200,8006.28227
83.967283,200,8006.676559
91.794388,200,8008.021142
95.79689,200,8008.416885
66.035722,1007,8010.459469
75.520389,900,8013.198111
93.546377,200,8013.664179
86.170024,500,8014.688073
80.20849,300,8015.328579
93.529353,200,8015.732932
94.126162,200,8016.137063
60.644363,1299,8019.774266
93.357556,200,8020.169484
85.606193,300,8020.770585
63.170325,1062,8024.185536
68.975972,1200,8026.606774
61.514039,1200,8029.970459
61.846163,1263,8032.463065
62.906497,1100,8035.790842
90.402908,200,8036.208728
70.574387,900,8038.978104
63.376941,1152,8041.246539
93.377433,400,8042.049372
77.962193,800,8044.68362
67.062299,1061,8046.926326
95.241478,200,8047.324868
90.320881,400,8049.056641
72.902078,714,8050.468917
79.965952,300,8051.061386
78.80349,400,8051.84263
83.166193,400,8052.649796
88.524113,300,8054.249997
74.200938,1100,8056.525539
55.79905,1289,8060.145769
66.88524,1200,8062.521395
64.201028,1246,8066.076743
63.594143,1236,8069.505709
92.658178,200,8069.936032
63.591674,974,8071.876879
67.647465,1100,8075.011135
93.058083,200,8075.428461
93.44847,200,8075.854134
70.358318,985,8077.862827
84.672791,300,8078.485141
64.133699,1100,8081.663754
94.256426,200,8082.086928
94.440835,200,8082.484687
72.615576,700,8084.836443
62.251385,1097,8087.041126
89.249229,300,8087.627879
73.551359,888,8090.559176
91.393447,200,8090.964038
87.239772,300,8091.58179
92.76584,200,8091.990409
60.063098,1070,8094.126305
66.486643,1200,8097.514906
91.471003,200,8097.912541
76.875822,900,8100.647325
81.254503,400,8101.510025
64.013053,1016,8103.55503
61.337968,1100,8106.748155
92.179497,200,8107.140966
90.56217,200,8107.547353
69.104489,1000,8110.465744
94.105448,200,8110.862067
92.708645,300,8111.443127
91.686893,300,8112.048521
95.701986,200,8112.440255
90.567961,500,8113.450662
84.236857,300,8114.039314
63.459478,1059,8117.495528
91.952379,300,8118.108929
60.198743,1255,8121.641902
98.843256,300,8122.227483
76.98471,1000,8124.30693
89.203936,300,8124.990031
71.551887,900,8127.850779
86.473876,200,8128.367871
91.8963,200,8128.804946
68.861499,1200,8132.195847
60.269163,1269,8134.754788
95.460218,200,8135.153991
98.004446,200,8136.569079
91.686278,200,8136.969092
64.713875,1100,8139.301703
89.1348,300,8139.927458
72.519383,800,8142.540564
95.675404,200,8142.954835
63.854672,1267,8145.50295
92.061723,200,8145.914352
64.727073,1204,8149.305741
88.883282,300,8149.894213
75.477304,500,8150.908807
66.23793,1271,8154.358764
72.923746,1200,8158.025904
94.284768,200,8158.427161
68.997255,800,8160.032927
73.172652,800,8162.556715
88.257016,400,8163.353134
91.287632,300,8163.946004
88.775838,200,8164.342417
95.956547,300,8164.938073
66.927051,951,8168.096884
74.085795,1300,8170.719815
60.932787,1200,8174.080225
96.413526,200,8174.472096
77.39217,500,8175.481179
75.00078,965,8178.444819
77.231956,900,8180.366454
66.866403,1185,8183.99111
99.737389,200,8184.415158
71.238129,1000,8186.426673
65.703963,1000,8189.433291
89.33209,200,8189.904253
62.412565,1000,8191.906606
80.549257,300,8192.511608
66.533839,1121,8195.793034
79.839914,400,8196.620317
70.818261,1100,8199.844317
98.734422,200,8200.252005
97.306239,300,8200.846672
92.141862,200,8201.235142
91.814916,200,8201.642756
93.70046,200,8202.037903
92.440251,200,8202.436261
89.414461,200,8202.83659
90.701674,200,8204.187573
58.931723,1218,8206.621573
72.476665,900,8209.378592
76.611847,1100,8211.54815
69.923907,900,8214.29802
91.719784,200,8214.755946
92.700994,200,8215.17992
61.309488,1111,8217.430005
87.104373,300,8218.041157
86.589766,300,8219.577561
62.749653,1190,8221.953195
65.965846,883,8224.876259
95.771478,200,8225.314472
91.760555,300,8225.913023
65.486977,1100,8228.201458
91.227875,200,8229.514095
91.059605,200,8229.924785
70.480494,1100,8232.23934
80.066167,500,8233.244541
95.751193,200,8233.648485
70.068666,1000,8236.690392
93.728179,200,8237.102084
95.096965,300,8237.724807
96.702344,200,8238.132913
68.481321,900,8241.052305
85.041607,400,8241.864872
70.244016,1100,8244.052846
94.47906,200,8245.38333
61.65382,1000,8247.406692
88.287709,200,8247.802582
89.992253,200,8248.197392
89.037377,200,8248.59795
97.614126,200,8248.980652
84.42968,200,8250.345886
63.167175,1200,8252.794672
69.909079,1078,8255.948281
89.606616,200,8256.361522
89.295572,300,8257.01325
62.131308,1256,8260.507443
92.455751,200,8260.904551
63.393694,1200,8263.289299
93.662013,200,8263.69082
89.32227,200,8264.092287
92.013912,200,8265.403071
68.297327,1000,8267.50598
90.914473,200,8267.953951
94.457321,200,8268.347764
94.662734,200,8268.744786
58.305123,1256,8272.325247
99.481177,200,8272.71653
87.76322,200,8273.144018
82.625561,600,8274.339388
97.142121,200,8274.733649
68.911394,800,8277.366458
82.344831,200,8277.765036
64.707235,1294,8281.329213
97.554334,200,8281.719185
60.267222,1239,8284.192656
91.74551,400,8286.038498
71.886679,1100,8289.096186
99.770244,300,8290.156818
78.803877,680,8293.675947
91.074882,300,8294.667
76.765975,500,8296.099502
87.591041,200,8296.653494
80.21773,700,8298.257812
67.701365,1000,8301.613214
65.679369,1200,8304.02329
78.404107,1000,8306.987308
68.583573,1000,8308.990002
66.166586,935,8312.028854
92.927853,200,8312.425537
91.305531,300,8313.033843
95.217403,300,8313.627711
92.101615,200,8314.026882
65.107308,1200,8317.507569
64.102008,1300,8321.158109
93.138191,200,8321.579766
67.489453,1121,8323.809051
93.957271,200,8324.20185
69.736985,1000,8327.411916
76.196944,400,8328.222343
87.599509,300,8328.82324
58.96396,1293,8332.491266
72.665892,1000,8334.475804
62.16595,1266,8337.966136
61.807982,1279,8341.636811
86.421732,300,8342.244717
71.858065,874,8343.999898
70.59521,900,8346.714094
91.140269,200,8347.162021
89.954817,500,8348.250969
82.156624,500,8349.2699
91.777355,300,8349.862425
72.23101,800,8352.41187
83.792347,600,8353.618582
58.412386,1142,8356.082574
95.76223,200,8357.468594
99.825457,200,8357.877783
75.645145,700,8359.407723
87.926722,400,8360.209154
71.793844,1000,8363.129639
72.830367,1200,8365.537904
93.741779,300,8366.166439
90.042027,200,8367.568491
87.801132,300,8368.214992
66.616117,1100,8370.577674
64.636251,1200,8374.036827
87.527736,200,8374.429313
84.335249,400,8375.245168
56.953159,1181,8378.634816
94.280858,200,8379.043554
72.396168,1054,8381.195417
90.40181,200,8381.594161
90.046503,200,8381.998623
71.6527,930,8384.78682
91.550352,300,8385.389356
79.181525,500,8386.415704
88.646962,300,8387.097988
92.342894,200,8388.464246
99.683587,200,8388.909006
68.096874,1100,8391.175462
94.604962,200,8391.57105
68.472974,1328,8395.146025
93.501771,200,8395.539055
72.82579,1100,8398.699911
75.653037,900,8400.519884
90.89402,300,8401.114597
63.683549,1011,8404.065336
64.520243,1071,8406.265827
66.885461,1000,8409.324488
61.322668,1265,8411.848698
89.688271,200,8412.269081
79.90748,500,8414.242141
91.964706,300,8414.864405
62.600202,1200,8417.267043
88.182592,300,8418.833065
91.838831,200,8419.319233
75.012726,700,8420.75166
90.127124,200,8421.281316
65.929781,1100,8424.520187
90.813436,200,8424.928017
79.969975,600,8426.113506
93.200937,300,8426.713874
84.237352,400,8427.522384
60.761872,1300,8431.13804
87.657622,200,8431.54508
86.984318,200,8431.939254
91.7993,200,8432.33706
89.523968,300,8432.929296
81.640445,400,8434.740927
90.632539,200,8435.154954
62.050079,1200,8437.567303
96.071424,300,8438.183374
63.060414,1100,8441.388441
71.588046,900,8443.206185
91.27482,200,8444.558562
72.26536,900,8446.342592
90.552258,300,8446.930497
64.891807,1245,8450.492107
90.817833,200,8450.888133
89.566652,200,8451.2829
84.112779,500,8452.295835
69.997914,1000,8455.405277
73.664999,700,8456.783907
90.872574,200,8457.179632
68.874367,792,8458.750161
84.023591,200,8460.164037
64.310537,1100,8462.420437
98.378259,200,8462.820238
58.321777,1217,8466.227775
67.077233,1000,8468.249482
75.97047,900,8471.09092
88.502749,400,8471.891503
95.204631,200,8472.292406
91.925527,200,8472.672644
73.269222,689,8474.035884
64.900291,981,8477.028249
65.43492,1000,8479.083761
64.411232,1226,8482.60887
84.140752,200,8483.011744
92.592369,300,8483.597836
66.737255,1003,8486.632501
62.621899,1200,8489.176245
86.914858,300,8489.773936
99.957486,200,8491.186322
70.764494,873,8493.129865
64.973626,966,8495.045821
74.07048,900,8497.898125
57.424097,1200,8500.328497
62.313531,1313,8504.025734
95.181298,300,8504.631863
62.99323,1100,8507.751465
59.609238,1200,8510.17536
61.850675,1000,8513.221195
94.297109,200,8513.644977
59.452161,1200,8516.962575
64.58066,1292,8519.528267
93.95109,200,8519.94158
71.003943,893,8522.733953
94.052982,200,8523.141955
86.616201,200,8523.556015
80.650702,600,8525.014595
68.417973,1021,8528.03744
81.454698,400,8528.858767
93.005714,400,8529.68063
67.794803,900,8532.420356
68.450139,1100,8534.602122
70.233095,900,8537.344159
65.401272,1194,8539.828631
78.429806,500,8540.835938
90.741126,200,8541.25738
66.052755,1000,8544.172109
74.324434,1125,8546.395859
59.246198,1050,8549.520137
67.182098,900,8551.509413
90.399707,200,8552.91998
88.383528,200,8553.314006
83.008887,300,8553.923103
66.943493,1200,8556.302068
80.437878,500,8558.241895
88.259554,200,8558.696203
90.400422,300,8559.30268
71.391385,800,8560.871949
69.191489,1100,8564.110233
62.223735,1215,8566.506948
54.666345,1256,8570.079627
67.273378,1000,8572.105669
75.300973,790,8574.746368
94.659366,200,8575.149786
64.726601,1200,8578.495581
62.590212,1211,8580.916835
90.203446,300,8581.542747
59.819941,1100,8584.781417
88.238309,300,8585.396866
64.068367,1200,8588.772994
96.899904,200,8589.190848
80.952749,700,8590.579158
66.935886,1000,8592.585609
70.895718,1100,8595.707881
74.026859,1000,8598.650321
95.912285,200,8599.196619
88.621928,200,8599.724643
62.448874,1100,8602.004072
81.345647,400,8602.789685
91.643742,400,8604.630622
96.906372,200,8605.064673
69.950147,1100,8607.276171
95.78999,200,8607.665164
70.678711,1200,8611.082399
87.774966,300,8611.675839
89.743142,300,8612.291707
92.396307,200,8612.683965
58.586921,1271,8616.157626
91.190597,300,8616.86858
97.345648,200,8617.322702
68.988312,1002,8620.383864
96.653213,300,8620.994363
87.844528,300,8621.576889
96.173359,200,8621.999718
76.364586,300,8622.579293
86.933766,400,8623.38655
85.382503,400,8625.178725
91.238667,200,8625.618197
97.712853,200,8626.041452
88.735469,200,8626.45441
69.639389,1100,8628.739774
65.303113,1228,8632.196978
93.578545,300,8632.785918
72.534609,700,8635.117521
66.557709,1200,8637.802418
67.985488,1229,8641.283022
62.710134,1100,8643.507423
92.767382,300,8644.088159
62.582547,1200,8647.412606
89.126294,200,8647.801431
64.48662,1295,8651.321383
96.011606,200,8651.70982
66.529386,1128,8653.983742
94.959316,200,8654.374935
66.327362,1100,8657.599958
96.09442,200,8658.010921
77.914454,900,8660.871645
96.521765,200,8661.272933
60.611036,1200,8663.689093
62.834964,1165,8666.920329
94.848841,200,8667.320141
87.645026,200,8667.71473
95.746164,200,8668.107867
70.736285,1300,8671.725393
86.061229,400,8672.563286
77.89739,600,8673.767524
93.845257,400,8674.558868
60.936152,1100,8677.67769
69.545382,1000,8679.747599
93.183473,300,8681.296624
74.985811,700,8682.704864
62.592835,1100,8685.141357
65.831604,1000,8688.067936
89.565217,200,8688.459722
60.216222,1189,8691.813788
70.68962,1100,8694.138307
81.207811,800,8696.686526
86.285665,300,8697.284741
87.48211,400,8698.066833
87.233463,200,8698.462639
89.52923,200,8698.852085
74.26442,700,8700.285928
71.41158,1100,8703.533161
65.775059,1200,8706.879169
75.488582,800,8708.53915
65.542033,1049,8710.781982
66.077358,1300,8714.447911
93.228629,200,8714.846573
94.524004,200,8715.238364
95.325607,200,8715.648211
81.702193,500,8717.603474
64.450843,1100,8719.89262
89.15374,200,8720.317147
82.806817,900,8723.313534
66.432488,1145,8725.60593
72.791687,1200,8729.038839
91.05533,200,8729.441944
89.031411,200,8729.837834
84.559148,400,8730.646457
72.356573,900,8733.417095
88.373055,300,8734.004195
62.888158,1000,8735.983982
93.245325,200,8736.375954
90.85403,200,8737.690853
91.102611,200,8738.101865
93.874765,200,8738.540747
96.357978,300,8739.16712
80.54931,600,8740.431659
89.963629,200,8740.816343
103.646164,200,8741.216204
69.646976,1100,8744.352185
58.910986,1242,8746.813992
90.315542,200,8748.183904
91.437765,200,8748.769018
63.291796,1109,8751.027838
94.326711,200,8751.42623
72.801637,1000,8754.381118
89.765757,300,8754.975724
96.472802,200,8755.387684
65.274148,1211,8758.757814
92.653969,200,8759.185284
67.461888,1200,8761.612464
91.394336,200,8762.009692
90.319546,300,8763.538821
87.321889,500,8764.637758
69.040505,987,8766.603769
66.129504,1260,8770.101839
62.03325,1200,8772.483733
84.326988,400,8774.266037
92.299331,200,8774.722039
89.738029,200,8775.158469
85.999213,300,8775.775694
81.445796,300,8776.374135
62.705035,1200,8779.776361
61.109753,1094,8782.004823
73.183869,600,8784.18277
96.213689,200,8784.625523
70.525957,1000,8786.650032
59.007239,1199,8789.950568
68.240676,1000,8791.958409
78.290904,700,8794.355272
65.421936,1234,8796.886023
93.994062,200,8797.284631
63.547563,1223,8800.654787
59.776478,1153,8803.08354
90.890518,200,8804.447051
83.90902,400,8805.236886
69.683624,1057,8807.353903
69.66893,1000,8810.381703
84.610643,400,8811.207193
90.89427,300,8811.802768
89.541762,300,8812.405839
87.906139,300,8813.150419
84.021938,300,8814.775388
71.86586,840,8816.471003
76.016979,900,8818.259948
66.379466,1100,8821.643651
75.92312,600,8822.835099
91.534106,300,8823.466204
89.534115,400,8825.223289
85.828099,200,8825.610697
99.59589,200,8826.014754
93.39632,200,8826.415157
68.378188,1186,8828.764841
93.446181,200,8830.115571
71.202949,1144,8832.508952
69.52063,1000,8835.491078
77.60128,800,8837.079972
70.629029,800,8838.663133
92.049013,200,8839.050385
95.572401,200,8840.542345
88.464759,300,8841.18334
91.779314,200,8841.586819
72.437922,1000,8843.565014
65.784189,1007,8846.542528
91.509511,200,8846.946561
91.351587,200,8847.337774
79.945837,600,8848.524357
93.537384,200,8848.907332
67.890038,1000,8851.949838
63.650249,1218,8854.393147
75.923623,600,8856.659356
68.357212,1053,8858.783835
81.541887,400,8859.593977
99.352283,200,8860.995919
66.392782,1155,8863.392302
68.41149,1000,8866.355878
61.692588,1252,8868.834594
82.6061,500,8869.83504
78.022839,600,8872.002978
93.39658,200,8872.403007
74.143466,1100,8874.573971
93.921421,200,8874.98055
77.005186,600,8877.21525
65.122513,1200,8879.80751
85.544303,300,8880.438038
63.962378,1185,8883.737844
78.285789,500,8884.728057
96.736702,200,8885.145106
72.04425,1100,8888.305269
68.370062,1265,8891.790952
96.464045,200,8892.248037
77.010864,600,8893.505085
70.7463,1000,8895.523488
86.571589,200,8896.848093
65.17678,1253,8899.550403
90.264614,400,8900.366342
78.492707,900,8903.127402
62.410826,1075,8905.305094
72.49994,900,8908.031181
65.766773,1100,8910.212567
67.263003,1281,8913.671555
69.62775,1100,8915.953501
93.803654,200,8917.299546
67.756688,1000,8919.310325
83.430921,300,8919.913191
62.828968,1200,8923.345446
92.235752,200,8923.745775
90.656891,200,8924.131816
96.718872,200,8924.550911
63.489457,1269,8928.069361
93.999359,300,8928.662058
72.999565,988,8930.640531
88.293079,300,8931.233598
83.071545,200,8932.814523
96.294816,300,8933.467489
74.612139,763,8934.997438
90.399095,200,8935.436518
62.728597,1161,8938.734135
95.039757,200,8939.127779
84.780007,500,8940.12298
94.327202,200,8940.519522
88.860432,200,8940.936239
68.135012,1100,8944.181419
96.300439,200,8944.681623
65.529957,1049,8946.872787
89.729976,500,8948.94434
92.732294,300,8949.573637
67.907215,1100,8951.805804
62.328516,1100,8954.949642
62.898958,1199,8957.344281
66.938844,1000,8960.357243
74.660959,800,8961.937463
94.49833,200,8962.363556
62.452089,1232,8965.754823
66.896732,1200,8969.469292
93.300446,300,8970.062733
86.333468,200,8970.458161
94.356031,200,8970.852128
89.754198,200,8971.251001
69.442173,900,8974.003535
85.40901,400,8974.789965
63.577963,1138,8977.066439
76.947415,800,8979.594721
67.787121,1185,8982.036526
73.864736,500,8983.115719
67.367954,1037,8986.288565
90.334362,300,8986.876464
90.058702,200,8987.280122
66.29022,1100,8990.41895
68.202258,827,8992.055798
73.168011,1100,8995.298966
67.246526,1100,8997.547276
100.648463,200,8997.949041
63.089074,1137,9001.157268
92.793112,200,9001.536339
93.401355,200,9001.936594
90.232167,200,9002.331204
86.61988,200,9002.743273
96.182616,300,9003.340107
69.43429,1000,9006.283668
96.658326,200,9006.713268
64.705052,1087,9009.85317
94.105945,300,9010.590566
76.173155,900,9012.507279
90.902866,300,9013.11486
97.72556,200,9013.51366
70.847334,1000,9016.473777
68.471001,1200,9019.050936
66.030508,1200,9022.55415
84.983348,400,9023.373159
62.09988,1242,9026.879473
87.79144,300,9027.478239
64.815898,1200,9030.792475
88.234684,300,9031.385783
67.914494,1200,9033.796611
66.770316,1200,9037.143329
96.885584,200,9037.525496
67.313545,818,9039.141895
93.326777,300,9040.674758
65.069227,1200,9043.106556
77.047523,900,9045.961722
63.411743,1100,9048.27897
65.479279,1203,9051.63414
56.809235,1200,9054.026766
91.502191,200,9054.436069
88.902401,300,9055.951435
90.060061,200,9056.356068
62.451298,1255,9058.872452
85.48691,500,9059.843626
82.954978,300,9061.450489
85.705948,300,9062.079843
86.164766,300,9062.667736
98.032566,200,9063.098102
90.861577,200,9063.510185
85.529107,300,9064.104732
74.9061,500,9066.114491
91.068152,200,9066.514184
75.876868,1000,9068.506724
85.970161,300,9069.120029
63.226902,1000,9072.085039
93.587755,200,9072.476376
72.996984,760,9073.987316
85.961558,200,9074.411074
78.928856,700,9076.861537
62.293049,1219,9079.525981
82.516847,500,9080.562953
87.309734,200,9081.890784
91.955296,200,9082.31057
76.517787,500,9083.30598
75.397014,600,9084.491563
95.657808,400,9085.29504
68.147223,1000,9088.194314
93.854326,200,9088.594533
89.559951,200,9088.990084
61.463483,1230,9092.440857
68.513151,1258,9094.97017
62.20818,1084,9098.172086
83.759601,500,9099.186666
84.118719,200,9099.577465
93.674034,200,9099.990927
61.979429,1185,9103.355987
90.152388,200,9103.768033
84.848512,600,9104.960105
71.429923,1000,9107.920344
86.404768,300,9108.51825
72.725779,1000,9110.486401
69.61233,805,9113.13008
84.691808,200,9113.552906
68.718113,1100,9115.744205
78.633309,700,9118.172679
91.043245,200,9118.578329
68.726172,800,9120.17786
96.159673,200,9120.581608
91.507413,300,9121.181992
76.278159,400,9123.039921
99.504696,200,9123.469493
94.433872,200,9123.891744
93.354571,200,9124.290852
85.700522,400,9125.080689
88.669807,200,9125.472264
69.310401,1200,9128.827824
77.094034,600,9130.009774
80.981098,400,9130.781742
69.119898,769,9133.387418
64.703295,1200,9135.79978
96.325949,200,9136.193867
69.907262,900,9138.950891
64.543957,1101,9141.210955
73.089393,1200,9144.787129
86.897834,200,9145.1901
85.370516,200,9145.57611
66.872047,1000,9149.008711
94.716958,200,9149.525864
59.678804,1193,9152.374897
91.307446,200,9152.843925
73.724203,1191,9156.824609
74.840352,1000,9159.297971
71.892059,1000,9162.828213
62.093212,1238,9166.348187
91.92126,200,9166.773728
82.503189,500,9168.000986
94.489682,200,9168.439734
92.813715,200,9168.866444
92.266056,200,9169.270162
66.948035,974,9172.305491
67.875286,1000,9174.302113
70.73172,1100,9177.472728
65.833802,1209,9179.969099
92.237819,200,9180.366587
69.501333,984,9183.320745
64.232835,1100,9185.506597
89.707686,200,9186.860023
90.322463,300,9187.538007
61.441255,1107,9189.762086
93.166393,200,9190.172276
90.422076,200,9190.550022
68.93698,1179,9193.974444
91.088695,200,9194.38453
93.065555,200,9194.783987
91.325757,200,9195.18684
93.357018,200,9195.58034
91.213525,300,9197.123444
71.204485,1100,9199.448182
91.242845,200,9199.849966
64.071418,1288,9203.42611
72.226194,900,9205.223657
99.976499,200,9205.606844
80.911028,400,9206.403535
62.030011,1048,9209.736723
82.201105,400,9210.55896
70.437193,1100,9213.718615
60.837436,1036,9215.834024
89.332211,200,9216.386931
77.398175,900,9219.392999
95.183761,300,9219.992054
67.150042,1000,9221.981908
75.205785,900,9224.874253
83.707943,500,9225.864997
101.184221,200,9226.263436
93.233503,200,9226.661221
95.190348,200,9227.054787
96.416038,300,9228.590837
67.34315,1100,9230.933168
82.065414,600,9232.128155
63.634045,1180,9235.452409
75.437495,500,9236.436512
93.171475,300,9237.02019
69.987991,1100,9240.308758
66.251875,1281,9243.78035
92.435651,200,9244.213239
69.603628,1174,9246.654403
95.578158,200,9247.064328
66.923036,1043,9250.085347
64.749554,1300,9252.6582
75.286584,838,9255.29948
100.117426,200,9255.711931
89.94581,200,9256.10934
75.399708,900,9257.944826
100.010253,200,9259.349241
60.903945,1281,9262.017004
71.16366,1300,9265.771386
89.520999,400,9266.586748
63.0738,1200,9269.938812
76.563113,1000,9271.979309
93.90806,200,9272.381103
94.846731,200,9272.770352
96.153606,200,9273.174411
85.153039,400,9274.966108
91.342247,200,9275.391839
65.226416,1222,9277.832178
91.168073,300,9278.428975
66.77301,1100,9281.574769
64.71835,1200,9284.945816
87.102613,400,9285.756565
92.072112,300,9286.357169
-338.919276,20000,9336.60182
94.882159,200,9337.005378
68.284622,1100,9339.171367
69.185547,800,9341.732328
89.094197,500,9342.779175
64.050397,900,9344.597267
72.961603,1010,9347.573467
66.713852,1050,9349.646252
59.101921,1100,9352.792382
71.497346,800,9354.37026
87.905084,200,9354.759389
89.91227,200,9355.149423
84.167765,400,9357.002142
95.40107,200,9357.416364
67.033508,1200,9359.811299
89.306616,400,9361.560698
93.961281,300,9362.23499
100.338474,200,9362.649472
87.874321,200,9363.073002
71.467997,1100,9365.274319
70.050037,900,9368.061059
98.239022,200,9368.452573
92.083355,200,9368.847995
91.083319,300,9369.453209
91.66812,300,9370.036849
88.550194,200,9370.466858
90.762167,200,9371.897016
88.40207,200,9372.338866
70.039407,1000,9374.406414
81.319756,500,9375.384242
71.492971,1100,9378.556195
58.645593,1270,9382.193668
63.572359,1200,9384.644509
94.097316,200,9385.040301
83.287179,300,9385.616831
90.99672,200,9386.041357
87.269935,400,9387.76891
92.211462,200,9388.160019
65.224527,1138,9390.413722
92.883869,200,9390.822691
75.068017,700,9393.203677
90.435511,200,9393.598259
97.196173,200,9394.033812
68.431501,900,9395.955605
77.671163,400,9397.771928
69.972235,1000,9399.782891
90.328826,200,9400.181406
97.913625,200,9400.572593
68.719761,1300,9404.109112
90.084329,300,9404.699085
98.022396,200,9405.098101
91.926694,300,9405.700571
75.819227,1000,9408.604526
89.234872,200,9409.012411
69.03047,1000,9411.023228
91.687466,200,9411.415557
97.475229,200,9412.753921
90.450722,200,9413.194839
89.471926,300,9413.830698
92.751242,200,9414.236538
92.147781,200,9414.631924
74.550668,1000,9416.662857
62.084042,1188,9420.01935
68.310428,1200,9423.354383
94.778505,400,9424.127878
60.441013,1156,9426.44434
84.92208,400,9428.171361
88.019454,400,9428.957073
93.70448,200,9429.351454
63.651593,1000,9431.369091
65.754361,1105,9434.627346
70.542567,903,9436.43266
71.17788,800,9439.072586
61.017912,1199,9441.588284
79.510681,1100,9444.73183
86.89258,400,9445.515204
89.166576,300,9446.120477
70.966024,855,9448.829631
71.909806,1000,9450.864816
71.381315,1000,9453.83854
86.500964,300,9454.450046
76.256321,700,9455.858806
94.874508,300,9456.459885
63.554843,1100,9459.690747
89.145645,300,9460.293559
86.247972,500,9461.291618
82.672261,600,9462.662202
87.178805,400,9464.500122
82.947018,300,9465.108156
95.394806,300,9465.69564
93.501736,200,9466.096779
68.116582,1000,9469.065088
97.782722,300,9469.650904
86.704663,200,9470.050253
76.591831,500,9471.034107
92.279247,200,9471.448675
60.631202,1066,9474.59004
59.551201,1227,9477.064697
82.833947,455,9477.967299
98.401521,200,9479.368628
65.85709,1100,9481.692893
67.688906,1105,9484.860076
96.969466,200,9485.295169
85.513288,300,9485.91816
92.104452,200,9486.320896
92.621051,200,9486.721448
69.550715,800,9488.324626
66.043974,1233,9491.839397
69.867857,1100,9495.005121
88.709476,400,9495.808247
66.556131,1019,9497.828499
92.350395,200,9498.223812
65.28335,1000,9501.369586
95.869054,200,9501.801555
92.721929,200,9502.201226
64.649366,1100,9505.316295
81.495946,700,9506.815637
73.356874,979,9508.771924
88.388458,200,9510.114661
88.093849,300,9510.76241
86.603544,500,9511.846435
89.912776,200,9512.282761
95.348196,300,9512.917731
61.450608,1222,9518.544739
66.241461,1098,9521.145555
88.814844,200,9521.621228
93.555648,200,9523.42989
71.541,900,9525.693438
66.136175,1150,9529.844815
91.030354,300,9530.617846
67.831045,1200,9533.541168
91.974381,300,9534.23747
63.981013,1100,9538.291893
71.418162,695,9539.941922
93.251681,200,9540.42774
71.247284,929,9543.952962
88.150163,200,9544.447335
93.416498,200,9544.929124
70.365375,1000,9548.59354
81.67052,300,9549.389456
71.466491,1100,9552.041206
97.272147,200,9552.550854
95.210589,200,9553.025945
75.027039,783,9556.208709
57.156654,1209,9559.130974
65.649447,1100,9563.214693
91.500146,200,9563.709689
93.934495,200,9564.194832
69.270399,1048,9567.914934
88.986006,200,9568.388727
66.959741,1000,9570.778752
92.048722,300,9571.501254
72.56462,900,9574.906677
90.493757,200,9575.374142
92.865018,200,9575.865647
88.909626,200,9576.355347
59.864801,1156,9580.399358
89.96162,200,9580.863009
91.992964,300,9581.591431
97.13065,200,9582.109473
92.50549,300,9582.904001
80.794662,500,9584.100354
83.927597,200,9584.580545
95.779074,200,9586.37472
91.234232,200,9586.827601
91.427167,300,9587.576115
66.320607,1000,9589.991272
93.769557,300,9590.691266
95.557527,200,9592.48061
82.356496,500,9593.705696
64.313827,1174,9596.75449
61.021386,1180,9600.966779
91.98915,200,9601.461428
71.982531,1100,9605.431731
63.846799,1000,9607.940439
86.633134,200,9608.420689
74.446284,900,9611.739305
87.239266,200,9612.153711
96.830197,200,9612.552375
88.962807,200,9612.967952
95.119317,300,9613.578107
81.0206,400,9614.362921
93.91976,200,9614.758565
68.284346,1218,9618.224827
89.028268,400,9619.040819
94.014592,200,9619.505155
64.699552,1030,9622.529472
66.043538,1100,9624.744818
88.593014,200,9625.140181
81.38908,500,9627.057244
66.305307,1200,9629.518052
92.557857,200,9629.924514
92.093449,200,9630.316239
88.916645,300,9631.857901
67.73384,1196,9634.280969
71.698847,900,9637.079259
97.860379,200,9637.479071
61.855864,1300,9640.103469
64.501646,1000,9643.030042
78.847627,600,9644.230595
80.329081,400,9645.036265
68.92442,1100,9648.260742
71.158518,1100,9650.502453
79.645281,500,9652.431767
82.168641,400,9653.207925
90.088943,300,9653.830861
65.492999,1200,9657.166007
94.185411,200,9657.570317
89.873913,200,9657.970516
93.726113,300,9658.570371
65.318785,1252,9661.264153
77.037668,800,9663.870652
85.650495,300,9664.470882
62.139922,1200,9667.944468
92.007213,300,9668.560105
68.470084,1000,9670.585673
70.64633,1000,9673.612435
93.528676,200,9674.041866
67.619523,1000,9676.067559
82.559725,400,9676.872848
75.38881,464,9678.775596
99.601889,200,9679.179676
73.841996,1005,9681.29111
60.098798,1242,9684.876796
68.76834,1000,9686.866044
77.451016,1000,9689.905358
93.491908,300,9690.486437
67.905601,932,9692.332162
65.078965,1089,9695.546376
85.102594,300,9696.150853
89.928947,300,9696.748248
72.569538,700,9699.104637
98.548546,200,9699.489971
96.172678,200,9699.895639
73.541151,900,9701.660979
87.613889,200,9702.051171
68.636219,900,9704.948115
64.957137,1099,9707.163012
89.873714,400,9708.989386
92.892082,200,9709.387223
91.022611,300,9709.998731
79.531118,400,9710.787202
91.176237,300,9711.37109
61.918102,1199,9714.733394
96.049994,200,9715.137046
98.661415,200,9715.53762
74.873245,1000,9717.497664
68.906659,1200,9720.990129
93.673392,200,9721.397695
71.321601,1100,9724.55807
61.385617,1234,9727.207176
65.339547,1300,9730.835395
92.823771,300,9731.437014
73.604285,800,9733.048741
92.224913,200,9734.377299
75.936781,1000,9736.417816
69.437718,1279,9740.0272
70.632167,900,9741.934245
63.856821,1196,9745.336732
75.330526,863,9747.130467
63.539862,1217,9750.501829
89.65355,200,9750.889949
63.333449,1238,9753.338382
92.189835,200,9753.733451
70.916308,897,9756.541239
94.891759,200,9756.963394
93.611578,300,9757.554201
67.707631,1081,9760.790462
73.539223,700,9762.242589
84.293187,200,9762.654556
70.865011,800,9764.236356
88.866129,300,9765.825963
91.757936,300,9766.507967
84.554028,200,9766.919735
92.625499,300,9767.53633
66.619513,1224,9771.046924
88.426093,300,9771.658164
73.081181,1100,9773.883865
70.864225,900,9776.642254
77.29512,520,9777.660346
61.405913,1200,9781.041197
83.710052,400,9781.82537
77.485146,900,9783.656482
80.31781,500,9784.651592
76.333687,800,9787.33678
71.461359,900,9789.157871
64.06494,1200,9792.76237
76.936237,900,9794.62255
72.47046,600,9796.854381
91.944821,200,9797.254854
64.873014,1200,9799.726429
84.445208,400,9801.590983
72.374025,1200,9804.015314
82.062811,300,9804.604592
83.682831,400,9805.440035
91.573508,200,9806.879783
70.307697,1100,9809.080965
62.573274,1200,9812.522136
68.225254,1069,9814.637767
66.397563,1200,9818.083289
93.423236,200,9818.478957
90.206976,200,9818.879629
86.720397,200,9819.290015
87.209053,200,9819.689283
63.894927,1200,9823.054566
95.424071,200,9823.441538
63.421517,1223,9825.892329
92.367949,300,9827.480426
70.154207,800,9829.170947
86.924255,400,9829.962012
77.149408,500,9830.977836
90.124944,200,9832.337306
82.256519,300,9832.944616
84.027731,200,9833.340643
78.275935,500,9834.325867
87.483717,300,9834.924489
64.891323,1200,9838.453684
62.668612,1200,9840.885526
67.081531,1200,9844.39378
92.21778,200,9844.788473
62.240292,1142,9848.0124
95.537885,200,9848.41336
61.176292,1255,9850.987607
95.375187,200,9851.382569
87.761893,200,9851.772399
96.85405,300,9853.323689
91.831929,300,9853.915169
74.145575,800,9855.493765
66.151145,1100,9858.794193
62.756533,1168,9861.321516
61.182463,1100,9864.511993
86.803319,400,9865.285689
86.723441,300,9865.886757
93.6569,300,9866.491685
80.816493,400,9867.285381
89.02842,200,9868.609109
82.18089,400,9869.443826
61.777217,1300,9872.050325
82.685233,500,9874.06455
95.818299,300,9874.655884
67.551912,963,9876.598843
94.386141,200,9877.011125
65.064203,1200,9880.441794
62.125692,1100,9882.645012
85.499693,200,9884.026855
90.501554,300,9884.673599
66.270921,1056,9886.851675
82.32052,400,9887.673846
61.996725,1300,9891.240328
90.070821,200,9891.63856
85.902996,300,9892.243993
63.978591,1140,9895.434206
90.315238,300,9896.04659
83.88902,300,9896.643038
90.324369,200,9897.038033
94.202574,200,9897.420986
87.974772,200,9897.819853
92.348667,200,9899.196633
73.353555,1100,9901.408897
91.727051,200,9901.809029
73.560897,1000,9904.783554
81.254811,400,9905.575255
67.611922,1100,9907.90189
94.519687,200,9909.227685
66.742703,1200,9911.612246
62.470585,1196,9915.025327
81.336504,300,9915.617128
67.146659,1200,9918.082525
64.09441,1218,9921.848384
91.287386,200,9922.258305
90.534856,200,9922.675333
91.94547,200,9923.062296
91.214814,300,9923.674498
69.776493,900,9926.667855
63.897295,987,9928.658269
81.840647,300,9930.238331
95.881408,200,9930.665518
96.13519,200,9931.120257
74.621253,500,9932.145276
95.649404,200,9932.5376
64.902675,1000,9935.46975
89.387021,200,9935.880698
95.294667,200,9936.283157
94.252647,200,9936.688828
96.007126,200,9937.100591
92.502986,200,9937.496729
82.548353,400,9938.290653
71.002864,1100,9941.53648
87.463287,200,9941.943859
95.909521,200,9942.338902
99.755026,200,9942.734522
91.177633,400,9943.535758
67.970924,1100,9946.774753
86.904675,300,9947.374534
70.989251,1100,9949.605158
90.995131,200,9950.931685
93.646751,200,9951.34469
64.047565,1151,9953.625369
87.576688,300,9954.213477
93.861675,200,9954.625074
68.553797,1100,9957.752949
74.75189,900,9959.511371
70.823151,735,9962.16835
63.334247,1197,9964.534287
90.504679,200,9964.933924
94.161529,200,9966.312001
66.502863,1100,9968.773516
75.506192,600,9969.964783
83.376889,200,9971.343389
89.657626,200,9971.787983
89.293451,300,9972.434427
65.716399,986,9974.429571
83.602376,400,9975.229476
82.089802,700,9977.671089
85.180211,300,9978.294328
65.004255,1148,9980.680433
88.306471,200,9982.071518
82.459435,400,9982.93766
69.474978,1000,9984.94453
60.770896,1200,9988.282695
89.467569,300,9988.868018
85.429135,300,9989.451329
95.138623,300,9990.098907
90.510587,300,9990.877888
75.646519,1000,9994.187388
63.309339,1181,9996.517441
73.932182,900,9999.367929
95.743812,200,9999.765475
96.458809,200,10000.16444
84.82323,500,10001.156188
93.738223,200,10001.552212
91.645707,200,10002.910373
67.399983,1100,10005.09381
90.793956,200,10005.491354
94.127652,200,10005.889282
91.716978,200,10006.283454
71.452554,1100,10009.57256
61.249949,1275,10013.065963
80.052804,400,10013.871343
83.513176,400,10014.66276
90.406763,200,10015.062156
91.384818,200,10015.455252
70.090719,1000,10018.380303
88.310145,600,10019.588832
58.094606,1200,10022.88936
89.376248,200,10023.324184
89.800573,200,10023.775923
93.635561,200,10024.206462
92.691925,200,10024.600289
74.597525,832,10026.263888
64.815826,1200,10029.62004
80.399011,1000,10031.623429
94.976985,400,10033.414197
89.977736,300,10034.068024
62.584775,1100,10036.296215
88.740651,300,10036.888702
87.372358,200,10038.282965
90.595989,300,10038.8888
67.675899,1100,10041.22694
78.586929,400,10042.029786
59.189048,1200,10045.363781
68.547305,1086,10048.494248
89.124964,200,10048.895128
75.205769,700,10050.334361
92.722554,300,10050.954227
68.569068,1100,10054.142502
75.262416,700,10055.549384
87.972663,300,10056.289858
78.981438,500,10057.325723
94.088005,200,10057.750354
83.091055,200,10059.120459
95.108989,200,10059.53964
90.297824,300,10060.149521
100.693515,200,10060.534621
69.554065,1100,10062.769202
92.28978,200,10064.12459
88.049015,300,10064.772285
69.053983,1200,10067.211808
94.867484,200,10067.610207
71.026211,931,10070.455188
67.971886,1121,10072.7131
84.151382,200,10073.107892
81.590494,300,10074.640626
90.516922,300,10075.233578
72.391925,761,10076.730639
72.368165,1000,10079.780504
87.569065,200,10080.197676
86.918388,200,10080.597762
91.558,200,10081.004768
70.785741,1288,10084.524296
72.596526,1308,10087.121524
95.450623,200,10087.516457
93.510618,300,10088.128706
95.748526,200,10089.506543
69.021726,1100,10091.830562
64.09139,1300,10095.369967
94.280988,200,10095.77649
99.858892,200,10096.17835
92.376327,200,10096.57326
93.225244,200,10096.971448
78.968063,900,10099.862361
63.377385,1100,10102.16591
89.228422,400,10102.980762
75.233253,1000,10105.934651
71.310248,1072,10108.049489
83.574653,500,10110.024158
61.80031,1262,10112.692571
62.45579,1200,10116.166128
65.698484,1100,10118.3981
61.758559,1245,10122.066863
77.901041,500,10123.125253
98.542258,300,10123.725362
92.899821,200,10124.16405
95.070989,200,10124.561178
95.399145,200,10125.915734
67.689575,1000,10127.934373
90.85315,400,10128.723024
68.028479,1281,10132.351336
89.779565,200,10132.760433
65.061024,1200,10136.138685
67.720532,1253,10138.71655
76.410551,700,10140.13276
93.45329,200,10141.523766
81.454893,400,10142.33174
65.286567,1200,10144.73954
89.579572,200,10145.138269
69.607652,900,10147.881628
95.729662,200,10148.279445
87.31272,200,10148.690825
87.032822,200,10149.082504
95.254465,200,10149.510088
94.145329,200,10149.908998
83.69338,300,10151.456417
67.29804,1200,10153.969221
70.703024,1200,10157.286798
90.168137,300,10157.887094
86.221685,200,10158.28269
75.046565,400,10159.102503
92.705812,200,10159.584297
84.288727,300,10160.19115
92.501555,200,10160.575053
92.194093,200,10161.917052
87.626317,200,10162.34319
68.842456,983,10164.418275
80.189198,900,10167.132536
82.506977,500,10168.227404
69.093185,1162,10170.610857
93.962477,200,10172.038811
74.446839,800,10173.652629
70.47027,1000,10175.632523
69.693775,1100,10178.86597
88.335054,200,10179.275081
94.315467,200,10179.685745
90.512267,300,10180.293969
63.560565,1300,10183.824792
69.527002,1200,10186.216761
97.48833,200,10187.759788
88.067336,200,10188.198062
69.799976,900,10190.144008
93.301209,200,10190.541018
94.663807,200,10190.972737
97.134665,200,10191.370932
60.25041,1096,10194.682515
94.397066,200,10195.093361
58.797179,1200,10198.459589
80.123458,500,10199.426609
95.930513,200,10199.825357
69.933479,1100,10203.265786
91.44652,200,10203.666219
74.728881,900,10205.467405
91.356079,200,10205.860674
60.713805,1200,10209.224369
95.562704,200,10209.635092
81.229245,400,10210.479887
91.583405,200,10210.890356
70.708021,900,10213.615505
74.914721,1000,10215.598538
92.458339,200,10216.010034
75.13067,800,10218.524101
57.050517,1300,10221.326266
79.435167,500,10222.34899
98.380507,200,10223.690118
63.442894,1278,10226.335642
88.468878,300,10226.956209
91.056401,300,10227.548088
91.962727,300,10229.068605
63.279684,1191,10231.508592
62.675054,1200,10234.840593
66.41133,1200,10237.213528
96.597966,200,10237.620298
83.607054,400,10239.357977
62.420165,1100,10241.641412
98.804144,300,10242.231461
65.506554,1133,10245.463241
92.079687,200,10245.861874
64.248325,1100,10248.060946
80.376936,800,10250.702534
96.114849,200,10251.091646
97.334876,300,10251.693603
72.487539,1200,10255.259222
67.430022,1259,10257.817795
67.295708,1200,10261.395903
96.141597,400,10262.193292
62.476177,1218,10265.665733
66.137589,1216,10268.085335
85.411541,200,10268.491192
94.141959,300,10270.037114
77.702204,800,10271.723496
72.519065,1000,10273.719622
77.617618,300,10275.281889
65.833395,1226,10277.696763
93.939506,200,10278.092874
85.931589,300,10278.683775
90.528307,200,10280.149897
73.273079,900,10282.101189
83.714958,300,10282.694854
65.276696,1100,10285.937625
84.821678,300,10286.530742
91.811159,200,10286.923012
64.640712,1100,10289.094383
66.777156,1100,10292.406904
94.756128,200,10292.807203
93.491077,200,10293.219344
67.684767,1100,10296.37117
86.758156,400,10297.151644
94.420258,200,10297.54741
96.609402,300,10298.137524
58.445731,1209,10301.591177
84.752416,200,10301.993713
91.92918,200,10302.406396
94.140284,200,10302.801306
93.475956,200,10303.186476
66.608837,1112,10306.366039
83.370792,400,10307.193609
62.288281,1200,10309.556733
63.276507,1000,10312.566388
74.266302,800,10314.157882
86.439687,300,10314.762387
94.997776,200,10316.133714
84.808197,400,10316.939326
81.118006,200,10317.333687
76.721073,700,10318.726543
77.012753,700,10321.20506
90.017932,300,10321.86081
72.355454,700,10323.320661
64.93121,1286,10326.822295
59.962592,1266,10329.335062
67.449943,1100,10332.473974
68.666023,1100,10334.679023
65.335279,1000,10337.697813
90.764262,300,10338.306539
64.660026,1059,10340.547052
91.933264,200,10341.959626
92.971157,200,10342.347559
88.969689,400,10343.137807
90.769221,300,10343.722043
91.701543,300,10344.33795
81.761342,600,10345.548458
70.933685,981,10348.639347
100.016292,200,10349.039578
69.944228,1100,10352.262307
96.824645,200,10352.649937
92.488567,300,10353.241898
84.177166,300,10353.835387
67.805533,1000,10355.848353
86.766511,200,10357.197967
95.664394,200,10357.660536
96.827029,200,10358.069102
81.632016,400,10358.853238
72.737089,1000,10360.855488
86.488409,300,10362.505178
97.839499,200,10362.967065
82.873346,300,10363.593053
65.921879,985,10365.605439
64.873233,1100,10368.953565
62.773945,1288,10371.605989
77.852503,900,10374.410273
69.373049,1100,10376.624191
64.962864,1100,10379.762676
73.126542,900,10381.561952
63.52231,1200,10385.076307
94.002991,300,10385.678891
60.30766,1200,10389.316633
76.846882,1000,10391.344979
97.193158,300,10391.956939
81.403828,700,10394.322152
90.558153,200,10394.702848
87.179712,300,10395.324807
96.147272,300,10395.904152
95.007205,200,10396.318522
90.681115,200,10396.704923
95.305548,200,10397.097104
72.990352,1000,10400.232287
61.790101,1200,10402.685126
63.774374,1341,10406.416044
84.551515,300,10407.012667
61.532638,1312,10410.68856
91.358772,200,10411.108762
75.896312,868,10412.892322
64.42164,1200,10416.362807
91.784925,200,10416.759741
92.235534,300,10417.339692
87.238324,400,10418.127832
90.129493,300,10419.68841
91.192778,200,10420.133108
59.752876,1207,10422.591557
72.201839,1000,10425.699599
66.086137,1099,10427.930874
60.946238,1200,10431.41526
89.866853,300,10432.020828
61.450244,1000,10435.063267
57.996896,1350,10437.735088
71.03133,1100,10440.891096
80.401364,400,10441.679088
96.236252,200,10442.079074
96.567929,200,10442.460746
98.097827,200,10442.879683
79.959973,400,10443.669367
91.341743,200,10445.001451
59.896022,1300,10447.718746
92.906105,200,10448.115044
86.77667,200,10448.509689
89.069593,300,10450.023756
87.368654,300,10450.660495
75.946913,700,10452.130392
88.195649,200,10452.522944
72.018022,800,10454.295267
60.95561,1300,10458.020731
58.016605,1290,10461.647455
71.02289,1100,10463.843306
96.602162,200,10464.237308
89.632119,300,10465.783662
65.700888,1100,10467.975184
63.891348,1201,10471.355225
98.975824,200,10471.762974
67.186365,1300,10474.395873
92.226711,200,10474.798282
96.244244,200,10476.158586
98.401542,200,10476.552547
83.847959,500,10477.564299
60.297295,1100,10479.727499
96.336326,300,10481.286535
59.74614,1337,10484.083823
65.591072,1000,10487.089352
88.962342,200,10487.497337
82.258715,500,10488.526157
92.457652,200,10488.935166
88.488533,300,10489.52551
62.789181,1236,10492.947793
65.08513,1000,10494.969306
66.444585,994,10497.99925
62.856206,1100,10500.191654
81.835661,300,10501.744091
72.140622,1100,10504.058722
87.701498,300,10504.657968
70.260753,891,10507.447978
97.075824,200,10507.853624
92.60529,200,10508.258039
93.157675,200,10508.655097
92.075777,300,10509.251097
64.211621,1099,10512.413395
88.665782,400,10513.201561
89.501938,200,10513.621907
87.200814,200,10514.037084
65.01232,1300,10517.566599
81.313413,300,10518.153195
61.485986,1245,10520.841775
64.944272,1200,10524.400644
64.001503,1278,10527.986033
64.10538,953,10529.85504
93.183107,200,10530.248187
-354.267759,20000,10580.028333
-352.576793,20000,10629.98841
81.577416,500,10630.977427
76.385984,886,10632.769668
68.773182,1100,10635.886164
62.548988,1198,10639.23187
81.894433,600,10640.524501
85.316456,300,10641.132302
85.072897,300,10641.714266
63.404512,1206,10645.275923
91.781372,200,10645.685479
92.788117,500,10646.694102
88.440927,300,10647.316778
92.589274,300,10647.914263
87.03743,200,10648.329832
86.148432,200,10649.660305
65.872926,1100,10651.834745
61.777492,1200,10655.290811
89.457985,200,10655.699937
76.973793,800,10657.507587
95.076772,200,10657.952119
68.730934,1100,10661.122096
66.361465,900,10662.890319
61.59826,1166,10666.279883
93.23726,200,10666.686362
97.234096,300,10667.307231
80.909888,800,10668.901355
79.888691,700,10671.237665
67.450761,1018,10673.286696
96.39904,200,10673.671274
96.24226,300,10675.209353
91.492383,300,10675.862701
62.188993,1100,10678.143919
99.705208,200,10678.539285
63.720709,1182,10681.833299
83.178138,700,10683.226939
79.928669,900,10685.966661
63.716339,1100,10688.1488
81.988058,200,10688.546057
61.962817,1269,10692.019587
99.52639,200,10692.41281
92.1564,200,10692.806975
62.113387,1200,10696.207089
63.74129,1300,10698.791462
90.176793,200,10699.201305
87.717096,200,10700.619889
96.674235,300,10701.282109
89.539116,200,10701.698553
67.923931,1000,10703.715262
72.822526,900,10706.53874
74.238142,700,10707.985875
81.978429,500,10708.970409
91.477556,200,10709.380378
62.967587,1121,10712.541651
87.522783,300,10713.161616
75.218011,500,10714.172419
98.242604,200,10714.556849
91.896022,300,10716.108946
90.266027,200,10716.506067
63.114726,1179,10718.881428
91.463284,200,10719.274615
72.018178,1200,10722.793388
62.991428,1200,10726.249752
86.052643,200,10726.638134
94.99425,200,10727.063738
93.575154,300,10727.639569
87.388244,400,10728.485857
91.510766,300,10729.080065
94.061146,200,10729.475102
66.709856,1162,10732.687731
83.00395,300,10733.310591
94.75065,200,10733.721283
68.323659,900,10736.483736
96.817402,200,10736.920041
68.20154,993,10738.943009
84.017424,400,10739.74913
64.515125,1300,10743.238016
89.404024,200,10743.62987
63.713759,1137,10746.850888
87.502611,200,10747.346344
75.985678,1100,10749.897848
85.075243,300,10750.527909
88.54979,200,10751.871608
91.473272,400,10752.665732
65.113121,1249,10755.17027
68.855008,1000,10758.196122
62.180653,1100,10760.546237
74.076486,900,10763.32176
62.850555,1000,10765.317708
89.526088,200,10765.737294
74.068722,1100,10768.9806
93.57601,200,10769.361417
84.306054,700,10770.802324
65.920004,1100,10773.944506
87.673492,200,10774.333803
97.670458,200,10774.72584
64.407544,1200,10778.097022
88.23504,300,10778.705857
71.15249,1000,10780.683426
73.79804,900,10783.423357
90.035272,300,10784.013991
85.291635,500,10784.991118
98.789163,200,10785.384131
95.252453,200,10785.765096
95.165616,200,10786.175463
63.105524,1158,10789.760576
90.816193,200,10790.182621
69.51366,1000,10793.153626
96.949945,200,10793.566566
68.568588,1300,10796.148599
84.316208,400,10796.970442
64.9519,1300,10800.58057
80.627697,600,10801.770948
69.606193,1163,10805.045554
63.944069,1300,10808.609945
82.027225,600,10809.791127
64.113746,1100,10811.955036
90.534886,200,10813.290652
91.833685,200,10813.761173
56.031629,1300,10816.376767
89.30815,200,10816.776829
100.3082,300,10818.411732
86.836473,200,10818.857065
65.719833,1100,10821.28186
90.802721,300,10821.958002
98.681564,200,10822.405731
69.114571,1200,10825.937531
94.870651,400,10826.784424
64.219606,1189,10830.155039
65.653828,1300,10832.709873
82.008543,300,10834.226736
89.331921,200,10834.621198
67.453516,1100,10836.875096
82.338194,300,10837.494341
94.090175,200,10837.895148
92.495008,200,10839.231678
62.488345,1215,10841.762722
59.436879,1270,10845.228596
80.046206,300,10845.846275
70.146762,974,10847.790781
62.541183,1352,10851.562248
90.883198,200,10851.959365
72.789658,900,10854.854399
95.504438,200,10855.405791
64.004641,1053,10857.648911
95.457133,200,10858.048406
56.934208,1300,10861.58319
92.582299,300,10862.182254
96.338677,200,10862.576992
101.037135,200,10862.971534
60.856046,1300,10866.474304
59.91512,1364,10870.15481
72.934513,1000,10872.155414
97.571319,200,10872.560238
97.808856,300,10873.152176
74.82214,700,10875.46474
85.395695,300,10876.059459
67.585042,1100,10878.26426
93.227509,200,10878.668135
84.218777,400,10880.571602
65.975336,1100,10882.861679
82.004861,600,10884.091527
61.861062,1200,10887.418522
88.501536,400,10888.250063
73.563761,800,10890.794379
59.521035,1219,10893.189916
85.555186,200,10893.59853
61.673706,1300,10897.220233
72.068754,1000,10899.28665
64.539515,1119,10902.533548
59.630379,1265,10905.998694
85.514819,400,10906.781637
77.109511,500,10907.77811
90.481803,200,10908.184372
69.729102,1000,10911.172906
69.204949,1029,10913.213216
67.809877,1100,10916.426748
64.78146,1200,10918.834332
93.138226,200,10919.225679
94.985022,200,10919.630038
80.25548,300,10921.204232
73.398647,600,10922.478329
61.95989,1300,10926.137283
76.280187,1000,10928.205699
64.561342,1355,10931.870796
65.982296,949,10933.831194
64.439583,1197,10937.161932
72.845343,900,10938.97026
81.285716,300,10939.591377
67.612831,1300,10943.261755
93.545024,200,10943.658474
90.319689,200,10944.055598
87.13149,200,10944.475462
93.006434,300,10945.064664
65.467607,1200,10948.3928
92.405025,200,10948.801173
93.038923,200,10949.199975
94.072468,300,10949.798715
68.238843,1200,10953.130245
84.952125,200,10953.522821
62.907901,1358,10957.155855
93.281599,200,10957.563167
96.758866,200,10957.970255
68.987314,1000,10959.97381
62.700032,1200,10963.435176
75.519129,400,10964.222565
92.200376,200,10964.626843
54.674528,1236,10968.122144
93.62041,200,10968.535038
93.610269,200,10968.961645
87.49429,200,10969.365426
87.251653,500,10970.376114
60.182938,1400,10974.082855
60.09362,1300,10977.60886
60.923913,1369,10980.452816
85.969751,200,10980.845846
92.659849,300,10982.410557
66.324333,1201,10984.955879
69.697048,1070,10988.071453
90.637843,200,10988.496014
95.510372,200,10988.906392
85.155807,200,10989.321723
73.227588,1300,10993.234556
91.069575,200,10993.630808
70.636387,900,10995.426346
95.597412,300,10996.009309
67.859027,1200,10999.413078
69.938169,1016,11001.536031
63.77569,1100,11004.736274
91.169431,300,11005.337429
95.698551,300,11005.940291
88.151645,400,11006.73503
93.326904,200,11007.14631
90.826196,300,11008.680862
95.866013,300,11009.323777
81.847613,400,11010.17932
86.295004,300,11010.786359
63.693406,1200,11014.111912
65.857169,900,11015.882898
89.366255,200,11016.29369
86.665363,200,11016.696197
96.172587,200,11017.094227
60.173282,1200,11020.450027
74.745246,800,11022.052747
79.639719,400,11023.839642
92.255152,200,11024.246845
90.495528,300,11024.840336
94.676726,200,11025.239031
62.137177,1300,11028.799732
63.651585,1379,11031.678237
88.155958,300,11032.27828
94.834092,200,11033.628799
61.241933,1300,11036.321228
97.396253,200,11036.715086
86.675648,300,11037.313374
65.965022,1100,11040.570174
93.136675,200,11040.982536
77.927445,600,11042.164303
95.766042,200,11042.559727
92.204244,300,11044.127378
58.003571,1349,11046.894251
66.731302,1200,11050.309634
89.988643,400,11051.133981
71.508554,1100,11054.258349
67.631453,1300,11056.947604
66.689656,1067,11060.258172
77.838914,600,11061.497038
64.036684,1200,11064.825128
97.87863,200,11065.235154
92.051061,200,11065.636319
70.91047,900,11067.422564
97.618801,200,11067.816823
65.137099,1042,11070.904608
90.143801,300,11071.494207
95.852236,200,11071.883003
84.302925,300,11072.47142
65.593948,1014,11075.464527
64.424513,1200,11077.830112
67.578242,1000,11080.890855
80.783587,500,11081.916043
84.120739,400,11082.710996
87.473653,200,11083.124029
74.996712,900,11085.852987
69.886327,1186,11088.228045
91.56964,200,11088.620512
92.029712,200,11089.96006
95.670357,200,11090.386268
97.442843,200,11090.797222
95.498011,200,11091.240681
62.403701,1200,11093.670518
68.004513,1200,11097.127442
76.81964,1000,11099.113227
91.652467,200,11100.556689
93.123345,200,11100.965576
92.913705,200,11101.367659
63.971918,1300,11103.977667
88.516134,300,11105.511519
81.993066,200,11105.950469
66.597895,1035,11108.081281
66.529675,1200,11111.513604
91.971701,300,11112.120841
90.502193,300,11112.736566
73.966057,1000,11115.643901
88.213131,400,11116.442735
87.501982,300,11117.027352
64.061441,1176,11119.370793
89.669737,200,11120.815874
94.776972,200,11121.236965
67.449676,1000,11123.374848
92.657868,200,11123.799133
90.577105,500,11124.848209
91.124162,200,11126.238537
76.530531,600,11127.435575
89.06013,200,11127.828959
71.830968,1100,11130.078859
99.835417,200,11131.480812
92.845533,200,11131.92836
64.739847,1184,11134.334187
58.376658,1300,11137.834901
94.623063,200,11138.229011
94.787836,200,11138.615205
71.136392,900,11141.383332
-378.64557,20000,11191.072162
62.053781,1186,11194.4843
67.61996,1100,11196.677838
60.720472,1129,11199.868927
68.169116,1100,11203.043016
90.463966,300,11203.651667
64.41245,1300,11206.208192
87.311693,200,11206.595273
82.293443,200,11206.995299
87.078978,300,11208.62524
68.114947,1300,11211.242269
65.205763,1300,11214.795712
64.5972,1200,11217.19907
92.27958,200,11218.517982
93.328076,300,11219.127682
96.465548,200,11219.523401
90.100653,300,11220.126652
90.673661,200,11220.520082
96.029191,200,11220.91475
88.578192,200,11221.294483
91.686073,200,11221.724097
91.105358,200,11222.134815
59.402646,1300,11225.633098
70.232775,1100,11228.788306
66.400198,1200,11231.279349
65.405922,1100,11234.475264
79.409732,500,11235.495963
80.561274,400,11236.281486
69.132851,1000,11239.265099
93.552885,200,11239.713735
60.022965,1377,11242.544077
92.439577,200,11243.875406
91.622903,300,11244.468633
92.416798,200,11244.86247
85.029025,200,11245.267912
66.555302,1000,11247.266007
89.414349,200,11247.644159
56.76298,1200,11251.023473
64.698703,1300,11254.655391
91.377807,200,11255.063693
79.972935,500,11256.17357
90.531326,200,11256.615843
56.520943,1398,11260.35962
87.064164,200,11260.7523
62.201572,1300,11264.298162
58.067568,1210,11266.683213
93.07172,200,11267.095224
88.613006,200,11267.493506
62.425368,1000,11270.407276
70.40766,800,11271.980344
62.389426,1300,11275.539298
70.50103,1100,11277.844039
88.609013,300,11279.379351
93.840563,300,11279.987184
96.810833,300,11280.577876
86.824505,400,11281.361559
90.377244,200,11281.762136
57.40096,1263,11285.304222
71.945041,1100,11287.52529
75.364547,500,11289.479064
91.060807,200,11289.88233
93.111618,200,11290.274879
82.080951,300,11290.857557
66.01593,1200,11293.264983
94.909202,200,11294.609963
91.585178,200,11295.00903
75.173452,1000,11296.980222
87.203209,300,11297.564331
64.287723,1200,11301.056238
87.145675,200,11301.466546
94.435874,200,11301.883275
93.977553,200,11302.287959
80.649428,500,11303.31096
57.347449,1177,11306.690915
92.086681,200,11307.097918
80.958787,200,11307.493573
85.48648,300,11308.098952
102.517391,300,11308.697083
64.80749,1074,11311.82682
54.2063,1192,11315.325308
74.489384,885,11317.142555
74.221905,500,11318.12574
66.327394,1210,11321.477628
70.957416,900,11323.447035
63.29006,1000,11326.476043
95.363698,200,11326.878641
89.386892,300,11327.47314
64.13977,1200,11330.843282
93.016657,200,11331.302844
87.548133,200,11331.700648
98.559257,200,11332.102715
69.916364,1200,11334.508162
67.483007,1200,11337.85934
90.656207,300,11338.486443
62.800521,1158,11342.00814
75.508925,1000,11344.009969
89.618249,200,11344.384962
59.600469,1400,11348.110559
70.508881,877,11349.834106
59.291529,1231,11353.356728
72.759403,900,11356.072859
70.400148,1100,11358.266639
66.352212,1148,11361.619048
87.188355,300,11362.227991
95.577944,200,11362.622857
98.124912,200,11363.033992
65.440333,1306,11366.604903
80.903765,900,11368.532457
91.683261,300,11369.134178
90.341547,400,11369.924093
73.079332,1000,11372.921354
63.873067,1265,11375.478407
69.318622,700,11377.791292
95.970583,300,11378.387574
64.965659,1346,11382.061551
85.590562,400,11382.909485
89.615992,200,11383.30614
71.237557,900,11385.164215
68.313148,1100,11388.452267
90.238706,200,11388.83968
71.819729,700,11390.39574
88.082877,300,11391.017145
61.617453,1000,11394.058764
85.265948,300,11394.647341
90.910091,300,11395.257477
59.287909,1258,11398.717794
65.898193,1100,11400.926347
65.714784,1200,11404.280214
89.032943,300,11404.864105
87.425054,300,11405.4645
97.009354,200,11405.881704
66.392562,984,11408.794614
77.237766,800,11410.393135
90.351493,200,11410.78782
66.253022,1116,11414.085031
82.312242,1000,11416.066163
64.245574,1000,11419.099124
95.105733,300,11419.74032
64.782622,1085,11422.938674
67.385961,1100,11425.185337
84.782731,300,11425.771853
66.472642,1100,11429.04253
95.584668,200,11429.442867
60.089318,1197,11431.867365
86.489522,200,11433.235349
96.066807,200,11433.632692
87.675526,200,11434.076751
90.648816,200,11434.461913
94.691795,200,11434.862825
63.970402,1362,11438.499953
92.814166,200,11438.939071
77.007831,1000,11441.046857
92.611185,200,11441.451858
82.369686,400,11442.264827
67.16755,1300,11446.021291
72.25205,887,11448.73295
89.922894,200,11449.136996
61.958209,1200,11451.522062
59.878919,1252,11455.066554
89.221273,200,11455.468421
91.377938,200,11455.863934
89.780693,300,11456.625707
63.233932,1379,11460.344625
69.984979,1000,11462.31852
96.489095,300,11462.903081
67.195205,1105,11466.150479
88.368351,200,11466.557529
92.800901,200,11466.956945
94.688728,200,11467.33638
63.721955,1112,11470.498384
98.632526,200,11470.89907
87.101418,200,11471.312569
94.459276,200,11471.704582
62.777611,1151,11475.042653
61.359578,1070,11477.168306
60.975626,1300,11480.907743
99.605418,200,11481.296604
63.686939,1359,11484.992819
73.89061,900,11486.790712
88.007009,200,11487.191959
68.075993,1100,11490.335161
89.884625,200,11490.773581
66.800716,1200,11493.172211
63.324573,1133,11496.507648
56.035803,1300,11500.025004
67.948455,1000,11502.017301
60.955258,1300,11505.640597
63.907352,1200,11508.030434
91.448692,200,11508.430761
90.009045,200,11508.822262
77.161998,900,11511.650577
87.998008,200,11512.055777
92.22684,200,11512.477271
82.56263,500,11513.459754
66.641679,1100,11516.641547
87.402835,400,11517.42753
65.639381,1100,11520.598169
63.019075,1342,11523.534915
62.907198,1000,11526.545241
80.302935,300,11527.145473
68.601927,964,11529.099562
90.33915,300,11530.682333
80.861124,478,11531.630398
63.154556,1200,11534.042578
90.971404,200,11534.433957
64.518328,700,11536.810862
91.54282,200,11537.201347
69.351471,1000,11539.202369
67.012101,1100,11542.503488
71.44898,900,11544.299318
94.241936,200,11544.704902
93.956987,300,11546.278563
96.461051,300,11546.864131
94.691651,200,11547.266652
90.564629,400,11548.055534
70.855279,1000,11551.11762
99.397175,300,11551.774376
80.17819,300,11552.396308
98.094214,200,11552.790708
60.371332,1100,11555.092503
93.148807,300,11556.712332
63.542994,1200,11559.176576
92.138597,300,11559.768523
84.515561,400,11561.588244
70.760413,1000,11563.574114
63.348662,1340,11567.382973
67.253455,1035,11569.477743
66.467348,1000,11572.518178
94.141175,200,11572.928479
93.62078,200,11573.331642
92.629207,300,11573.923517
97.941586,300,11574.51851
93.644738,200,11574.904349
88.100138,400,11575.7306
94.855617,200,11577.167944
72.052039,700,11578.604577
90.051313,200,11579.006145
87.647764,200,11579.386758
92.356013,200,11579.787362
65.396353,1100,11582.961074
85.666638,300,11583.593049
78.038473,500,11584.588066
93.894751,200,11584.975823
66.158348,1329,11588.673137
94.151218,200,11589.13318
99.199059,200,11589.594051
74.460315,1000,11592.67114
64.662884,1200,11595.051752
99.274551,200,11595.476166
95.752286,200,11595.875253
78.252912,400,11597.614468
59.361694,1296,11600.271768
66.245188,900,11603.002913
89.423117,200,11603.410604
70.185975,1100,11605.591409
96.354831,200,11605.995456
89.579168,200,11606.404752
90.387543,200,11607.728817
87.529821,300,11608.354368
70.411042,1059,11610.54019
74.061685,900,11613.302672
90.310167,200,11613.715767
91.769008,300,11614.314752
63.303581,1247,11616.825212
71.904237,800,11619.350532
61.611691,1300,11622.892458
92.496216,200,11623.291131
68.393918,1100,11625.607723
64.272694,1300,11629.215267
86.185835,300,11629.827118
92.469625,200,11630.228636
96.209472,200,11630.620323
77.013714,600,11631.79959
58.870997,1300,11635.334055
79.705473,800,11636.965055
95.326764,200,11638.336426
96.778816,200,11638.809618
61.177409,1386,11641.656259
95.550576,200,11642.050179
61.56022,1166,11645.361588
88.837318,300,11646.00723
81.830388,400,11646.821985
59.754584,1300,11650.360715
97.169078,200,11650.758141
74.341997,800,11652.421616
95.098876,300,11653.974477
59.921067,1200,11656.522925
85.174118,200,11656.932626
73.123288,600,11659.154689
87.358882,500,11660.258395
88.614304,300,11660.84974
65.686875,1011,11662.882343
74.955786,900,11665.741618
74.101914,600,11666.987916
90.592437,300,11667.592277
96.864927,300,11668.190233
88.652888,300,11669.780284
94.452028,200,11670.176483
91.433926,200,11670.555817
61.301087,1300,11673.137872
91.344348,300,11674.78044
74.744344,1000,11676.874885
67.110708,1200,11680.212702
94.962389,300,11680.796358
57.97208,1300,11683.370032
94.943908,200,11684.724768
85.656359,200,11685.166465
71.876615,957,11687.157065
92.320868,200,11687.551078
59.869473,1304,11691.128475
81.164953,500,11692.105533
88.752127,200,11692.508298
60.660334,1360,11696.16966
55.878382,1200,11698.564645
83.506581,300,11700.286936
68.997957,1300,11702.928494
83.515616,500,11703.899634
89.591815,300,11705.574862
100.605947,200,11706.018146
89.715161,200,11706.475483
56.355251,1486,11710.609944
59.360554,1298,11713.275069
67.602274,1200,11716.595449
65.969952,1382,11719.357482
93.952053,300,11721.008888
82.619772,300,11721.657701
67.563307,900,11723.540314
83.872016,300,11724.336905
94.396247,200,11724.802345
67.851467,892,11727.637169
67.715751,1100,11729.836979
73.241148,900,11732.634678
59.777389,1395,11736.362653
97.691253,200,11736.788613
59.025738,1452,11739.666893
75.760369,1000,11742.708985
82.466919,500,11743.703621
67.893463,1200,11747.065723
91.055304,200,11747.462028
91.549894,200,11747.881856
86.367073,300,11748.467918
91.830102,200,11748.875348
88.535151,300,11749.491414
71.801594,1095,11752.606174
80.107857,500,11753.57998
81.400659,300,11754.17913
84.03318,300,11754.772146
69.063053,900,11757.486771
71.346397,1000,11759.521413
91.008957,200,11759.983147
91.683299,200,11760.41863
88.1931,200,11761.740962
55.165893,1310,11764.506777
89.547511,200,11764.900275
88.395907,200,11765.294237
68.275139,1100,11768.494815
90.672925,200,11768.885706
70.935243,895,11770.666686
57.475765,1400,11774.380847
95.382567,200,11774.778069
73.543498,600,11775.970788
91.74447,200,11777.313272
94.836827,200,11777.717814
89.916512,200,11778.127245
94.568575,200,11778.5295
84.518518,500,11779.555951
66.860467,1237,11783.031533
79.123083,500,11784.015652
71.576323,900,11785.789837
92.787309,200,11787.143411
92.865331,200,11787.55393
71.537353,1107,11789.885391
86.926603,200,11790.411645
86.100402,200,11790.843136
86.698052,200,11791.24532
69.616636,1000,11794.153458
82.816342,500,11795.153848
70.055298,1001,11798.330509
80.204076,600,11799.565603
89.200603,200,11799.968123
91.938955,200,11800.370718
70.346582,900,11803.141491
90.904569,300,11803.734491
62.15996,1300,11806.30905
59.796156,1337,11810.35906
66.537038,1200,11813.754362
84.981532,200,11814.17007
61.844715,1300,11816.750838
56.491631,1371,11820.477238
65.733904,1000,11823.387162
86.594836,200,11823.788439
93.332243,300,11824.403215
56.181969,1300,11826.963953
88.58184,200,11827.392064
58.895134,1200,11830.824086
98.088086,200,11831.23523
95.60896,200,11831.634465
64.48524,1199,11834.990834
64.988849,1200,11837.349653
88.273659,200,11838.747316
96.328856,300,11839.356486
89.820264,200,11839.764063
89.619033,200,11840.20698
89.246399,200,11840.60098
71.717878,601,11841.793509
92.231729,200,11842.192577
92.120975,200,11842.58788
63.284094,1400,11846.442034
61.911379,1300,11850.02018
93.212779,200,11850.438767
58.160304,1281,11853.021461
89.897779,300,11854.611583
74.266849,1100,11856.993803
81.389446,500,11858.058048
90.001417,200,11859.429651
98.76894,200,11859.852719
92.734658,200,11860.277072
95.462558,300,11860.896254
95.517917,200,11861.302677
73.042611,965,11863.215405
48.60539,1514,11867.249522
70.78563,1200,11870.689436
69.478455,1000,11872.736613
94.339128,200,11873.126751
65.726002,1100,11876.276316
58.651323,1399,11880.04036
65.202687,1399,11882.837064
96.594548,200,11883.244106
93.363495,200,11883.641035
74.992296,700,11886.135494
65.952095,1200,11888.602702
88.621148,200,11889.006603
87.733206,400,11890.957027
85.560252,400,11891.757284
55.596105,1600,11895.922319
88.344746,200,11896.356099
86.082195,300,11896.981064
88.128817,200,11897.376298
56.42526,1447,11901.421251
91.171818,300,11902.04343
89.766033,200,11902.444791
87.359936,300,11903.04513
93.646391,200,11903.433657
83.414697,200,11903.833379
97.088467,200,11904.244846
92.623948,300,11905.761728
88.111303,200,11906.162138
94.401957,200,11906.55679
81.342947,400,11907.366917
81.484791,300,11907.968013
72.318042,900,11909.780007
70.62193,1000,11912.852365
87.164634,200,11913.24363
94.467246,200,11913.644275
95.549505,200,11914.04235
66.038742,1103,11917.255995
86.678626,200,11917.655807
93.714553,200,11918.065825
88.379629,300,11918.669378
99.252638,300,11919.259117
94.168337,200,11919.661372
60.887735,1500,11923.955701
92.691021,200,11924.357147
66.573409,1300,11927.934115
99.929939,300,11928.550041
92.448824,300,11929.160574
98.036442,200,11929.548993
92.829899,200,11929.986842
76.571295,700,11932.3161
70.522336,1100,11934.565775
84.726702,300,11935.163333
52.830169,1500,11939.221067
65.622682,1200,11942.649881
94.611135,200,11943.04754
61.777204,1300,11945.659974
81.075619,500,11947.594194
79.666757,600,11948.794979
84.455678,400,11949.599887
89.571557,200,11950.030223
54.764037,1448,11953.907018
57.335743,1400,11957.638415
58.728576,1300,11960.334215
93.62986,200,11960.738765
56.754918,1306,11964.380066
86.435109,200,11964.775775
54.437533,1584,11969.052833
67.000174,1000,11971.140362
90.490904,200,11971.53265
82.987515,400,11973.33803
89.439004,200,11973.717674
72.470127,800,11975.326371
61.62539,1300,11978.961822
90.935461,400,11979.764313
93.894987,200,11980.168505
94.811217,200,11980.593742
56.747483,1300,11984.126119
60.696059,1300,11986.666777
89.655021,200,11988.139565
78.826654,900,11990.196185
83.753353,200,11990.615297
68.083292,1186,11993.983804
71.241811,900,11995.739997
60.08507,1300,11999.43129
57.27237,1369,12002.215277
63.507077,1300,12005.90677
73.48239,900,12007.698545
56.456155,1200,12011.237441
70.288948,800,12012.888979
66.891705,1000,12015.820174
69.283422,1067,12017.910017
66.743034,1375,12021.856768
91.787518,200,12022.257479
82.496428,200,12022.64096
91.56635,200,12023.04063
94.180201,200,12024.384501
85.678441,400,12025.198486
75.467834,900,12026.964507
68.855072,800,12029.469731
65.69854,1362,12032.238339
92.563393,200,12032.629122
64.217542,1300,12036.240712
93.962942,300,12036.834037
94.240744,500,12037.814085
81.759039,300,12038.414362
80.678929,200,12039.775252
64.804221,1200,12042.183967
86.722966,500,12043.15226
92.937638,200,12044.538501
65.886229,1200,12047.028911
91.427957,300,12047.615678
82.719397,400,12048.427664
60.280701,1500,12052.539704
96.194984,300,12053.117422
88.631013,400,12054.841089
63.170207,1300,12057.673129
92.061647,300,12058.262876
76.273338,700,12060.731488
81.082617,400,12061.568801
87.09563,500,12062.601222
93.374262,200,12063.012814
91.147048,200,12063.402423
94.051149,200,12063.796726
90.973367,400,12065.568949
91.323929,200,12066.015128
72.575079,600,12067.235372
91.440041,200,12067.619944
89.21764,200,12068.013515
59.862849,1200,12071.481684
71.968808,1100,12073.680913
59.309707,1370,12077.43254
91.322238,200,12077.852209
59.977097,1100,12081.110274
82.286995,500,12082.121788
98.524292,200,12082.508838
54.607383,1361,12086.291829
83.102392,300,12086.924535
93.417512,200,12087.329235
59.953328,1500,12091.347784
91.957769,200,12091.791563
73.739296,900,12093.619726
85.472964,300,12094.227784
87.450189,300,12094.818727
97.852321,200,12095.204332
85.712931,200,12096.531673
97.289212,200,12096.980014
58.615684,1300,12099.628254
61.995932,1400,12103.383286
89.063455,300,12103.965235
72.859003,1200,12107.308482
71.053265,900,12109.084949
63.487339,1200,12112.574862
83.807638,500,12113.560934
90.03583,200,12113.960145
68.455783,1118,12117.113504
85.118719,300,12117.698627
89.208088,500,12118.67706
51.692638,1513,12122.954859
82.159515,500,12123.95626
69.950049,1000,12126.877537
97.955142,200,12127.314284
79.660764,400,12128.155782
61.891143,1359,12130.8995
92.772377,200,12132.283149
91.846087,300,12132.938271
89.734425,500,12133.965172
50.999231,1600,12138.080168
70.708976,1000,12140.130535
92.767636,200,12140.544556
57.944654,1315,12144.226055
85.32771,500,12145.219944
85.755737,200,12145.611725
59.201614,1500,12149.540424
86.53635,400,12150.354353
64.9429,1300,12154.04082
74.13275,1000,12156.036437
93.657957,200,12156.429673
60.87402,1400,12160.141368
64.22316,1200,12163.614156
97.679566,200,12164.028809
95.26145,200,12164.419061
60.52727,1400,12168.251474
63.411693,1200,12170.661677
90.495295,200,12171.056064
95.285064,200,12171.435531
88.834393,300,12173.006622
95.343238,200,12173.410301
59.866694,1600,12176.586282
96.150998,200,12177.901319
67.837696,1200,12180.311314
80.863689,500,12181.310756
89.60428,200,12181.699348
79.748048,600,12183.918089
87.077467,300,12184.504385
76.951613,700,12185.911011
86.834195,300,12186.49787
67.059216,1100,12189.949412
88.677512,200,12190.373199
91.837244,300,12191.006311
61.21187,1343,12194.623484
87.384101,300,12195.20783
97.730419,200,12195.620204
63.642006,1100,12198.780823
91.087282,200,12199.205792
85.586668,300,12199.827173
94.010977,200,12200.284487
57.777782,1600,12204.477326
94.366688,200,12204.868257
64.085816,1200,12207.254399
63.440519,1200,12210.59322
91.017106,200,12211.023894
61.433553,1300,12214.60796
89.638377,300,12215.196473
83.464287,200,12215.577272
58.047079,1600,12219.807292
79.49216,500,12220.838848
87.907743,200,12221.248611
94.035178,200,12221.650945
91.517759,300,12222.257257
55.149127,1500,12226.171109
94.906681,300,12226.754139
91.567882,300,12227.35903
56.399078,1500,12231.326281
64.8764,1200,12234.788834
61.485491,1336,12237.441378
82.562691,600,12239.597061
85.866835,400,12240.470411
52.888785,1600,12244.709303
73.098633,900,12246.510935
58.422968,1300,12250.068398
87.473565,300,12250.709682
92.279957,200,12251.136167
93.373876,200,12251.529042
94.251955,200,12251.934253
90.485527,200,12252.334936
61.193305,1275,12255.972748
89.926264,200,12256.373146
89.383065,200,12256.798413
84.095275,400,12257.650718
72.596318,1200,12261.090024
80.201125,300,12261.699913
88.841991,300,12262.288318
80.228758,300,12262.874593
90.102133,400,12263.689811
94.800113,200,12265.081014
60.460351,1284,12267.67792
58.471089,1500,12271.805304
63.780906,1300,12275.422152
80.7875,300,12276.114111
65.323442,1200,12278.510468
51.557129,1600,12282.676385
62.973373,1300,12286.231507
61.500153,1300,12288.773563
89.87615,300,12289.377939
64.19971,1300,12292.91377
95.512107,200,12293.338619
87.363867,200,12293.780857
87.261263,200,12294.176425
60.310991,1200,12297.633024
61.527297,1535,12301.63864
89.533098,300,12302.255835
88.596184,200,12302.650357
63.198043,1400,12306.451488
68.58795,1200,12308.858942
55.468377,1400,12312.580809
71.850749,1000,12314.594481
97.368908,200,12315.918724
85.601423,400,12316.726031
63.24345,1200,12319.133529
67.530085,1085,12322.312745
87.485752,200,12322.705992
70.426962,1200,12325.363355
82.118651,300,12326.909139
80.79752,600,12328.104013
96.572927,200,12328.497041
66.504465,1400,12332.40683
63.632167,1200,12334.897242
88.420159,200,12335.295552
90.661599,300,12336.835503
64.332037,1349,12339.502759
101.86796,200,12339.904458
57.376175,1500,12343.929901
79.129625,500,12344.982852
62.938798,1200,12348.310177
60.91615,1100,12350.507998
93.394474,200,12351.865674
75.727436,1100,12354.169195
97.605652,300,12354.780367
72.18244,800,12357.440933
77.544938,500,12358.427322
92.970009,200,12358.807869
97.463705,200,12359.215303
88.947704,300,12359.81264
61.493966,1172,12363.195202
71.012526,700,12364.638231
62.742434,1220,12368.056792
61.708867,1300,12370.677848
93.54222,200,12371.074202
82.156361,500,12373.212118
86.558672,500,12374.23011
69.237204,1100,12376.422993
58.616743,1400,12380.229641
92.888204,200,12380.645721
85.238396,300,12381.248559
62.840492,1100,12384.496733
59.054306,1371,12388.274041
-389.746986,20000,12437.414868
58.26551,1391,12441.197781
56.682938,1374,12444.851705
97.07019,200,12445.271029
83.106139,400,12446.088403
71.103504,1100,12449.17596
69.464639,1100,12451.552457
86.581959,200,12452.002585
65.184385,1300,12455.863161
89.158394,200,12456.269698
89.919555,200,12456.674701
93.389726,300,12457.276009
66.159452,1200,12460.613167
57.337037,1300,12463.187405
84.864879,200,12463.586454
94.538084,200,12464.89291
59.921564,1300,12467.492208
70.45711,1200,12470.819053
70.120608,1000,12472.812607
69.108353,1286,12476.338796
89.152941,200,12476.733101
86.047496,200,12477.12676
86.338817,200,12477.529736
75.283273,1000,12480.563076
99.391935,200,12480.984986
69.142701,948,12482.873866
94.705719,200,12483.301142
56.722814,1400,12487.124173
94.145252,200,12487.511799
90.984407,200,12487.906857
57.148774,1286,12491.549216
81.910463,800,12493.122171
103.492782,200,12493.530192
59.102541,1288,12497.069131
61.344655,1300,12500.668027
97.151173,200,12501.072443
85.934938,300,12501.661011
88.031566,400,12502.465523
63.516856,1400,12506.231533
60.187014,1100,12508.395802
82.425564,300,12508.993428
65.985665,1161,12512.392381
92.972044,200,12512.775892
70.298945,895,12514.591956
84.816806,300,12516.207921
89.747401,200,12516.605829
66.180853,1231,12519.050273
94.463924,300,12519.642214
92.545442,200,12521.189435
91.383827,500,12522.229202
79.518318,400,12523.031515
92.878326,200,12523.42629
65.680353,1300,12526.982697
78.301049,500,12527.980183
62.499288,1296,12531.568525
97.346601,200,12531.985396
90.449485,200,12532.388654
94.518293,200,12532.783663
70.959583,900,12534.588236
91.459446,200,12534.989343
85.33471,400,12536.740735
56.148796,1400,12539.512016
90.35326,400,12541.229898
70.040271,900,12543.139993
63.475807,1300,12546.689827
66.171255,1200,12549.1027
96.023102,200,12549.503193
58.189576,1404,12553.390777
62.7123,1129,12556.602039
70.330779,1100,12558.813303
71.562406,900,12560.68571
83.65606,500,12562.600186
66.75274,1000,12564.622944
85.392038,300,12565.215013
69.08692,1100,12568.725367
78.785093,400,12569.514847
63.708629,1300,12573.187105
65.892478,1200,12575.651508
71.451788,900,12578.420692
96.252964,200,12578.810321
94.574037,200,12579.205164
91.7221,200,12579.61948
90.983998,200,12580.011394
62.040818,1300,12583.675396
91.799479,200,12584.093577
81.084621,300,12584.696683
90.767583,200,12585.116825
65.862498,1246,12588.802571
89.897532,300,12589.406873
69.940669,1100,12591.594301
60.938539,1100,12594.756315
59.376249,1300,12598.3521
75.596638,300,12599.006503
89.487564,200,12599.408482
80.134116,200,12599.803174
88.212088,200,12600.209425
62.061705,1372,12603.970244
64.197098,1000,12606.080496
94.45678,300,12606.68002
58.557974,1364,12610.478354
83.589917,200,12610.877531
90.555204,200,12611.27947
58.588453,1461,12615.158831
94.217875,200,12615.550323
59.356493,1428,12619.387928
89.636597,200,12619.787179
97.846163,200,12620.251343
96.640343,200,12620.668896
61.93385,1301,12624.287048
94.091837,200,12624.704633
92.84764,200,12625.106482
61.53951,1500,12629.257453
90.473243,200,12629.642491
73.325448,600,12630.887667
70.885908,1100,12633.090195
98.207066,200,12634.476877
89.890729,300,12635.0782
64.395728,1232,12637.599314
64.285347,1200,12640.921574
64.205398,1228,12644.362066
90.208417,200,12644.823695
64.056457,1400,12647.673677
83.847622,500,12649.632184
68.868314,1023,12651.924402
96.272115,200,12652.340018
86.599842,300,12652.935983
87.956717,300,12653.52687
88.992002,200,12654.923156
62.605626,1300,12657.616153
67.271799,1300,12661.382729
96.517092,200,12661.783145
68.667461,1300,12665.332037
94.855978,300,12665.994817
95.032431,200,12666.421082
67.690546,955,12668.379794
84.832951,300,12668.975849
61.656118,1400,12672.723239
95.703283,200,12673.114614
69.327113,1400,12676.970167
84.750081,200,12677.37832
58.97799,1285,12681.090074
87.269571,300,12681.724653
70.994913,700,12683.14366
63.484108,1100,12686.349827
96.695569,200,12686.77326
57.633403,1400,12689.576562
65.209458,1059,12692.804494
79.032523,500,12693.804303
91.022501,400,12694.589984
59.647594,1200,12698.01389
89.285992,300,12698.622257
78.945292,500,12699.622586
68.568087,1200,12702.973466
96.359622,200,12703.363165
83.666431,400,12704.16882
64.053398,1200,12707.521184
73.651109,1097,12709.710013
88.494087,300,12710.302463
93.387571,200,12711.628296
80.473392,600,12712.864114
70.175707,986,12714.808036
94.915893,200,12715.212719
95.425445,300,12716.798068
63.950582,1400,12719.845244
72.983754,1000,12722.804651
88.354911,300,12723.414277
90.764085,200,12723.82137
96.397513,200,12724.231603
89.399504,200,12724.654531
68.481146,1200,12728.041371
63.468018,1200,12730.454828
93.451958,200,12730.845279
93.837579,200,12732.328657
94.041552,200,12732.782601
88.19563,200,12733.203187
-374.31755,20000,12784.658314
64.910602,1100,12786.980729
87.695521,300,12787.601291
93.907047,200,12788.006064
74.806322,900,12790.92038
70.331754,1100,12793.141345
81.558258,600,12795.269139
61.816812,1124,12797.494577
96.414365,200,12797.890121
92.412944,200,12798.319284
71.581402,900,12801.238089
85.0209,400,12802.045373
60.143508,1200,12805.386677
66.259935,1200,12807.810709
72.555414,700,12809.252692
81.717857,400,12811.194837
95.368225,200,12811.62042
64.180048,970,12813.579501
94.621656,200,12813.991592
90.752077,200,12814.401337
92.372113,300,12815.931819
86.46694,300,12816.563107
84.922844,400,12817.390691
57.962787,1365,12821.13676
67.717437,1000,12823.220009
93.414188,200,12823.608709
61.673205,1306,12827.176592
69.654129,1000,12829.154773
89.964083,400,12829.98205
58.661477,1341,12833.712111
88.231261,300,12834.310371
90.068191,200,12834.69263
68.326395,1000,12837.739748
88.41628,300,12838.337121
65.897329,981,12841.288264
65.297307,1095,12843.56377
67.801876,1000,12846.498124
83.230904,200,12846.917304
81.483952,500,12848.01181
65.65948,1200,12850.562953
90.099279,200,12852.007825
55.44663,1300,12854.606574
100.686445,200,12854.99439
87.068379,300,12855.59023
58.473627,1276,12859.194417
69.855017,800,12860.868395
92.208329,200,12862.297485
62.662094,1200,12864.668329
83.632901,300,12865.256454
89.801485,400,12866.048998
66.439494,1000,12869.166479
93.602458,200,12869.619088
95.71972,200,12870.016286
96.263415,200,12870.439383
87.305988,500,12872.33835
64.758104,1000,12874.380087
90.307622,300,12874.968893
91.53337,300,12875.568212
65.711695,1200,12879.035028
79.078027,800,12880.642357
78.680423,600,12882.767981
96.084474,200,12883.212514
58.416311,1300,12885.854035
85.105049,300,12886.450065
67.91126,1137,12889.79332
59.526456,1400,12893.561313
95.538513,200,12893.96807
69.12858,800,12895.624673
69.452643,1100,12898.825707
97.909364,200,12899.220784
71.956627,800,12900.851445
86.485243,300,12901.458933
62.976652,1372,12905.231629
91.868628,200,12905.627887
82.913237,400,12906.417365
65.623253,1200,12909.873248
76.791286,500,12910.904958
98.77609,200,12911.309788
64.431318,1323,12914.851753
64.954103,1381,12918.794758
87.808484,200,12919.223119
69.409276,1000,12921.33411
93.934406,200,12921.713351
90.180204,200,12922.109398
85.92682,200,12922.503953
83.0856,400,12924.419276
80.88658,300,12925.052287
95.39189,300,12925.637528
74.763891,800,12927.275163
67.72668,987,12930.209427
88.184783,200,12930.600211
-357.85928,20000,12980.816526
68.208541,1178,12983.331365
92.112471,200,12983.777092
59.980494,1185,12987.173564
89.882393,200,12987.590673
90.423763,200,12987.984187
71.724027,1011,12991.022145
93.151016,200,12991.42559
68.166774,1121,12993.672706
89.930302,200,12994.073382
82.964338,400,12995.803349
69.666203,1200,12998.207131
70.191148,1100,13001.339656
86.083049,300,13002.030699
64.164641,1100,13004.234971
67.323813,1200,13007.532263
93.27636,200,13007.963342
75.069975,800,13009.550354
62.803804,1161,13012.810541
73.900688,1000,13014.795871
95.737646,200,13016.107737
92.551277,200,13016.519298
81.775385,500,13017.536265
98.92845,200,13017.947316
64.922847,1200,13021.243453
90.683693,300,13021.853155
65.921328,1185,13024.281514
65.344309,1100,13027.403299
70.37411,1100,13029.629649
59.255119,1296,13033.16658
61.084161,1300,13036.683472
73.246785,800,13038.314595
63.734384,1137,13041.57798
95.127544,200,13041.980628
78.80875,400,13042.790487
65.685184,1000,13044.795559
71.100151,900,13047.683076
85.886072,200,13048.175151
91.979372,200,13048.602177
91.275682,200,13049.007457
63.878474,1200,13052.608986
79.414935,1100,13054.807426
87.956067,300,13055.41065
95.377379,200,13055.797097
78.578398,700,13058.238103
68.501114,1267,13060.82115
88.295632,200,13062.15086
63.970988,1270,13064.724347
63.152698,1181,13068.083637
83.094249,400,13068.896163
67.982922,1300,13072.456271
97.607919,200,13072.918782
79.280192,800,13074.562809
89.192613,200,13075.032461
61.14662,1216,13078.43154
93.210527,200,13078.827306
96.822524,200,13079.215717
100.46364,200,13079.617867
66.237417,1100,13082.784775
93.316858,200,13083.20806
88.724442,300,13083.866243
63.101817,1178,13086.256947
70.91812,1300,13089.811823
57.613221,1205,13093.178224
84.751909,500,13094.23469
92.308589,200,13094.633472
64.003423,1300,13098.179076
75.539111,900,13100.004704
68.665583,860,13101.758604
70.671323,1335,13105.432496
81.612647,600,13106.601474
74.002206,900,13109.462035
66.115731,1127,13111.764666
95.860858,300,13113.364094
88.390074,400,13114.240857
74.967497,1000,13116.26773
63.960381,1200,13119.835021
93.137394,200,13120.233826
91.301544,200,13120.641233
64.121909,1129,13123.855306
66.746856,993,13125.828377
67.847727,979,13128.777522
72.355337,715,13130.216386
89.142298,200,13130.614667
72.810081,1000,13132.589248
93.660663,200,13133.983581
66.664329,1000,13136.091552
69.683957,1200,13139.498057
93.232028,200,13139.941922
82.306218,200,13140.359423
92.141154,200,13140.757568
83.689642,400,13141.556346
67.094791,1200,13144.940153
60.623961,1200,13147.394387
63.170291,888,13150.16644
93.01839,200,13150.563032
93.400169,200,13150.959004
73.168159,800,13152.555358
92.285801,200,13152.955329
64.051167,1338,13156.700153
79.611281,700,13158.082711
95.086414,200,13158.493075
87.880903,200,13159.847992
92.498205,300,13160.528347
76.731272,300,13161.214549
64.623357,995,13163.203892
76.695067,900,13166.000148
93.282048,200,13166.401535
60.811829,1150,13168.739711
63.209955,1200,13172.391226
87.617174,300,13172.989973
70.479809,892,13175.713252
66.884025,1100,13177.909765
94.072572,200,13178.311315
76.903302,700,13180.666627
95.657465,200,13181.066781
87.005479,300,13181.65696
88.383361,200,13182.067845
94.875926,300,13182.809974
91.086838,200,13183.226433
66.203406,1182,13186.631894
91.66122,200,13187.025335
64.468322,1200,13189.455458
91.610323,200,13190.805191
77.964899,557,13192.010635
60.910979,1257,13194.56279
99.37244,200,13195.990545
64.530285,1200,13198.497364
62.969223,1200,13201.878742
71.105003,1000,13203.944461
94.447002,200,13204.34831
88.453824,200,13204.73163
91.551586,200,13205.147745
62.516898,1241,13208.672246
62.822297,1318,13212.27862
89.883842,200,13212.6712
69.877586,801,13214.291085
98.770908,200,13214.704228
91.625262,200,13215.121183
68.998511,1200,13218.413067
91.350847,200,13218.821616
58.400488,1200,13222.272931
96.085652,200,13222.672165
93.577017,200,13223.071544
93.443248,200,13223.464023
96.28204,200,13223.85973
67.391797,1300,13227.479238
72.400952,1000,13229.477517
60.66558,1300,13233.131058
64.396516,1134,13235.421555
88.223539,300,13236.958043
96.669283,200,13237.391572
90.616503,200,13237.815867
70.196114,1071,13240.025928
65.784992,1100,13243.178697
93.537532,300,13243.761545
95.915253,200,13244.16132
84.418433,200,13244.576858
91.919061,300,13245.173422
81.78733,400,13245.977316
87.616827,400,13247.708602
90.562205,300,13248.402593
92.340153,200,13248.829947
82.761501,400,13249.708517
63.05233,1300,13253.302694
70.08586,1096,13255.517828
91.574122,300,13256.112902
66.911235,1200,13259.54087
87.300476,300,13260.183391
67.496265,1100,13263.343532
94.353285,200,13263.735661
64.060408,1314,13266.367172
91.802095,200,13267.703999
82.829732,400,13268.589612
79.145392,700,13270.082247
89.52238,200,13270.519891
96.121922,300,13271.112276
63.185717,1335,13274.845765
79.096237,500,13275.843428
101.992715,200,13276.252031
91.748856,200,13276.645135
84.431716,400,13278.384494
87.867456,300,13278.993615
61.438418,983,13281.041722
90.24615,200,13281.444992
67.508159,900,13284.222421
62.480395,1300,13286.814705
60.138125,1200,13290.373724
65.089906,1083,13293.515869
86.693101,200,13293.941541
95.790421,200,13294.350388
94.470401,200,13294.735842
89.851542,200,13295.153466
66.023866,1100,13297.319059
89.662042,200,13298.649373
67.31506,900,13300.493244
62.667141,1285,13304.005492
90.123211,200,13304.446013
92.164464,200,13304.870613
88.275423,200,13305.30111
67.09405,1200,13307.695397
93.622007,200,13309.045976
66.909979,1140,13311.348758
69.139299,1097,13314.524044
80.727859,300,13315.20329
90.379268,300,13315.970161
73.542171,500,13317.01854
97.779909,200,13317.430599
70.0047,900,13320.186479
60.085309,1200,13322.601466
95.793352,200,13323.003175
62.324688,1199,13326.586482
64.888487,1300,13330.084539
66.976604,1322,13332.813059
63.140932,1059,13335.982801
97.096973,200,13336.375772
61.687837,1234,13339.837289
83.979803,200,13340.312944
91.841184,200,13340.732709
99.248391,200,13341.142834
63.180309,1100,13343.345694
73.765699,1000,13346.277295
87.900801,200,13346.675856
87.854939,400,13347.47377
86.575253,400,13348.283039
68.06467,1200,13351.682142
64.835368,1000,13353.705255
64.463473,1300,13357.245176
79.726341,500,13358.236404
70.692168,1000,13361.221778
86.243038,300,13361.819327
72.838661,900,13363.616548
95.21368,200,13364.016181
93.976737,200,13365.343794
92.844952,200,13365.758224
64.246238,1299,13368.326625
62.266209,1310,13371.944337
94.422477,200,13372.338296
70.287156,1200,13375.706552
72.332116,1000,13377.793833
70.850079,1000,13380.757246
88.570327,200,13381.186573
91.08756,200,13381.582554
83.01068,400,13382.379876
94.444528,200,13382.892664
71.39178,1126,13386.28875
88.594717,200,13386.682193
94.193971,200,13387.08813
88.444533,200,13387.484125
73.300336,1200,13389.856708
90.42968,200,13391.298768
81.806669,500,13392.366743
76.345021,900,13394.380543
69.011264,1200,13397.991483
90.031384,300,13398.581362
86.503534,300,13399.219869
78.372267,400,13400.043509
66.772629,1100,13403.354352
93.988446,200,13403.77063
80.80167,500,13404.756778
95.023282,200,13405.164044
58.37374,1293,13408.894519
92.458727,200,13409.31663
93.47125,200,13409.742496
97.879778,300,13410.344648
94.234528,200,13410.747747
67.698212,1100,13414.002024
92.676167,200,13414.399576
61.338422,1200,13417.764522
93.435203,300,13418.361255
63.129657,1100,13420.528852
82.524289,800,13423.205622
92.001118,200,13423.605521
87.78855,200,13424.005033
80.024351,500,13424.999611
65.767813,1142,13428.280133
97.667169,200,13428.682847
71.555528,900,13430.479403
94.16205,200,13430.890222
73.840043,600,13433.117325
86.594051,300,13433.764853
62.577673,1300,13436.364604
69.148249,1180,13439.68135
67.028608,1100,13442.813478
86.836116,200,13443.267884
69.12485,900,13445.11151
68.674095,1000,13448.047162
92.768368,200,13448.442021
94.281101,200,13448.840125
76.674381,900,13450.861202
93.687323,200,13451.309916
77.157097,700,13453.669328
63.747157,1206,13456.099829
61.558443,1143,13459.323619
73.653121,900,13461.207716
71.553647,1000,13464.180649
98.47949,300,13464.830081
67.213364,1000,13466.850018
66.891767,900,13469.674149
90.219897,200,13470.076578
88.339608,400,13470.885004
81.291065,300,13471.485655
61.604766,1200,13474.854627
65.936746,1200,13477.298275
83.951477,300,13478.836562
91.057477,400,13479.697446
83.045612,400,13480.496359
88.440824,200,13480.890545
62.4495,1106,13484.103613
64.918131,1300,13486.689572
83.314484,300,13487.376847
65.783877,1100,13490.508135
95.164255,200,13490.904622
94.635641,200,13491.302837
71.708387,900,13494.099531
90.653153,200,13494.503255
65.001923,1000,13496.510626
88.579777,200,13496.905137
73.544421,1000,13499.861934
95.301629,200,13500.259705
62.534858,1270,13502.802407
83.327307,500,13504.806654
61.875837,1162,13507.143698
84.555016,200,13507.563602
65.675289,1074,13510.77233
90.851781,200,13511.179706
81.936583,300,13511.809874
93.048844,200,13512.204005
87.174711,400,13513.041147
63.384704,1285,13516.772999
65.421957,1281,13520.45745
95.176875,200,13520.898897
63.727262,1000,13522.938558
92.282903,200,13523.328284
82.742821,400,13524.153711
74.810372,700,13526.487848
103.678917,200,13526.87694
65.766061,1300,13530.75132
95.195798,200,13531.155715
91.072169,200,13531.548262
67.066983,1184,13533.904184
68.264408,978,13536.916803
67.75007,1100,13539.130888
87.656888,500,13541.090388
86.774131,200,13541.480174
68.562907,1300,13544.092921
62.629508,1168,13547.446187
61.350421,1146,13549.779879
83.641203,300,13551.32527
87.870028,200,13551.732355
65.300849,1150,13554.029155
93.319053,200,13554.415899
69.827844,1000,13557.486406
68.710767,800,13559.105009
65.255029,1200,13562.418944
73.537665,800,13564.031545
64.286612,1100,13567.271728
86.962183,200,13567.671077
64.046688,1222,13570.133657
89.208366,400,13572.040394
88.817461,200,13572.433998
85.891416,300,13573.034989
61.670415,1070,13575.162048
93.74163,200,13576.502896
67.687979,1100,13578.726653
70.317373,1000,13581.742056
96.310624,200,13582.20488
94.268063,200,13582.764086
75.082976,1200,13585.206619
96.47713,200,13585.60682
83.355929,400,13587.327898
89.593393,200,13587.737829
61.30365,1256,13590.271735
90.656095,200,13590.666398
77.480622,900,13593.601353
91.596705,200,13594.053334
84.448253,400,13594.934588
90.496707,300,13595.536358
66.106176,1197,13598.901471
68.306571,1000,13600.885334
64.638643,1196,13604.264172
63.532032,1300,13607.822361
84.863735,200,13608.276848
64.089575,900,13610.27936
63.454465,1200,13613.68981
69.151194,1100,13615.892555
60.796989,1300,13619.438217
91.384041,300,13620.136248
87.023326,300,13620.831801
62.179606,1300,13624.373675
65.834596,1029,13626.460089
76.46951,800,13629.083403
86.300695,300,13629.673732
83.608483,400,13630.487686
75.935294,758,13632.018397
90.794693,300,13633.597785
94.80001,200,13633.999561
61.364061,1200,13636.482632
90.554034,200,13636.867779
67.136749,1145,13640.140868
62.161137,1118,13642.417481
86.901446,400,13644.310147
63.750584,1300,13646.943063
95.556754,200,13647.34325
88.668509,200,13647.738684
65.1296,1300,13651.4509
72.103172,900,13654.307151
58.771198,1200,13656.708989
71.736447,800,13659.266466
74.398155,900,13661.051754
66.296441,1100,13664.243427
94.313468,200,13664.667615
96.946945,300,13665.319504
70.093425,911,13667.148676
95.773287,200,13667.542119
80.871724,700,13669.952578
81.912944,500,13671.014442
94.963633,200,13671.413394
72.190841,893,13673.226259
71.087394,1100,13676.37079
90.317657,400,13677.160602
86.785084,200,13677.55939
62.802513,1200,13681.020532
78.910371,500,13682.02432
89.719246,300,13682.609396
101.497977,200,13683.011609
96.870123,200,13683.389437
63.892048,1300,13687.023432
92.245169,200,13687.41837
86.870374,200,13687.821729
64.475735,1300,13691.518903
82.463683,200,13691.913268
63.58937,1110,13695.109029
95.839783,200,13695.552837
91.386494,200,13695.984786
92.746578,200,13696.397892
92.555906,200,13696.788515
71.380044,1100,13699.005451
92.794952,200,13700.444743
87.566616,200,13700.852292
76.883817,800,13702.465093
90.146514,300,13703.065606
61.817548,1173,13706.342879
66.146141,1200,13708.713585
68.410588,949,13711.583227
78.047553,700,13712.963297
86.39572,200,13713.357162
88.938436,200,13713.760196
93.180094,300,13714.363275
67.431743,1200,13717.780262
68.351135,1100,13721.141502
99.004242,200,13721.552463
90.674492,200,13721.976142
90.301328,400,13722.774726
82.588573,400,13723.584967
60.770747,1200,13727.132
77.527717,600,13728.337901
85.884851,300,13728.9447
97.480809,200,13729.339362
88.000043,200,13729.739156
92.23542,200,13731.091426
91.816677,200,13731.519763
82.534248,300,13732.200575
95.043645,200,13732.601847
89.88976,200,13733.007358
70.241802,1083,13735.168615
96.86672,200,13736.540512
80.652971,400,13737.346684
64.450111,1000,13739.314623
65.748171,1100,13742.434877
72.448649,900,13744.216764
90.755999,200,13744.631658
63.603693,1200,13748.054848
68.77155,1000,13750.06982
92.950732,200,13751.403069
75.870084,800,13753.013903
95.464864,300,13753.632631
95.356754,200,13754.0403
70.981019,900,13756.838436
61.147082,1244,13759.41466
91.934027,200,13759.803226
68.408801,900,13762.735353
80.409303,400,13763.534338
92.881871,200,13763.962819
88.02536,300,13764.575707
88.49281,200,13764.967052
77.136449,500,13766.908861
90.888415,300,13767.501737
65.568838,1000,13769.498435
81.121101,400,13770.33053
61.792775,1300,13773.920251
88.061168,200,13774.317683
92.192554,200,13774.748055
65.761427,1300,13778.348823
76.681762,700,13779.742575
94.379463,200,13780.153325
83.418998,300,13780.750468
88.26163,200,13781.158524
69.096122,1100,13784.41224
88.040991,400,13785.367516
93.085487,200,13785.794095
65.877741,1200,13789.195425
98.314159,200,13789.588199
88.155192,300,13790.214047
95.342636,200,13790.640846
91.849031,200,13791.056489
91.198723,200,13791.450333
74.162655,972,13794.425058
61.891051,1284,13797.978402
86.632228,200,13798.379716
87.881445,400,13799.164255
60.752065,1200,13801.580527
86.083331,400,13803.310551
62.660821,1300,13805.894032
68.039571,1100,13809.062008
67.822445,1200,13811.637531
90.625636,200,13812.077802
64.75061,1295,13815.658516
76.138861,800,13817.274516
82.562922,300,13818.855305
86.777196,300,13819.518442
85.734076,400,13820.390153
62.191273,1300,13824.038498
68.523505,1089,13826.236194
74.811808,845,13828.879424
69.725574,949,13830.768234
67.607125,1095,13833.908566
67.601788,1300,13836.607966
67.395989,1000,13839.559564
95.57645,300,13840.147531
72.569558,1000,13842.173995
88.817507,300,13842.764627
93.475905,200,13844.167307
94.474511,200,13844.561463
92.668075,300,13845.178993
90.545223,200,13845.560263
64.635499,1066,13847.660322
68.054246,1100,13850.824926
94.984935,200,13851.244048
93.999182,200,13851.740886
70.650842,938,13854.713176
94.143271,300,13855.321397
89.315661,400,13856.13394
93.772462,200,13856.528164
84.185386,300,13857.129712
87.495109,200,13857.522075
64.71094,1197,13861.001959
99.150503,200,13861.417247
93.498741,200,13861.801703
72.244971,900,13864.560851
85.43922,200,13864.975338
92.889222,300,13865.612368
59.850078,1300,13868.178319
62.846535,1069,13871.411489
90.942238,200,13871.822494
60.25817,1184,13875.17121
93.402016,200,13875.631495
91.67356,200,13876.076869
70.986178,900,13877.886001
65.435467,1200,13881.534335
62.353044,1200,13883.912756
92.483156,200,13884.304674
78.849294,600,13886.57355
87.53939,300,13887.173068
76.244744,400,13887.968195
84.550674,400,13888.759089
66.591382,1275,13892.395549
93.781235,300,13893.037112
63.692028,1300,13896.655219
60.53057,1166,13899.15791
92.239539,200,13899.567323
89.336139,200,13899.973651
89.847392,200,13901.307106
67.137104,1073,13903.504249
95.113317,300,13904.098871
91.048689,200,13904.509718
71.151211,1000,13907.462146
59.256927,1170,13909.820324
94.796052,200,13911.143197
68.346816,944,13913.170445
57.627831,1185,13916.564451
81.685223,400,13917.358412
93.806658,200,13917.76432
93.76409,200,13918.1634
96.212593,200,13918.557239
63.054913,1234,13922.172767
87.177288,500,13923.185734
82.51259,400,13923.998546
84.555853,500,13924.995552
69.03475,1100,13928.225894
66.129158,1100,13930.446059
86.710189,200,13931.820885
70.717061,989,13933.815823
77.341156,800,13935.541218
67.071832,1200,13938.949811
65.589689,1281,13942.634896
91.00296,300,13943.241469
85.239114,400,13944.039402
89.372823,200,13944.427511
59.489186,1320,13948.121087
88.354124,400,13948.907381
97.887937,300,13949.50562
90.258843,200,13949.8906
62.121241,1000,13952.972675
63.643316,1300,13955.558168
94.404739,300,13956.191143
72.030359,993,13959.337289
64.483494,1200,13961.757888
83.37565,500,13963.747783
88.321481,200,13964.147456
78.677339,700,13965.549774
86.234366,200,13965.957832
76.176887,747,13968.566567
61.013369,1228,13971.048273
84.579784,400,13971.84892
93.395028,200,13972.259924
64.805352,1100,13975.505761
58.365217,1300,13979.115469
92.828785,200,13979.500985
60.511634,1300,13982.076387
93.238953,300,13983.772499
59.658987,1175,13986.125556
63.988561,1283,13989.906424
95.005083,200,13990.314539
63.646316,1068,13992.459232
77.568989,600,13994.658478
63.36338,1220,13997.114856
93.364385,200,13997.509576
64.746263,1297,14001.226747
61.578396,1121,14004.48213
90.01528,300,14005.109513
57.400949,1273,14007.718362
73.523899,1100,14011.065459
88.106649,200,14011.465571
74.394364,600,14012.672366
98.714961,200,14013.113461
63.86309,1300,14016.719872
93.739569,200,14017.123824
90.891925,200,14017.531439
71.113981,900,14020.34806
97.526391,200,14020.789071
66.968198,1000,14022.846671
95.096408,200,14023.266587
91.694165,200,14023.660841
97.635302,200,14024.055521
66.152413,1100,14027.40725
62.425714,1209,14030.8048
91.620935,200,14031.288878
87.120056,300,14031.901102
95.591124,200,14032.314149
87.078853,400,14033.124597
71.126616,600,14034.343355
89.811449,200,14035.665151
82.893471,400,14036.508459
83.602672,200,14036.933837
96.73559,200,14037.329468
98.187684,200,14037.739503
92.190958,200,14038.181024
63.094819,1094,14041.329762
87.925489,200,14041.755897
85.794424,200,14042.149196
90.109103,200,14042.541062
87.960325,400,14043.32657
91.038349,200,14043.72732
91.40688,300,14044.331357
59.292336,1273,14047.859038
77.056271,700,14049.33924
92.163818,300,14049.931473
88.706603,300,14051.476821
95.61552,200,14051.866256
63.347177,1300,14054.476579
97.134204,200,14054.872407
69.863488,1000,14058.132426
86.696567,400,14058.929754
87.418644,500,14059.928005
92.512795,200,14060.400138
79.490981,200,14061.768915
87.636474,200,14062.196126
99.582498,300,14062.791265
92.693518,200,14063.210832
77.156792,543,14064.316842
90.040597,300,14064.91721
94.0339,200,14065.323343
58.065016,1201,14068.765392
65.246487,1263,14072.278214
95.852445,200,14072.670415
96.055968,300,14073.247256
70.061724,923,14075.116504
94.75103,200,14075.524846
95.325684,200,14076.864909
89.004941,200,14077.339762
86.564154,200,14077.767457
71.942505,1100,14080.003072
87.311868,200,14080.407928
72.264342,969,14083.377763
69.797486,995,14085.437889
71.133948,600,14087.58371
72.003532,700,14088.979204
87.720626,300,14089.600734
91.078493,200,14090.004392
83.853182,500,14090.989488
65.652294,1200,14094.421853
75.340175,1000,14097.45313
92.401175,300,14098.069524
91.014438,200,14098.473638
78.549709,400,14099.268065
66.820819,1100,14101.569604
92.029785,200,14103.190811
82.025538,300,14103.84867
67.175226,1200,14106.308498
89.891871,300,14106.901006
90.026982,200,14108.345023
72.090669,1200,14110.725775
94.232616,200,14111.149005
84.653386,200,14111.545407
68.199527,1100,14114.821445
90.12514,500,14115.84684
71.310383,900,14118.607779
92.497875,300,14119.220919
68.209917,1000,14121.294359
90.281171,200,14121.70151
67.861619,973,14124.826156
91.796952,400,14125.639916
100.116888,300,14126.239993
94.162023,200,14126.641578
91.146447,300,14127.260512
98.302776,200,14127.655603
93.312271,200,14129.028792
69.073123,1100,14131.278566
60.547843,1229,14134.698202
93.180788,200,14135.102305
86.541798,200,14135.484048
66.708695,1169,14137.847517
82.116883,500,14139.862782
61.785158,1224,14142.323967
57.454145,1370,14146.031155
74.122857,500,14147.026793
95.130403,200,14147.422876
70.401099,800,14149.990525
89.153164,300,14150.580088
89.27164,400,14151.374204
90.87959,200,14151.775867
96.543684,300,14152.393173
92.77051,200,14152.789081
65.784842,1284,14156.422513
96.127882,200,14156.824906
79.670001,500,14157.834607
65.42537,1273,14161.431467
92.735764,300,14162.033089
85.611322,200,14162.433234
97.779029,200,14162.818415
71.362943,600,14165.016383
89.022549,200,14165.426575
64.431683,1100,14167.602944
93.002954,200,14168.012868
86.484153,200,14168.398048
71.455866,793,14171.030039
88.189321,300,14171.613488
62.36445,1200,14175.049408
65.232777,1053,14177.169553
85.070968,500,14178.179112
84.295891,300,14178.779337
88.875983,200,14180.153168
83.294756,300,14180.821403
68.734695,900,14182.623548
86.964548,200,14183.029615
60.279572,1199,14186.434926
61.604496,1300,14189.033261
91.706735,200,14190.421552
63.118788,1200,14193.037032
89.670248,300,14193.638925
89.387283,200,14194.040109
83.965512,500,14196.038707
95.202485,300,14196.724457
59.974763,1358,14199.463119
65.986485,1000,14202.424844
92.746116,200,14202.814441
89.598877,200,14203.212715
91.90396,300,14203.80386
90.11504,200,14204.182766
90.211836,200,14204.588264
65.223287,1000,14207.721761
59.526868,1200,14211.107788
79.575317,400,14211.910212
63.414148,1300,14214.508898
86.555336,300,14216.071772
98.042454,200,14216.46882
92.498015,200,14216.858329
95.75801,200,14217.25409
95.477304,200,14217.657813
80.976682,300,14218.272774
62.606577,1125,14221.533735
95.761811,200,14221.937796
68.981861,1000,14223.974502
90.707926,400,14224.764477
90.703998,200,14225.163099
62.125889,1200,14228.633144
97.803199,200,14229.051042
92.180673,200,14229.507656
94.236075,200,14229.906832
89.433652,200,14230.303168
90.247895,300,14231.8313
89.850029,200,14232.24246
85.846922,400,14233.033662
90.208508,300,14233.619688
99.646512,200,14234.046835
71.395452,1234,14237.576434
72.13401,1000,14239.620626
95.307701,200,14240.02242
92.675082,200,14240.493305
73.170262,900,14243.229532
94.064328,400,14244.019346
77.313657,800,14245.611389
94.076683,200,14246.986182
62.644721,1200,14249.37452
91.839878,200,14249.774792
91.148528,200,14250.238782
88.703543,200,14250.663573
95.161881,200,14252.054741
89.050204,300,14252.664236
60.077102,1300,14255.280635
85.684675,400,14257.057319
91.305693,200,14257.46087
68.025514,1000,14259.576945
87.339117,200,14259.997372
72.096227,1200,14263.442605
86.870822,300,14264.033412
64.325567,1218,14267.470595
90.213066,200,14267.870057
92.31156,200,14268.272082
93.653554,200,14268.664792
92.564514,300,14269.274757
95.302846,300,14269.863996
68.472133,1100,14273.079398
63.204175,1100,14275.297984
65.04579,900,14278.127108
89.845888,300,14278.761734
61.116805,1200,14281.182355
90.132954,200,14281.559516
65.423284,1100,14284.789948
85.223816,400,14285.572196
70.981866,1100,14288.763597
97.103529,300,14289.37165
56.240486,1300,14292.89499
93.906264,200,14293.322683
88.603391,200,14293.769466
64.215562,1207,14296.201708
93.551071,200,14296.622601
87.637781,200,14297.057011
72.494358,1000,14300.030819
67.322336,1100,14303.252674
68.307731,994,14305.345532
81.416649,200,14305.741053
92.243969,200,14306.132565
56.673763,1366,14309.833022
63.882792,1204,14312.277381
61.570776,1378,14316.087381
71.162063,1077,14319.238223
97.424539,200,14319.631057
82.105428,400,14320.425708
91.747545,200,14320.82143
90.021424,200,14321.231449
98.289755,200,14321.625275
65.108822,1300,14325.244248
73.445562,900,14327.302947
83.85652,400,14328.128588
60.83575,1285,14331.676765
66.613872,1200,14335.004108
90.115598,200,14335.426161
64.333576,1000,14337.421184
97.832931,200,14337.818331
86.196321,400,14339.670873
91.977762,200,14340.113756
91.274674,200,14340.53747
64.958938,1141,14342.812996
91.264151,400,14344.559431
94.98536,300,14345.210263
66.724749,1000,14347.268276
83.963859,400,14348.059564
61.342066,977,14351.056418
56.482667,1306,14353.674727
64.090729,1200,14357.033739
71.698607,1100,14360.319232
67.512562,1200,14362.767548
71.085994,1000,14365.789201
87.013316,200,14366.18961
89.152281,400,14366.98008
86.431255,400,14367.82372
62.721023,1100,14371.081232
60.806866,1228,14373.586591
64.890918,1365,14377.23667
91.389335,200,14377.643363
96.02896,200,14378.059537
79.081048,687,14380.379474
97.425195,200,14380.782063
90.237055,200,14381.177639
96.107459,200,14381.569496
82.268135,500,14382.553232
66.246,1052,14385.586934
77.757684,600,14386.8715
81.620741,200,14387.287689
78.50572,400,14388.143807
68.486198,1200,14391.520753
83.562785,300,14392.111864
82.903023,500,14393.238741
63.402208,1300,14396.90127
93.184499,200,14397.295515
71.765392,700,14398.712901
93.731829,200,14399.130986
58.394166,1300,14402.796335
63.396124,1300,14406.320107
67.813821,1000,14408.334637
61.841759,1200,14411.747626
61.667007,1300,14414.362798
71.356302,1000,14417.311958
71.858895,1300,14419.927276
89.163991,200,14420.386415
92.791889,200,14421.789591
94.215743,200,14422.233522
60.082713,1233,14424.709016
73.144692,1000,14427.658913
92.062354,200,14428.094706
61.311637,1300,14431.89493
83.739459,300,14432.500491
100.681135,200,14432.892344
90.535975,200,14433.292833
61.704598,1300,14435.851774
70.574329,1000,14438.928672
61.224055,1212,14442.303674
71.022074,801,14443.987195
93.867247,200,14444.38079
81.81928,300,14444.976044
57.941677,1388,14448.94043
73.412967,900,14450.732142
74.142246,800,14453.33885
91.816165,200,14453.778238
56.981281,1350,14456.473803
66.753179,1200,14459.82766
64.927802,1000,14463.030409
95.260874,200,14463.450769
64.663678,1300,14466.021481
85.933814,200,14466.420046
71.96361,800,14468.974783
88.089365,200,14469.375261
95.966587,200,14469.765404
91.603782,300,14470.359831
67.640048,1257,14473.808316
89.490369,200,14474.213719
87.431683,200,14474.614197
58.71831,1256,14478.059229
68.282885,1117,14480.639222
61.530006,1182,14483.979798
93.192962,300,14484.586383
90.575551,200,14484.978089
61.996493,1200,14487.359296
85.688703,200,14488.730756
84.48566,200,14489.131237
90.992545,200,14489.52
93.666587,200,14489.932722
91.814877,200,14490.327664
63.162953,1100,14493.513618
62.324588,1100,14495.833487
62.539645,1158,14499.130574
80.435752,500,14500.112367
81.492681,400,14500.946717
89.611534,200,14501.341511
62.449119,1300,14504.969548
87.867152,400,14505.762118
94.108599,300,14506.371366
91.222646,200,14506.760585
88.196866,200,14507.14886
94.283342,300,14507.755735
83.39931,400,14509.650724
96.285421,200,14510.061711
92.986543,200,14510.462946
67.149542,1100,14512.700544
59.24995,1301,14516.314825
68.739937,1000,14519.285819
63.76255,1100,14521.479198
59.455335,1376,14525.257916
86.017017,400,14526.051409
88.730904,500,14527.100783
68.19087,1100,14530.449912
60.946725,1403,14533.270698
93.586414,200,14533.663897
68.46913,1180,14537.052013
62.328857,1300,14540.762878
63.611377,1200,14543.275587
62.975833,1247,14546.691393
62.6093,1118,14548.916622
65.816775,1100,14552.221568
89.092155,200,14552.632534
87.108498,400,14553.436268
68.608904,1100,14556.578665
96.967038,300,14557.175833
65.971655,1337,14560.853805
90.30173,300,14561.514536
63.663042,1219,14563.969196
95.002268,200,14564.349346
89.50162,300,14565.9268
93.711024,200,14566.330688
95.631578,200,14566.713799
87.950382,400,14567.514869
-353.595582,20000,14618.107004
90.412452,300,14618.698976
62.985718,1313,14622.281448
91.172643,400,14623.082961
62.467907,1202,14625.477466
72.528659,1000,14628.400748
91.137141,200,14628.817281
80.033405,1100,14631.059772
64.617992,1234,14634.575927
90.343328,300,14635.181535
88.685579,200,14635.573735
90.934487,200,14635.977736
90.639838,200,14636.365264
68.587605,1200,14639.73763
96.774038,200,14640.147302
73.107792,800,14642.711326
84.798084,300,14643.389171
64.099501,1289,14646.001745
71.234398,1200,14649.517846
66.985043,1067,14651.693842
94.544255,200,14653.051502
63.720869,1285,14655.607788
65.519823,1100,14658.940994
89.91533,200,14659.394722
65.864426,1200,14661.947572
91.284232,200,14662.355164
89.304525,200,14663.704346
67.306362,975,14665.636197
91.826848,200,14666.048133
87.966381,200,14666.442971
74.451229,900,14669.242746
68.142132,1300,14671.861053
70.883143,1100,14675.071226
93.120575,200,14675.460086
57.680515,1200,14678.797083
60.574407,1242,14681.407825
74.835964,1100,14684.568651
72.923295,900,14686.337154
67.239642,1095,14689.491841
67.957218,1200,14691.910519
63.795894,1101,14695.161095
55.176808,1247,14697.652432
77.028709,1000,14700.712289
97.298818,200,14701.141601
83.12253,200,14701.53202
81.867853,400,14702.324144
84.981211,200,14702.753704
69.10386,1200,14706.093022
88.108254,400,14706.879943
71.643897,900,14709.613625
88.525747,200,14710.064327
90.833445,200,14710.482957
91.722715,300,14711.120865
88.584446,200,14711.526954
67.153214,1200,14714.916814
68.47845,1100,14717.156881
91.841685,200,14717.539527
96.116631,200,14717.947687
91.114081,200,14718.352846
86.239647,200,14719.753505
99.83433,200,14720.156143
94.444808,200,14720.602635
66.142893,1265,14723.177465
85.982891,200,14723.710041
81.73559,600,14725.942698
89.99116,200,14726.332458
97.067202,200,14726.742581
82.089786,500,14727.747149
76.85703,800,14730.298148
95.175889,200,14730.693849
96.184924,200,14731.095388
71.717976,800,14732.701554
96.352065,200,14733.111535
67.046023,1100,14736.318789
90.538865,200,14736.718905
82.479752,400,14737.51938
63.660524,1200,14740.942147
72.357716,900,14742.76221
99.455443,200,14743.184588
67.104641,1271,14746.642405
80.717093,200,14747.039214
69.496946,1110,14749.243836
68.237201,1100,14752.530425
96.418799,200,14752.97215
86.984434,200,14753.374753
67.077861,1300,14756.984406
95.155446,200,14757.382075
63.874381,1049,14759.477602
63.879277,1200,14763.080453
63.009128,1300,14766.587795
68.415046,1000,14768.565745
94.853942,200,14768.961596
64.267309,1093,14772.189594
69.596156,864,14773.968669
86.431058,400,14774.745235
64.397621,1142,14777.978658
94.246515,200,14778.373729
88.13049,200,14778.776021
90.831649,300,14779.393637
76.337556,900,14782.277266
84.904163,400,14783.063835
91.918447,300,14783.699743
71.389854,900,14786.415281
92.633611,200,14786.808844
71.193899,900,14788.594399
66.892956,1100,14791.71855
82.659403,700,14793.399168
92.697745,200,14793.795068
92.457787,200,14794.218832
66.88301,1141,14797.44026
86.365392,300,14798.033162
93.892417,200,14798.424364
62.538072,1296,14802.322863
90.549077,300,14802.958395
71.322453,1000,14805.046529
90.669998,200,14805.451474
67.521177,1041,14808.46011
98.415842,300,14809.067223
92.048291,200,14809.45961
98.981066,200,14809.860329
74.669065,700,14811.338645
82.0932,200,14812.714837
82.368106,400,14813.53048
64.635861,1032,14815.587629
86.781658,200,14815.986469
89.995161,200,14816.372679
89.082586,400,14818.122885
92.445053,200,14818.568487
89.420362,200,14818.99216
55.950803,1311,14822.597232
68.961939,900,14824.426445
67.671477,1000,14826.414671
71.313114,1000,14829.467165
89.493984,300,14830.067289
92.624192,200,14830.465256
75.770796,1000,14833.623859
98.133587,200,14834.065038
83.126884,500,14835.077786
57.852892,1284,14838.603576
88.023446,200,14838.998317
96.476469,200,14839.409796
68.102625,1235,14841.963124
73.742842,982,14845.012693
65.791247,1112,14847.221226
93.57364,200,14848.574621
91.99522,200,14849.05149
66.06241,1118,14851.432653
78.746583,600,14852.642495
70.903496,900,14855.470248
66.932985,874,14857.236022
85.765118,200,14857.615255
71.399641,1000,14860.647289
91.312328,200,14861.048118
68.79853,1100,14864.248394
71.513926,1043,14866.393463
95.786316,200,14866.785106
85.296703,500,14867.771019
61.001345,1275,14871.35463
95.918711,200,14871.745251
88.633566,400,14872.530706
64.456011,1200,14876.012125
87.625635,200,14876.409895
93.844435,200,14876.797662
69.113249,1300,14880.346405
65.56174,1200,14882.738951
93.588933,200,14883.157974
94.935154,300,14884.71052
88.253551,200,14885.124213
89.845588,200,14885.509162
63.46107,1200,14887.883
91.562466,200,14888.280379
66.035549,1200,14891.71027
95.330086,200,14892.105067
67.712146,1107,14895.318944
90.244362,300,14895.918507
98.445642,200,14896.316796
86.599064,300,14896.901276
76.181754,800,14898.487381
85.257134,300,14900.0353
65.044849,1200,14902.548825
92.307733,200,14902.946947
91.120025,400,14903.758813
86.073461,600,14905.953744
60.098593,1086,14908.120699
61.848135,1300,14911.640313
87.375287,300,14912.242973
69.811325,1100,14915.419941
79.284648,800,14917.173242
69.566872,870,14918.988644
94.559961,200,14920.337178
86.348702,200,14920.754338
65.722184,1173,14923.127664
60.011056,1300,14926.698169
93.525008,200,14927.0964
68.10288,1000,14929.166961
100.162853,200,14930.506329
90.911545,200,14930.915752
92.973163,200,14931.373746
75.217112,500,14932.415431
96.354792,200,14932.84401
94.242112,200,14933.249206
72.559458,1000,14936.26482
66.491438,900,14938.036833
66.423771,1300,14941.661394
92.192027,200,14942.080783
92.266349,200,14942.477673
93.843987,300,14943.087691
64.38923,1100,14946.269129
91.845671,300,14946.854273
64.051185,1000,14948.838736
96.690688,300,14949.438873
94.013537,200,14949.827294
89.280791,400,14951.627951
87.398131,500,14952.650382
98.666431,200,14953.053563
95.849142,200,14953.444104
88.016813,200,14953.855053
87.579266,800,14956.486336
86.12276,300,14957.129658
66.934363,1070,14959.297546
71.311588,1000,14962.369919
84.836072,500,14963.358948
85.525212,200,14963.749946
67.007271,1196,14967.122196
81.798072,400,14967.914049
63.372375,1242,14971.333504
85.658206,200,14971.746038
63.325884,1191,14974.116687
93.133479,200,14974.522401
67.342206,1000,14977.69926
88.550469,300,14978.308322
85.365893,400,14979.117441
88.410209,400,14979.896726
82.965424,300,14980.496703
65.498382,1316,14984.336927
91.429484,200,14984.740975
99.4086,200,14985.15554
65.541433,1100,14988.302242
68.426467,1000,14990.273446
82.208523,300,14990.8663
87.343889,200,14992.289831
94.337765,200,14992.719967
66.638662,1200,14995.208623
93.107633,200,14995.597306
95.265106,200,14995.999104
79.77493,500,14998.002717
86.434734,300,14998.630579
95.10189,200,14999.033781
66.24491,1300,15002.572903
65.97072,1000,15004.679851
93.817343,300,15005.300338
73.066585,1000,15008.249701
71.542226,1000,15010.227103
92.666383,200,15010.616841
95.797293,200,15011.011424
71.573876,1026,15014.093743
69.465133,1200,15016.540799
93.083325,200,15017.880654
87.526636,200,15018.303594
70.639056,1000,15020.30329
89.291819,200,15020.75471
69.960409,900,15023.644719
64.091576,1203,15026.113836
91.009253,200,15026.498286
89.852406,200,15026.895914
90.173435,200,15028.240395
98.488691,200,15028.640713
94.967406,300,15029.252618
96.751403,200,15029.645889
65.303613,1200,15032.019368
94.053571,200,15033.554635
69.397378,871,15035.37317
90.766269,200,15035.77399
66.80466,1211,15039.104555
90.117312,400,15039.911805
87.572785,400,15040.704544
94.917544,300,15041.292483
74.833996,1100,15044.481793
62.125431,1213,15046.975587
88.226776,200,15047.359918
66.320885,1200,15050.855917
91.481691,200,15051.263575
67.447351,983,15054.279227
78.203974,789,15055.897025
85.712055,200,15056.300835
88.926252,200,15056.691838
65.774604,900,15059.440435
79.921741,600,15060.731288
70.200358,1000,15062.728143
69.6341,1100,15065.880785
92.450203,200,15066.299968
66.050631,900,15068.128814
82.955225,400,15069.94995
58.752031,1206,15072.414015
67.713502,1300,15075.978411
88.268593,300,15076.558239
94.106622,300,15077.196763
93.437918,200,15077.592995
91.991794,200,15078.023166
61.498591,1100,15081.355165
62.118946,1231,15084.878242
65.210473,1100,15087.121129
87.880591,200,15087.526458
69.394147,1100,15090.744267
91.16587,200,15091.153613
92.176775,200,15091.547954
91.565663,300,15092.162165
88.52846,200,15092.552251
59.857481,1200,15096.014072
69.574473,1087,15098.197705
94.006093,200,15098.597726
77.448221,400,15100.344914
93.673555,200,15100.735168
60.947121,1146,15103.011604
84.06485,600,15105.254768
63.725929,1299,15107.887596
94.113553,200,15108.287543
62.379875,1158,15111.548339
91.384147,200,15111.950491
69.426365,1200,15114.357694
66.280122,1100,15117.528912
95.406636,200,15117.920224
92.756705,200,15118.323836
77.492919,300,15118.917502
78.539594,500,15121.103472
67.084338,1171,15123.475493
80.318306,800,15126.112337
70.243658,990,15128.140831
87.963308,200,15128.537354
74.805502,968,15131.432208
93.778567,200,15131.872847
69.667756,1000,15133.906798
85.054548,300,15134.505032
64.077612,1000,15137.562771
69.968925,800,15139.182395
66.195888,1109,15142.531342
91.758347,200,15142.944452
88.060245,300,15143.548759
91.987355,200,15143.954304
68.332273,787,15146.539172
67.604756,1200,15148.983891
62.031281,1197,15152.375866
97.894279,200,15152.768877
66.700324,1000,15154.734544
97.838063,200,15155.122343
63.19207,1200,15158.590964
80.293094,300,15159.183145
62.678733,1249,15162.757506
91.67486,200,15163.163094
71.443002,900,15164.965937
68.758335,1000,15168.015074
61.302137,1308,15170.665568
86.546311,400,15172.445066
65.771174,1200,15174.933926
79.626524,600,15176.114055
84.529111,200,15177.472894
78.580308,800,15179.189466
69.551683,1200,15182.503635
94.961944,200,15182.910044
63.665483,1300,15185.522539
89.617952,200,15185.92763
70.604851,1100,15189.346205
67.641533,1242,15191.843891
96.629907,200,15193.204996
92.848338,200,15193.589313
74.509451,600,15194.821537
100.437238,200,15195.221954
95.243648,300,15195.805862
83.617383,200,15196.20085
86.340266,200,15196.612231
98.186254,200,15197.968284
75.137252,500,15198.989365
61.574582,1193,15201.450032
75.366751,500,15203.489998
92.110552,200,15203.933257
85.289148,200,15204.380362
89.965221,200,15204.78773
80.646959,700,15206.211941
68.961697,1100,15209.428405
87.50431,200,15209.83132
90.888917,200,15210.238918
61.259961,1176,15213.544566
95.663718,200,15214.002442
86.223193,300,15214.627151
74.259493,800,15216.240924
92.173973,400,15217.087107
85.435475,500,15219.025685
81.243778,300,15219.616145
65.989568,1200,15222.073144
65.161008,1295,15225.709655
82.608793,400,15226.515557
71.225808,900,15229.317573
86.234415,200,15229.710928
65.650337,1152,15232.014786
60.64371,1200,15235.568563
67.035848,1100,15237.819085
98.254542,300,15239.411553
89.093821,300,15240.089936
71.766114,1072,15242.260044
73.439079,1000,15245.365937
67.97097,1003,15247.423006
89.537686,200,15247.836168
61.99613,1282,15251.337304
59.780535,1200,15253.724999
77.642009,700,15256.290879
68.83478,1275,15258.864782
88.108468,300,15260.452242
67.151879,1284,15263.069773
65.107473,1100,15266.313191
98.80556,200,15266.720993
101.244844,200,15267.128198
88.143602,400,15267.964256
56.699237,1258,15271.573276
90.462765,200,15271.975914
90.057193,200,15272.377082
94.150086,300,15272.979969
94.057633,300,15273.58967
87.721643,200,15273.986503
78.297957,800,15276.550384
93.372728,300,15277.143485
83.810749,400,15277.972362
66.864637,1000,15280.923572
72.288281,900,15282.804699
63.001135,1293,15286.345394
60.189461,1234,15288.921681
92.277512,200,15289.32288
90.745346,200,15289.698382
88.641299,200,15291.076593
89.189456,200,15291.480901
70.215613,1017,15293.495901
72.220188,996,15296.500803
62.563297,1267,15299.095953
89.778519,200,15299.498893
95.639602,400,15301.258051
89.587529,200,15301.658406
90.853319,200,15302.092789
74.396464,900,15303.918253
92.887582,500,15304.910444
93.732352,200,15306.255965
78.638612,500,15307.269303
71.954896,1200,15309.714607
67.575674,1200,15313.043
91.824726,200,15313.428193
87.305449,300,15314.024137
61.392495,1300,15317.646641
64.122226,1200,15320.071624
91.175763,200,15320.51603
68.847602,1100,15323.998414
66.497569,1100,15327.149739
88.90048,400,15327.986795
70.91605,600,15329.18339
95.488364,200,15329.596642
70.780895,1100,15333.253538
76.562961,600,15334.457088
92.547377,200,15334.852105
87.314036,300,15335.439905
63.718646,1300,15339.033211
59.641959,1300,15341.62292
92.337968,200,15342.965288
60.921501,1314,15345.572673
86.207919,300,15346.169878
63.87377,1100,15349.537511
87.12626,200,15349.973773
92.647953,200,15350.399169
82.598777,400,15351.205758
55.562945,1236,15354.656437
83.564374,500,15355.642945
73.879756,900,15358.402187
84.508926,200,15358.796708
91.289235,200,15359.19238
72.342676,1138,15361.476731
71.714302,707,15363.856615
64.090648,1132,15366.172721
93.190928,200,15366.565345
87.297983,300,15367.165532
58.402524,1190,15370.55554
83.637892,400,15371.360064
58.782076,1187,15374.644518
97.274358,200,15375.048345
84.10888,200,15375.441319
87.354444,300,15376.044252
90.245355,200,15376.432961
92.579013,200,15376.826176
89.969684,200,15377.220945
67.61382,1037,15380.242278
92.777433,200,15380.690598
60.830243,1219,15384.11128
80.225999,400,15384.889557
80.748314,400,15385.681306
92.144469,200,15386.067934
93.850579,200,15386.478192
77.606659,300,15387.07923
92.318413,200,15388.544485
65.121807,1100,15390.911318
67.263923,1152,15394.394392
66.643586,1100,15396.571223
58.817187,1248,15400.105339
87.718943,200,15400.509412
102.080702,200,15400.925632
70.447379,1100,15403.136258
85.913735,700,15405.463444
67.000902,1100,15407.650136
61.512646,1256,15411.12604
66.828788,1064,15414.176426
73.245685,1100,15416.493093
89.787112,300,15417.095584
63.695074,1200,15420.580917
92.865713,200,15420.982943
89.188816,300,15421.586264
66.874792,1247,15425.050946
66.487242,1200,15427.556327
62.407049,1302,15431.418348
87.735163,300,15432.015782
66.236335,1100,15435.150768
86.863897,300,15435.780227
95.951761,400,15436.64742
59.635629,1120,15438.924373
67.413003,1200,15442.499478
87.171572,200,15442.895968
79.387876,300,15443.493132
65.261676,1100,15446.741093
93.094828,300,15447.35358
72.604057,601,15448.550006
64.635893,1180,15452.048468
65.800842,1000,15454.099598
81.742337,300,15454.689981
83.269894,300,15456.262827
87.266742,300,15456.847878
61.92453,1300,15459.565038
89.225751,300,15461.204672
76.509456,900,15463.028505
97.364729,200,15463.429975
65.455217,1248,15466.845172
73.656611,500,15467.83773
67.423318,1201,15470.263201
96.805072,200,15471.625066
83.454591,400,15472.446201
62.940013,1312,15475.06979
81.485882,400,15476.79804
85.284255,200,15477.216785
92.08089,200,15477.593146
63.384553,1242,15480.091233
63.530162,1100,15483.244045
61.606736,1200,15486.801048
66.396046,900,15488.673643
86.469537,300,15489.270365
60.871707,1242,15492.998791
98.557333,200,15493.402093
91.433092,200,15493.7948
95.171873,200,15494.198136
88.459624,200,15494.584265
75.625003,400,15495.389827
87.031489,400,15497.119778
60.713603,1300,15499.790793
76.573883,300,15500.447742
98.037976,200,15500.895341
76.677365,800,15503.52442
88.9154,200,15503.946318
92.544584,200,15504.328996
89.635353,200,15504.736055
88.724557,200,15505.171751
88.907523,300,15505.755693
65.253457,1087,15508.870556
72.628121,1100,15511.157745
95.343249,200,15511.552145
89.225534,300,15513.100573
89.906038,200,15513.490033
92.597036,200,15513.885249
65.144966,1250,15516.396127
65.992446,1300,15519.971371
93.838158,200,15520.402899
88.632575,200,15520.802227
99.539166,200,15521.201103
90.059786,200,15521.587738
88.781864,200,15522.957341
94.245055,200,15523.351438
65.707508,1100,15525.545164
64.711368,1303,15529.427718
93.057628,200,15529.847319
89.252302,200,15530.260659
89.183477,200,15530.697709
60.861691,1078,15533.779048
86.892797,200,15534.190069
69.438161,1100,15536.408251
85.973296,200,15536.797365
82.79349,600,15539.097318
89.607872,300,15539.702205
94.228149,200,15540.131075
65.829182,944,15542.053669
66.280494,1000,15545.179498
64.186939,1286,15548.72465
74.829451,500,15549.724508
95.133042,200,15550.144732
86.200372,200,15550.535424
64.527152,1000,15552.563329
66.010267,1000,15555.587744
89.327473,300,15556.182589
59.850804,1337,15559.795729
62.874357,1237,15562.380422
89.738067,200,15562.784265
96.376008,200,15564.126013
91.247492,200,15564.533556
93.102692,200,15564.937961
61.843957,1272,15567.478705
68.112322,1000,15570.489695
95.91363,200,15570.929513
95.053621,200,15571.314891
73.836297,500,15572.294397
93.294011,300,15572.895927
98.204115,200,15574.251864
91.1937,200,15574.659561
77.570329,675,15576.011283
66.105968,1200,15579.350853
88.811355,300,15580.015627
61.225082,1216,15582.501122
80.46014,500,15584.460373
89.528716,200,15584.909835
70.118441,996,15586.901045
89.445264,200,15587.299564
59.347341,1167,15590.726244
94.190121,200,15591.151974
88.812674,200,15591.553243
88.975457,300,15592.167037
96.756049,300,15592.751709
87.043617,200,15593.159208
94.838557,200,15593.56134
57.97142,1220,15597.219319
65.068896,1258,15600.747937
61.00172,1257,15603.343359
83.61635,500,15605.278506
88.920069,200,15605.689395
75.983807,700,15607.178269
78.571685,400,15607.976323
70.094915,1100,15611.15944
78.171462,800,15612.741704
98.115075,200,15613.15068
89.350201,200,15613.544792
90.36019,200,15613.939531
69.207861,1307,15617.589326
86.405719,200,15617.997012
88.645038,300,15618.64478
93.342279,200,15619.071787
59.890326,1228,15622.608062
90.319872,200,15622.999516
97.320572,200,15623.394518
96.1373,200,15623.787152
62.290947,1204,15627.168622
64.808278,1000,15629.141349
99.146926,300,15629.723215
86.408855,200,15631.143814
92.285153,300,15631.863152
72.875218,1000,15633.869623
71.620135,1100,15637.091957
65.534564,1300,15639.720006
64.322549,1300,15643.305473
91.355666,200,15643.704755
70.14328,1000,15646.677868
67.753251,1100,15648.909851
92.74959,400,15649.707928
97.828912,200,15650.118186
65.145826,1156,15653.403475
80.878756,700,15654.787502
92.511115,300,15655.397749
66.542428,1255,15658.981661
88.87475,200,15659.385231
87.633729,200,15659.783592
79.284199,500,15661.7453
62.477738,1300,15664.550532
81.633396,400,15665.392088
100.032145,200,15665.826591
60.062709,1200,15669.224369
63.32349,1147,15672.589557
70.368299,1200,15675.085769
88.407608,200,15675.478317
93.120514,200,15675.872518
93.981407,200,15676.27332
67.559636,1188,15679.686518
98.134987,200,15680.09761
86.016165,300,15680.751855
84.050484,200,15681.174339
85.593115,300,15682.872354
86.647726,200,15683.284339
59.367649,1257,15685.801426
84.605845,500,15686.825707
90.753343,200,15688.158589
80.084609,400,15688.938141
85.15259,300,15689.608843
69.628982,700,15691.174818
83.162528,200,15691.594623
89.487996,200,15691.997689
60.477682,1296,15695.531797
95.00447,200,15695.94245
93.263276,200,15696.33558
67.596941,1197,15699.65092
95.547925,300,15700.256957
89.001795,200,15700.630641
64.34416,1100,15703.935881
94.698274,200,15704.338237
82.698399,400,15705.162068
67.34201,1300,15708.705527
69.795738,1300,15711.277112
92.633441,300,15711.905334
88.60718,300,15713.473901
95.923391,300,15714.07295
69.444035,1100,15716.241985
85.214111,200,15716.673955
87.639944,300,15717.290309
67.30538,1200,15720.810806
91.483811,200,15721.205305
91.120522,200,15721.612233
83.696492,700,15724.025227
62.634571,1300,15726.577807
59.965808,1200,15729.930429
91.23498,200,15730.324205
95.865777,300,15730.910708
89.69331,200,15731.314524
71.004784,1000,15734.577542
61.665872,1100,15736.780085
71.460171,800,15739.372543
71.868956,1000,15741.492445
72.933568,900,15743.332887
67.699795,1100,15746.627175
68.684412,800,15748.233117
73.096281,900,15751.104443
65.960173,1100,15753.33863
82.055681,500,15755.348977
93.459053,300,15756.004698
99.214381,200,15756.413552
92.595599,200,15756.809402
61.366675,1262,15760.329108
94.844043,200,15760.720739
64.772853,1142,15763.037779
63.776542,1200,15766.381923
87.411455,300,15766.964992
92.352773,300,15767.556544
82.470117,700,15768.940409
63.645431,995,15771.888321
81.882911,700,15773.321766
66.505223,1159,15776.698886
62.573178,1200,15779.097988
60.640544,1200,15782.551152
89.048341,300,15783.18428
63.126582,1100,15786.448914
94.460529,200,15786.87665
71.354465,1300,15789.553131
94.466962,200,15790.9064
92.914932,200,15791.294853
90.568509,300,15791.943319
92.227336,200,15792.355557
73.215215,1000,15794.353903
95.429854,200,15794.742795
72.442561,800,15797.300662
76.268264,300,15797.934707
65.715166,1217,15801.457383
74.427552,800,15803.308084
88.186574,300,15803.937951
85.451934,200,15804.332325
94.257181,200,15804.727981
78.84129,200,15805.143983
88.812453,200,15806.474534
92.390962,200,15806.884304
68.762008,995,15808.876643
100.078392,300,15809.521904
87.098852,300,15810.123976
83.340481,500,15812.058789
60.447996,1200,15814.49986
94.405182,200,15814.898922
94.300844,300,15815.494404
84.289969,200,15816.84251
87.504271,200,15817.254774
100.519146,200,15817.652092
80.173092,300,15818.256777
96.767236,300,15818.853371
89.237149,300,15819.479392
67.800501,1100,15822.718235
91.017275,300,15823.322746
65.518126,1200,15825.774239
89.388004,200,15827.145764
87.693832,200,15827.528649
77.496288,1000,15829.563611
99.653372,200,15829.981323
91.814673,300,15830.576845
85.562139,400,15832.309522
70.259304,959,15834.278139
64.568992,1300,15837.927831
99.597847,200,15838.353841
92.433794,200,15838.760067
57.596706,1214,15841.205996
72.186756,1100,15844.374426
85.197675,300,15845.052896
91.919207,200,15845.553759
64.011944,1288,15849.170603
62.957774,1297,15852.830513
63.10501,1247,15855.375165
83.865962,300,15856.008712
93.02066,200,15856.399324
91.246394,300,15857.944948
66.585703,1300,15860.556108
69.041806,1131,15863.91906
82.233993,600,15865.141777
82.621398,400,15865.943079
60.181892,1100,15869.365631
88.775302,200,15869.762757
95.079473,200,15870.160375
78.470771,200,15870.563741
93.984596,200,15870.976018
83.569288,500,15871.995091
92.104267,200,15872.383759
86.815027,300,15873.960638
63.206016,1200,15876.364257
94.55584,200,15876.757576
62.760137,1300,15880.429198
89.923746,300,15881.037155
81.809894,1000,15884.144175
57.667177,1200,15886.605709
79.484198,500,15887.614909
61.964686,1300,15891.156055
83.900121,200,15891.540552
83.484195,300,15892.141773
96.917224,200,15892.533134
92.54651,300,15894.14408
96.601842,300,15894.816443
95.758202,200,15895.218324
92.842476,200,15895.617006
86.058158,300,15896.213463
69.806648,1373,15899.947637
93.434897,200,15900.346582
67.08695,1183,15902.729521
98.029465,200,15903.161087
97.882122,200,15904.54788
81.927991,400,15905.34963
89.731431,300,15905.939291
88.212318,300,15906.529176
63.737393,1200,15909.901782
98.630693,200,15910.341626
64.438927,976,15912.310312
57.986978,1293,15915.915246
65.492355,1100,15918.220363
66.853852,1000,15921.378366
86.46436,200,15921.782808
74.054477,1100,15923.998233
66.845092,1099,15927.19315
60.493004,1300,15930.733114
97.153389,200,15931.143436
70.21402,1000,15933.123737
64.605294,1259,15936.778697
91.580921,200,15937.210947
77.161873,600,15938.433578
81.832037,500,15940.36853
73.47248,800,15942.077623
65.10985,900,15943.877599
61.706197,1354,15947.640145
92.502919,200,15948.053152
58.885393,1300,15951.594998
98.228559,200,15952.006442
63.578761,1200,15954.40418
82.406687,200,15955.775664
68.146751,900,15957.645845
73.821046,800,15959.261365
92.15725,200,15959.641105
70.200106,1100,15962.783124
61.32716,1267,15966.263828
95.675831,200,15966.677662
63.240044,1200,15969.061251
91.658456,200,15969.459236
83.634287,200,15969.853345
93.971832,200,15971.228716
67.363049,1088,15973.522177
61.837003,1300,15977.109798
58.194292,1077,15979.298928
72.237793,1100,15982.607882
70.438309,874,15984.418467
65.743191,1000,15987.470967
66.925889,1100,15989.670949
60.2933,1151,15992.991664
96.864102,200,15993.394548
90.884768,300,15994.019575
87.599827,200,15994.417115
68.207044,1000,15997.419545
81.694479,201,15997.850252
72.815888,677,15999.215973
93.733461,200,15999.625505
97.517054,200,16000.040108
64.804676,900,16002.798796
92.003672,200,16003.201457
89.475974,200,16003.594454
78.727229,300,16004.207641
81.510386,200,16004.717087
80.409523,400,16005.617877
91.995309,200,16006.052721
67.397073,1100,16009.545193
82.409019,300,16010.138521
63.37424,1200,16013.612066
87.338165,200,16014.058151
92.601758,200,16014.491194
70.863804,1000,16016.628913
86.035771,200,16017.03684
83.174274,400,16018.845265
65.369826,1234,16021.353714
64.468636,1100,16024.511309
87.66472,500,16025.491681
94.504983,200,16025.871293
93.024999,200,16026.29975
68.705234,1000,16029.300381
93.556314,200,16029.708436
70.507941,1147,16032.015905
86.541132,200,16033.349031
93.912075,200,16033.756482
60.572247,1075,16035.89751
93.906883,200,16036.326155
91.181878,200,16036.716058
88.282562,200,16037.142583
84.02177,500,16039.081103
90.619723,200,16039.482441
90.583344,200,16039.873047
90.523098,200,16040.268495
92.383326,200,16040.716537
96.076582,200,16041.137917
93.805349,200,16041.559675
63.954045,1200,16045.007637
85.791562,400,16045.792473
84.021069,200,16046.20786
94.798436,200,16046.609176
94.507808,200,16047.01068
84.691338,500,16049.022716
69.377669,800,16050.695969
97.992427,200,16051.09508
67.655126,1126,16054.3699
88.777666,300,16055.048738
91.814729,200,16055.453732
64.371868,1098,16057.667935
92.979403,200,16058.071812
88.958933,300,16059.716625
72.434474,900,16061.56324
94.032727,200,16061.962605
93.803688,200,16062.366812
73.188745,1100,16065.648828
90.432191,200,16066.051157
65.921393,1000,16068.058569
87.947448,300,16069.625035
61.632415,1200,16072.120302
63.136832,1200,16075.676918
95.65255,300,16076.287156
101.182311,200,16076.710384
68.749039,1200,16080.174424
67.150319,1100,16082.449949
70.86539,1000,16085.41168
87.437902,400,16086.215448
95.006794,200,16086.62318
70.366294,1000,16088.602179
88.419097,200,16088.996473
65.801643,1113,16092.330601
86.392013,300,16092.927345
87.440293,200,16093.324685
96.215335,200,16093.723212
62.513563,1093,16096.920038
88.380604,200,16097.31023
68.805174,1068,16099.415872
96.536677,200,16100.827389
65.736,1300,16103.430569
94.01362,300,16104.013993
75.418456,700,16106.469163
64.312412,1200,16108.890217
66.972359,1000,16111.946664
85.994346,400,16112.75633
93.982619,200,16113.158025
61.958093,1100,16116.323122
94.090831,200,16116.738215
93.957285,300,16117.36516
86.904182,200,16117.756635
65.04443,1277,16121.229558
85.350015,300,16121.821495
65.134965,1200,16124.236606
91.012627,200,16124.640481
85.386766,400,16126.392409
67.084564,1100,16128.599551
62.905625,1100,16131.731085
67.164375,1100,16133.913074
88.054577,300,16134.507698
93.338708,200,16134.899548
67.776716,1300,16138.48555
69.221487,1100,16141.843949
64.189261,1322,16144.531132
77.568596,500,16146.478878
91.372077,200,16146.904002
94.742141,200,16147.367681
65.824204,1100,16149.607343
95.8536,300,16150.21328
70.662748,800,16152.821185
67.792104,1100,16155.001248
77.599846,700,16157.45001
76.818158,700,16158.825585
92.200439,400,16159.637621
67.374954,1285,16163.342644
78.805229,600,16164.547198
94.153706,200,16164.956462
101.439298,200,16165.35172
85.525137,300,16165.964886
91.071528,500,16168.279333
67.620294,1195,16170.745371
92.140888,300,16171.34522
68.445757,1154,16174.626929
71.683293,896,16176.454616
65.158161,1100,16179.601041
94.016625,200,16179.994339
60.19135,1200,16183.49652
62.52589,1358,16186.253191
98.078987,200,16186.654289
94.632136,200,16188.092823
73.521769,900,16189.898962
91.695481,200,16190.294596
86.673699,400,16191.08951
64.988536,1254,16194.594659
74.854525,900,16196.384099
80.456083,700,16198.78905
87.152082,300,16199.392049
88.282839,500,16200.40755
91.205167,200,16200.798596
87.273552,400,16201.589965
89.604859,400,16203.361895
87.381225,200,16203.774338
83.882365,400,16204.585148
93.637196,200,16204.983787
66.410626,1100,16207.171533
98.53417,300,16208.940284
62.044277,1200,16211.389603
94.296058,200,16211.778214
64.671299,1131,16215.000413
91.428201,200,16215.399718
93.377716,200,16215.780171
96.834876,200,16216.203728
69.108572,1200,16219.703696
90.219328,300,16220.32789
84.081768,500,16221.426991
69.991886,980,16224.366564
93.850842,200,16224.797612
83.157439,300,16225.443588
65.402218,1100,16227.644668
83.882067,300,16229.21463
87.910209,200,16229.635009
68.812821,977,16231.759116
71.492786,1200,16235.480866
92.271568,200,16235.890657
82.579723,300,16236.52276
72.084664,900,16238.29394
82.207856,500,16240.260283
71.364037,1100,16242.550118
62.1781,1185,16245.88661
89.582982,300,16246.556009
89.006695,300,16247.156935
66.698078,1200,16250.561095
98.189753,200,16250.952267
66.209495,1100,16253.125981
59.424343,1350,16257.02418
94.051945,200,16257.42398
100.221581,200,16257.805873
68.294984,1100,16261.061339
69.165256,1000,16263.179426
64.176366,1319,16266.84176
92.333931,200,16267.242659
95.093902,300,16267.851713
78.931015,764,16269.383479
92.300235,400,16271.151889
90.030085,300,16271.764255
66.813411,1200,16274.211855
89.986535,200,16274.608584
66.61751,1200,16278.191806
76.259984,700,16279.62351
70.70194,900,16282.582575
80.527191,600,16283.805722
81.633913,400,16284.61572
90.959137,200,16285.012651
61.082364,1300,16288.553163
99.249281,200,16288.976715
88.753191,300,16289.561785
63.593793,1100,16292.797839
90.918167,300,16293.403248
89.099147,300,16294.009418
81.626739,400,16294.797461
97.632829,200,16295.193719
86.395993,200,16295.590487
71.831138,1100,16298.774237
63.106835,1119,16301.963472
74.924476,1045,16304.045735
95.430049,200,16304.437227
64.176162,1100,16307.613559
67.96095,1200,16310.109956
66.747874,1094,16313.230375
84.517711,300,16313.818405
86.368143,400,16314.673071
70.676533,1000,16317.633492
75.258547,700,16319.019259
90.776424,300,16319.667803
85.228748,200,16320.065886
68.693599,1100,16323.229259
95.267155,300,16323.803456
69.346987,900,16325.618593
62.484736,1135,16328.840213
59.600684,1283,16332.370357
69.613121,1069,16334.514056
89.253505,200,16334.924043
93.848376,200,16335.324698
71.826747,1026,16338.364774
65.648996,1309,16341.116405
90.150169,200,16341.53186
68.306809,1000,16344.626047
98.722111,200,16345.015906
90.179144,200,16345.454347
65.469558,1308,16349.179375
92.139783,200,16349.658082
68.119344,1100,16351.911188
93.727822,200,16353.249974
75.69836,1000,16355.230825
91.424525,200,16355.625473
96.721527,200,16356.0264
93.711647,200,16356.420555
66.814484,1000,16359.57614
65.79685,920,16361.407298
70.535397,1000,16364.448043
69.982242,1100,16366.631779
79.753095,500,16368.896061
68.093106,1200,16371.354606
79.21674,600,16372.539363
85.76219,200,16372.955054
94.894758,200,16374.412066
91.734359,200,16374.805274
56.077105,1296,16377.37369
89.949033,200,16377.781434
65.727123,1200,16381.299096
94.832402,200,16381.697889
61.490818,1200,16385.132439
92.189087,300,16385.76921
91.851129,200,16386.180996
79.62622,400,16386.987113
92.661254,300,16387.601425
71.131518,1000,16390.681015
94.757471,200,16391.129594
89.255834,200,16391.535828
77.445928,500,16392.530351
69.174867,1203,16395.979239
63.752244,988,16397.973368
75.539432,1004,16401.121716
89.027799,200,16401.53281
69.848002,1000,16403.517867
88.168391,300,16404.133838
72.639558,1100,16407.38095
91.729834,200,16407.796695
84.969801,300,16408.393185
89.918068,300,16409.02171
77.199971,500,16411.071583
95.157467,300,16411.666714
80.60179,300,16412.358007
95.362692,200,16412.790352
61.529163,1234,16416.312449
79.938404,592,16417.572401
94.321085,200,16417.991591
89.246378,302,16418.586695
59.210245,1190,16422.027763
67.786023,846,16423.72276
93.012837,300,16424.330753
61.225818,1240,16427.760509
63.568064,1300,16431.314923
61.502732,1300,16434.04692
87.033509,300,16434.635637
92.871626,200,16435.034634
86.17054,200,16436.376241
87.711319,300,16436.991809
103.412857,200,16437.382147
77.173483,700,16438.776274
94.091092,200,16439.173349
87.759663,200,16439.561204
69.517896,1100,16442.890861
96.360282,200,16443.293362
68.063901,1200,16446.700683
61.165725,947,16448.622757
68.290063,857,16450.315731
94.940206,200,16451.745245
66.729489,1000,16453.84694
68.755218,1200,16457.203676
92.965348,200,16457.59471
71.01683,1066,16459.761364
60.628622,1295,16463.366037
68.150297,1082,16465.551825
66.919437,1100,16468.674484
64.86928,1100,16470.867579
64.291567,1200,16474.293303
70.684315,800,16475.881491
88.295526,300,16477.468145
67.135224,1100,16479.744284
93.401527,200,16480.161444
70.856909,1300,16483.937549
79.11575,500,16484.961416
90.050419,200,16485.354772
73.116227,700,16487.686147
91.289106,200,16488.078909
83.717991,500,16489.113732
92.875225,200,16489.50311
92.708937,400,16490.353378
61.674152,1339,16493.987127
96.835805,200,16494.377275
61.923513,1100,16496.560735
70.793238,1062,16499.727678
72.036621,1000,16501.801534
67.17202,1000,16504.726096
96.307856,200,16505.132006
90.705575,200,16505.536317
91.564873,200,16505.935293
90.439212,200,16506.349313
93.542992,200,16506.733229
86.653507,200,16508.070012
93.408291,200,16508.479881
87.831394,200,16508.886993
91.04645,200,16509.284457
70.268431,1100,16511.469758
89.175604,300,16513.028688
83.947501,400,16513.894966
94.398384,200,16514.309442
65.389742,1136,16516.575312
79.940214,900,16519.43889
74.057319,1000,16521.543404
92.687748,200,16521.94672
83.662772,300,16523.59976
93.286532,200,16524.030754
90.268711,200,16524.427584
64.969712,1209,16526.814842
77.567631,1000,16529.790581
62.953039,1000,16531.810007
93.366459,200,16532.210874
80.9525,900,16535.047592
93.873467,200,16535.453769
93.81172,200,16535.847701
62.140001,1238,16539.298843
61.200682,1200,16541.795527
66.527623,1000,16544.763183
95.308263,200,16545.173889
76.618935,1100,16547.351148
90.447565,200,16547.740175
73.886826,900,16550.746466
58.973841,1300,16554.348845
91.359258,300,16554.966655
59.855966,1374,16557.685601
81.483815,500,16559.734369
93.792326,200,16560.164044
65.499808,1000,16562.244484
64.789148,1076,16565.352828
88.419151,200,16565.743793
65.760895,993,16567.691151
84.482679,300,16568.281093
94.707394,200,16569.632291
96.787071,200,16570.085689
70.763972,1000,16572.193889
62.071809,1277,16575.703336
98.670756,200,16576.107624
83.161644,200,16576.500613
72.870903,1000,16578.473046
92.94143,200,16579.960599
92.597633,200,16580.378723
63.541121,1130,16582.745609
89.621871,300,16583.340224
95.642832,200,16583.735285
67.359066,1000,16586.787459
81.22728,300,16587.384472
88.05325,200,16587.783481
65.922894,1200,16591.132167
66.188847,1100,16593.365616
72.053322,900,16596.117103
91.126391,200,16596.508443
71.130382,900,16598.32172
65.649862,972,16601.213826
95.449971,200,16601.604139
95.43442,200,16602.008574
73.688788,1300,16605.569475
89.194477,300,16606.225222
80.45449,700,16607.688171
94.08595,200,16608.104232
83.678895,300,16608.699426
89.556766,300,16609.326231
59.165126,1311,16613.023757
75.996437,900,16614.801561
91.217051,200,16616.163017
85.237898,200,16616.563546
90.747137,300,16617.162405
79.407289,600,16618.565201
64.094328,1260,16622.066022
66.129279,1198,16624.527956
69.051634,1000,16627.466725
64.689691,1000,16629.455807
59.937201,1354,16633.113866
75.425805,900,16634.916276
64.563995,1300,16638.422281
95.827724,200,16638.814386
66.351532,1100,16642.142396
97.314793,200,16642.55882
83.761806,700,16644.003934
59.608047,1248,16647.533051
64.265766,1300,16650.16658
82.397487,300,16651.709169
92.430379,200,16652.123548
79.509108,200,16652.524423
98.283525,200,16652.952303
79.106487,600,16654.134515
62.116063,1100,16657.281731
92.524714,300,16657.867424
83.330752,200,16658.268755
92.040489,200,16658.651592
60.616922,1193,16662.003461
84.237322,300,16662.654217
87.961332,300,16663.302524
93.21181,300,16663.916581
67.544151,1000,16665.924404
58.508776,1139,16669.245937
58.45153,1300,16672.807923
62.704071,1200,16675.205568
88.210026,200,16675.604108
94.109777,200,16676.074132
70.645724,1100,16679.212901
90.764597,300,16679.791301
75.651002,852,16682.464436
93.513401,300,16683.086779
90.576112,200,16683.495028
64.417483,1200,16685.994425
93.229914,200,16686.433908
95.772615,200,16687.871871
83.362244,200,16688.2757
62.604447,1300,16690.869836
70.993258,900,16693.651269
69.77064,1096,16695.81618
96.582486,200,16696.217976
61.895057,963,16699.131782
88.587774,300,16699.715361
88.229263,300,16700.331543
69.069791,1093,16703.531338
90.562418,200,16703.94518
91.254679,300,16704.578811
95.157084,300,16705.180421
86.764477,200,16705.589617
74.166419,700,16707.924871
85.499699,300,16708.515065
90.939567,300,16709.137586
60.872886,1184,16711.496381
68.55872,1163,16714.819169
93.267684,200,16715.222314
92.259203,300,16715.820507
65.839087,900,16718.605541
95.258864,200,16719.003784
89.830644,300,16719.61437
87.156144,200,16720.036955
60.827627,1295,16723.569959
87.463012,200,16723.968298
90.606956,200,16724.372996
96.410149,200,16724.756577
89.155564,200,16725.184756
83.193178,500,16726.200852
89.506182,200,16726.592289
66.751155,1070,16729.704497
73.057722,900,16731.547563
70.591978,1000,16734.477927
92.652234,200,16734.882832
56.768913,1200,16737.389295
66.908352,1300,16740.945349
95.519238,300,16741.559
85.552514,200,16741.953797
56.925225,1324,16745.699503
70.320615,702,16747.123457
75.746443,600,16749.262766
94.861601,200,16749.653857
63.096367,1270,16752.213946
87.864258,300,16752.800278
65.463166,1312,16756.606973
70.377008,1002,16759.597139
-336.125848,20000,16809.360396
73.438857,1100,16812.507808
72.780543,1000,16814.467211
66.268202,1100,16817.615851
63.879285,1300,16821.256388
71.074193,882,16823.249687
94.824626,200,16823.64031
63.208048,1300,16827.244165
72.93098,973,16829.177237
84.434727,300,16829.760047
61.632647,1200,16833.098618
91.571116,300,16833.716872
92.751803,300,16834.300321
61.485823,1290,16837.933961
65.594647,1072,16840.075738
89.704478,300,16841.634336
79.37012,500,16842.65086
61.592688,1200,16845.063045
94.200247,200,16845.474559
92.332457,200,16846.870774
66.224078,1285,16849.453662
71.320151,1000,16852.548077
95.310009,200,16852.996576
94.786305,200,16853.403198
65.426025,1100,16855.602801
74.828015,816,16858.182575
91.171331,200,16858.624013
70.936573,800,16860.26244
84.46939,291,16860.847227
87.330494,300,16862.413218
64.405253,1200,16864.821917
86.010097,400,16865.636792
80.606069,500,16867.572888
61.537492,1200,16869.977196
95.123652,200,16870.37214
61.779361,1053,16873.494342
89.006337,200,16873.8924
84.528228,400,16874.689626
61.194035,1200,16878.047354
94.382759,200,16878.444799
92.011069,300,16879.062652
83.054985,200,16879.459565
72.73531,900,16881.344332
94.865953,300,16882.991349
93.037828,200,16883.405487
90.599898,200,16883.831958
94.213462,200,16884.266571
89.627517,200,16884.673832
81.109478,500,16885.687975
67.287719,1100,16888.815619
66.97818,1200,16891.384298
74.074743,600,16893.588494
97.925436,300,16894.227676
85.802599,300,16894.875586
73.72996,1000,16896.898283
76.718016,900,16899.638668
89.670902,200,16900.0474
89.546903,300,16900.629497
89.721164,200,16901.044515
93.318562,200,16901.43019
93.258077,200,16901.843075
98.666016,300,16903.457022
87.793673,200,16903.877811
59.898825,1269,16906.578754
93.871522,300,16907.194206
66.612501,1000,16910.146214
71.019086,900,16911.93267
98.733975,200,16912.342103
69.803572,1000,16915.268286
66.935017,1100,16917.477012
89.712835,400,16919.260005
69.210042,1100,16921.710887
93.003181,200,16922.12569
56.97265,1247,16925.60828
71.998539,900,16927.436875
89.884754,200,16927.851982
87.578845,300,16929.4127
95.129382,200,16929.799513
71.742414,900,16931.633343
67.907347,1100,16934.79453
61.367404,1200,16937.195131
84.108896,500,16939.224189
71.34655,1100,16941.600816
65.455442,1183,16945.003452
86.14205,200,16945.398098
82.68349,300,16945.98714
93.612654,200,16946.400134
91.601798,200,16946.795263
61.12628,1300,16950.510975
95.689674,200,16950.92101
92.715566,200,16951.332121
79.651008,300,16951.93342
62.309413,1264,16955.561168
94.73359,300,16956.218807
79.116118,500,16957.244143
65.826864,1100,16960.720511
100.370746,300,16961.33081
72.240202,885,16963.132694
63.800829,1138,16966.435556
81.470777,300,16967.063668
63.531973,1200,16969.488867
81.725,300,16971.057648
95.072957,200,16971.461469
61.473064,1288,16974.023748
65.423852,1131,16977.358238
81.467598,1000,16979.357782
68.458933,1000,16982.297272
73.425598,401,16983.105528
69.867312,1003,16986.100825
73.781704,1000,16988.232008
87.021766,300,16988.824351
71.009938,800,16991.378421
96.423588,200,16991.798769
97.267856,200,16992.200075
73.51113,1000,16994.282746
63.966929,1200,16997.693963
94.29653,200,16998.112389
92.461955,200,16998.521651
82.630007,500,16999.513438
73.547424,900,17002.375441
78.010152,900,17004.185367
63.700087,1192,17007.518705
74.438469,800,17009.116703
69.350837,1099,17012.369322
95.920393,200,17012.751275
93.315783,200,17013.196791
95.486394,200,17013.575965
66.514544,1100,17016.756343
92.452483,200,17017.203175
89.948871,200,17017.638344
65.624397,1300,17020.287418
96.926893,300,17020.873143
91.868785,300,17022.603374
89.501887,200,17023.036207
63.416073,977,17025.038293
91.807363,300,17025.62559
92.842424,300,17026.305778
90.647708,200,17027.791059
68.601916,900,17029.698993
62.801734,966,17032.557631
61.598211,1154,17034.999867
92.034291,400,17035.788862
65.44319,1200,17039.147784
95.526177,200,17039.551825
91.454233,200,17039.974369
89.784212,200,17040.36499
89.162132,300,17040.959702
79.677586,700,17043.391344
85.379888,200,17043.789937
92.481854,200,17044.200818
69.351577,1061,17046.345454
92.874034,300,17046.956341
85.995529,300,17048.517309
70.222507,1000,17050.514417
86.073173,400,17051.29723
63.824297,1200,17054.636422
90.400779,200,17055.032537
63.271431,1164,17058.317765
94.844057,200,17058.713364
67.984996,1100,17060.972693
91.886924,200,17061.383709
92.331777,200,17061.789153
99.310248,200,17063.132519
84.358588,200,17063.609299
67.75263,1100,17065.819482
62.664304,1286,17069.43698
100.348418,200,17069.868968
71.120726,800,17071.45102
88.470887,200,17071.870548
99.632675,200,17072.26575
85.46757,200,17073.628087
74.700847,1000,17075.726953
94.959215,200,17076.134702
80.573977,900,17078.913878
94.210659,300,17079.584597
63.294123,1160,17081.895895
68.983941,1100,17085.167438
89.174135,200,17085.561235
95.287214,200,17085.962936
69.110097,1200,17089.351514
92.739444,200,17089.740391
92.508045,200,17090.150317
89.039631,200,17090.551623
54.04654,1200,17092.932632
83.276482,300,17094.676108
65.290432,1202,17097.245184
94.81983,400,17098.046495
96.367348,300,17099.633289
92.261912,300,17100.231684
71.085275,1000,17102.229219
92.969704,200,17102.627849
91.895178,200,17103.023079
67.442549,1189,17106.488909
93.35324,200,17106.894109
95.816768,200,17107.296769
63.018555,1100,17110.53295
89.235731,200,17110.949339
90.523012,200,17111.352098
92.205001,200,17111.747228
89.45645,200,17112.153661
90.903399,200,17112.544038
63.89263,1200,17115.987535
91.776195,200,17116.378263
66.052285,1100,17118.603744
79.728903,400,17120.466362
84.700179,300,17121.146231
93.921052,300,17121.749939
67.241345,1000,17123.745546
66.287741,1100,17127.025732
65.144613,1279,17130.648712
80.170503,400,17131.481092
97.189446,300,17132.081213
89.816841,300,17132.671826
69.172877,1000,17135.658491
66.217722,1223,17138.31984
87.321521,300,17138.93736
74.872797,900,17141.67423
91.794191,200,17142.075587
80.901799,500,17143.059973
88.978882,200,17143.44131
77.30068,700,17144.824131
70.08628,799,17147.619801
61.072342,1220,17150.072503
95.835461,200,17151.42653
95.955067,200,17151.837799
62.268982,1100,17154.049567
87.280188,300,17154.669328
61.883668,1300,17158.301825
61.807954,1200,17161.680723
70.761633,1100,17164.013008
88.172132,300,17164.665453
93.498105,200,17165.108054
66.04455,1100,17168.319745
65.833469,1284,17171.828506
91.568749,300,17172.426996
60.812038,1291,17175.051644
95.184646,200,17175.445447
84.211929,300,17176.989139
63.566852,1300,17179.675588
64.794245,1000,17182.682998
71.784318,1100,17184.892451
76.205766,600,17186.071784
60.428107,1131,17189.419845
70.120566,1000,17193.010368
81.775259,400,17194.047045
71.989278,900,17196.633282
92.135861,200,17197.201389
66.647692,1276,17201.123433
91.82216,200,17201.502569
91.20439,200,17201.911444
70.289375,953,17204.778018
88.876661,200,17205.218772
62.925265,1200,17207.59405
60.52965,1291,17211.167219
66.195279,1300,17214.761155
89.492263,200,17215.222893
66.055744,778,17216.804899
65.384806,1237,17220.351014
67.451702,1100,17222.650646
82.315479,400,17223.518111
88.287641,200,17223.929755
70.163918,900,17226.748744
63.30357,1100,17229.067018
65.105926,1000,17232.273266
70.096768,1100,17234.473773
86.414192,200,17235.846622
89.536452,200,17236.246504
62.321179,981,17238.225557
91.809736,200,17238.621916
85.607622,200,17239.026829
87.843708,200,17239.419181
81.307847,300,17241.038132
95.427867,300,17241.662401
58.591415,1100,17243.867784
70.064227,1000,17246.815553
88.816371,400,17247.722313
96.936218,200,17248.219237
87.692848,200,17248.621791
95.977889,200,17249.070067
77.482355,500,17250.164836
75.186871,700,17252.563886
63.986774,1279,17255.128311
89.895679,200,17255.527931
93.931007,200,17257.001169
64.907577,1087,17259.466609
58.977321,1280,17262.993574
94.82682,300,17263.58466
63.553564,1194,17265.967108
70.051387,777,17268.560933
65.323412,1100,17270.811279
75.09669,900,17273.556126
93.743764,200,17273.962874
88.202606,300,17274.568242
89.609454,300,17275.254645
71.426006,800,17277.843197
64.544306,1200,17280.339478
62.467525,1100,17283.474776
89.419467,200,17283.858925
82.19906,300,17284.446761
66.784611,1000,17286.456642
62.600887,1126,17289.814358
64.769658,842,17291.635553
65.839157,1200,17295.012363
70.111335,900,17296.830922
89.81627,200,17298.179906
87.904319,200,17298.579998
88.706185,200,17298.987978
91.695057,200,17299.38524
63.550227,1200,17302.128944
67.331746,1200,17305.464491
83.42468,200,17305.892219
65.359493,1121,17309.075707
91.554276,200,17309.480112
92.653908,200,17309.875347
64.968149,1300,17312.607245
81.54521,300,17314.280354
65.801205,1200,17316.757137
97.866088,200,17317.206136
73.446458,861,17319.871523
61.312877,1000,17321.872659
88.692445,200,17322.271284
92.274091,200,17322.683786
68.556188,1200,17326.16264
92.580629,200,17326.556898
64.40306,1153,17329.838441
71.612833,900,17331.63219
67.279159,1100,17334.97343
92.740477,200,17335.397871
62.18009,1283,17337.963795
62.991279,1200,17341.330391
92.612484,200,17341.726337
61.10834,1034,17344.779939
94.724267,200,17345.222501
88.862502,300,17345.835369
80.370432,500,17346.843547
67.792785,1100,17350.044925
66.078889,1200,17352.444499
60.316959,1262,17355.910328
64.748538,1200,17358.292824
93.105244,200,17358.684406
81.368872,500,17360.736737
88.39728,200,17361.228498
60.395698,1300,17363.921894
61.492755,1273,17367.508846
91.279865,300,17368.163377
61.636611,1200,17371.683999
66.060367,1000,17373.680128
81.741625,200,17374.074277
86.572738,200,17374.468345
83.441942,300,17376.030137
89.809354,300,17376.634696
96.515612,200,17377.027918
72.821282,1118,17379.239505
84.377168,400,17380.973131
76.156089,1000,17382.989809
88.644376,200,17383.387385
93.219693,200,17383.77229
85.625531,200,17384.174654
74.872218,600,17386.389529
83.510588,400,17387.23246
86.529817,200,17387.630369
90.831813,200,17388.047078
74.21394,800,17389.633048
58.627526,1275,17393.192284
97.629105,200,17393.592492
88.479748,200,17393.984287
88.984436,400,17394.769658
86.960175,200,17396.114741
92.094429,300,17396.720797
62.844251,1200,17399.149534
64.235262,1200,17402.572997
70.238201,1100,17404.781523
66.887518,1100,17408.065838
89.331912,300,17408.662076
98.594934,200,17409.069626
68.451645,800,17411.686103
86.888224,200,17412.113132
90.72405,200,17412.502648
70.027844,969,17414.439494
81.815372,300,17415.036845
56.338487,1288,17418.682432
68.792884,1300,17422.407202
91.034913,200,17422.815474
70.4132,948,17424.747714
70.029958,1100,17427.926313
83.220057,200,17428.324044
69.572853,1086,17430.536129
100.415329,200,17431.885689
58.269591,1256,17434.542541
83.975104,300,17435.146177
67.357482,1000,17438.353131
89.620223,500,17439.346618
91.616265,200,17439.76253
91.836171,200,17440.176894
65.670409,1200,17443.53683
88.808236,300,17444.127533
64.47283,1100,17446.316036
99.688896,300,17447.90484
60.775132,1300,17450.593464
90.184293,200,17451.003251
62.147074,1295,17454.538423
65.86321,1200,17457.886805
86.23955,400,17458.774457
60.692752,1245,17461.307979
94.291209,200,17461.715362
87.977894,200,17463.081723
97.524376,200,17463.488269
76.942577,400,17464.27457
85.33299,300,17464.858654
91.983459,200,17465.259492
79.609845,700,17466.646849
68.937157,1200,17470.034231
60.033736,1183,17473.431639
61.458234,1110,17475.698473
63.211114,1300,17479.407965
93.924004,200,17479.819047
69.205019,800,17481.488292
67.702033,1244,17485.062251
96.665758,200,17485.449805
65.803753,1162,17488.710504
58.330597,1286,17491.75094
91.454693,200,17492.18713
75.473726,755,17494.822408
91.240175,300,17495.631042
96.606057,300,17496.381675
58.70693,1222,17500.969404
64.125434,1071,17503.744118
79.096507,900,17505.837028
87.767722,400,17507.758744
78.098284,600,17508.993374
89.55939,300,17509.611541
93.20988,200,17510.028815
80.593345,600,17512.243073
90.950508,300,17512.840366
64.741977,1300,17515.453541
89.813039,200,17515.842842
61.28822,1200,17519.292871
95.507878,200,17519.684925
96.508073,400,17520.512836
101.033889,200,17520.949204
93.092531,200,17521.351472
87.061364,400,17523.11534
64.153461,1000,17525.09727
90.330984,200,17525.492511
97.445617,300,17526.092468
70.399947,900,17529.094263
68.854085,1005,17531.290857
86.868891,400,17533.044878
73.084025,800,17534.644428
92.968822,200,17535.037873
65.91296,1100,17538.21229
71.143972,1100,17540.419691
98.923212,200,17540.830465
74.708033,1100,17544.079264
68.708515,1000,17546.135012
95.242148,200,17546.568561
63.148909,1200,17549.93838
93.930507,200,17550.337556
94.950035,200,17550.753996
73.236138,1100,17553.960572
81.11194,400,17554.74545
67.672888,1180,17557.076754
78.409919,800,17559.968488
91.820901,200,17560.362112
69.950521,1100,17562.625145
72.66394,600,17564.881314
98.830146,200,17565.28213
93.296831,200,17565.674125
82.871904,300,17566.268483
86.319314,200,17566.660974
75.612669,600,17567.854422
93.111787,200,17569.302265
94.90033,200,17569.72681
89.431208,200,17570.130361
84.43204,400,17570.934822
82.621114,900,17572.746387
90.551263,200,17573.220632
61.66605,1200,17576.793826
97.953489,200,17577.195599
78.8099,900,17580.033336
89.468266,200,17580.481791
74.286697,900,17582.320005
83.808323,400,17583.114121
83.363358,400,17584.941468
65.526357,1099,17587.230525
95.463187,200,17587.627147
90.559183,200,17588.023981
100.060868,200,17588.445616
91.816683,200,17588.858464
62.55089,1294,17592.405787
65.752969,1266,17595.905318
82.314785,300,17596.498328
78.872398,300,17597.093586
98.095876,200,17597.480855
82.657074,300,17598.081146
62.632083,1272,17601.662989
95.484166,200,17602.070311
62.980892,1057,17604.173132
89.830304,400,17605.930792
87.536842,300,17606.513417
75.233384,800,17608.188251
60.342373,1280,17611.776066
92.373372,300,17612.357929
68.839006,1099,17615.833861
80.636389,500,17616.875469
85.277008,300,17617.466452
92.568597,200,17617.857646
98.323815,200,17618.253362
62.354399,1151,17621.554958
70.922492,1200,17623.964047
97.703817,200,17624.377596
60.949577,1271,17627.877914
71.747122,900,17629.787207
78.076277,600,17632.02901
68.39791,900,17633.858636
59.177821,1188,17637.196018
78.880976,600,17638.401238
62.505521,1288,17641.99762
77.921083,800,17643.812376
93.85372,200,17644.236421
68.002844,800,17646.813488
91.438192,400,17647.62411
75.641332,900,17649.4741
64.53109,1000,17652.532669
69.413212,1100,17654.816485
89.771207,200,17655.22594
96.029033,200,17655.619666
100.264201,200,17656.018519
88.393668,300,17657.582533
61.960122,1200,17660.052839
73.395469,1000,17663.186197
67.656256,1070,17665.365116
93.322766,200,17665.771883
85.697885,500,17667.699831
82.719681,400,17668.509311
78.679666,900,17670.524578
59.449315,1200,17673.887034
62.884219,1300,17676.515583
98.203934,200,17677.843208
94.002303,200,17678.297868
64.79545,1294,17680.997544
88.375587,400,17681.796337
92.483525,200,17683.129409
76.888865,900,17684.935779
67.122236,1000,17686.968076
99.365684,200,17688.31792
93.356044,200,17688.7212
64.169774,1176,17691.0909
82.673059,300,17691.667002
70.555229,800,17694.211262
96.130387,300,17694.802413
73.005659,800,17696.436015
98.001395,200,17696.832709
70.704819,900,17699.641273
95.287293,200,17700.051192
91.989044,200,17700.444325
76.389099,700,17701.832212
83.98952,400,17703.593492
87.94309,400,17704.452147
86.143137,400,17705.291944
64.511696,1200,17708.655522
97.543137,300,17709.29626
91.372574,200,17709.716672
69.837008,1100,17712.118565
64.190682,1200,17715.504915
87.280255,300,17716.087718
76.450395,1100,17719.336052
63.714504,1205,17721.869368
67.785633,1291,17725.481667
84.435015,400,17726.277
78.009147,900,17728.074276
85.682951,200,17729.476117
84.112567,400,17730.270369
57.371444,1200,17732.64741
93.464099,200,17733.054583
71.096663,1000,17736.126817
76.357045,1100,17738.295843
62.656777,1216,17741.718204
69.353122,1200,17745.185723
67.886934,1194,17747.64874
95.952032,200,17748.055542
72.00848,1100,17751.256821
88.486432,200,17751.643082
65.181112,1100,17753.824854
58.995455,1327,17757.548876
66.875597,1100,17760.833282
89.039303,200,17761.232018
80.777419,500,17762.23147
86.947415,600,17763.421492
92.930647,200,17763.815061
60.355592,1292,17767.537901
87.460405,400,17768.344931
94.34857,200,17768.736616
91.959365,200,17769.14535
72.230328,900,17771.970329
76.59057,1013,17773.961107
84.181619,400,17775.711372
74.39892,600,17776.9463
70.838482,900,17778.71011
68.083734,1000,17782.031525
70.379761,1100,17784.227006
91.180594,300,17784.804027
79.879142,500,17786.872669
68.96111,1300,17789.49753
67.354227,1200,17792.855753
71.449533,900,17794.645437
78.126077,300,17796.21471
80.793927,500,17797.336008
93.295619,200,17797.752822
92.94656,300,17798.359638
100.397,200,17798.749535
90.334146,200,17799.160041
85.858422,200,17799.568302
74.642715,700,17801.994721
80.852536,500,17803.067504
68.71932,687,17804.677541
76.592232,800,17807.574136
89.385747,200,17807.982476
71.329357,1000,17810.022381
84.688968,200,17810.432361
68.266696,799,17812.956365
92.735508,300,17813.567494
79.465459,776,17815.09041
93.313615,300,17815.694424
77.398185,700,17818.206614
98.12911,300,17818.831191
70.71231,1275,17821.413136
93.587239,200,17822.753337
70.302999,1000,17824.748695
92.073651,200,17825.153292
67.805793,1200,17828.668606
77.979036,500,17829.711607
63.485116,1235,17833.196827
87.971736,300,17833.787967
89.183409,200,17834.195805
-342.00638,20000,17884.475264
70.876075,1098,17886.651465
62.129986,1246,17890.108308
62.04751,1287,17892.692262
94.924501,200,17893.095252
85.45413,300,17894.699897
86.034385,400,17895.570346
86.913283,500,17896.569008
90.913448,200,17896.981913
85.431616,300,17897.597369
83.547139,200,17897.997185
94.587821,300,17899.563473
95.986377,200,17899.966557
98.803261,200,17900.358213
92.50117,200,17900.752092
88.73663,200,17901.223541
80.445437,500,17902.299852
73.398308,1000,17905.327688
92.392082,200,17905.739423
94.820676,200,17906.148957
68.925448,1100,17908.368582
93.130662,200,17908.747928
65.173207,1100,17912.005597
62.633631,1200,17915.406023
92.131951,300,17916.110891
92.873383,200,17916.545847
69.72994,1300,17919.234766
94.150096,300,17920.792579
91.480633,300,17921.436858
68.27846,1226,17923.859382
60.48041,1085,17926.988931
73.146979,800,17928.610425
91.415853,200,17929.012135
91.213676,200,17929.399723
67.963826,800,17932.113263
63.10672,1000,17934.125704
60.043388,1245,17937.560822
68.579668,946,17939.447529
84.600441,500,17941.450983
65.028446,1286,17944.006547
93.187247,200,17944.389703
65.515091,1300,17948.060363
63.9731,1141,17951.442379
60.943936,1295,17954.032557
68.84724,1105,17957.218174
63.113583,1200,17959.649396
87.980481,200,17960.053248
68.640953,1100,17963.492702
66.043358,1212,17966.879634
88.965804,300,17967.46394
84.020017,400,17968.295653
93.269292,200,17968.690486
93.982002,300,17969.279356
84.206545,500,17970.26804
89.925899,200,17971.777797
75.112374,600,17973.00697
89.508582,200,17973.427459
78.776098,900,17975.229462
63.988617,1100,17978.379924
94.13258,200,17978.788805
93.171194,200,17979.189124
98.282297,200,17979.594165
96.780392,200,17980.037258
66.276484,1102,17983.363585
99.300764,200,17983.76596
70.411912,1000,17986.00369
75.941243,1300,17989.719006
61.512431,1178,17993.224841
93.63896,200,17993.66109
88.064378,200,17994.070021
86.416636,200,17994.470087
76.34035,400,17995.286711
76.904894,987,17998.187645
90.732905,200,17998.596112
79.520165,600,17999.790829
86.965683,200,18000.216205
92.479691,200,18000.620861
96.96421,200,18001.012295
80.894302,600,18003.183006
60.739989,1260,18005.691489
64.192401,1100,18008.829937
68.343728,862,18010.530112
90.748155,200,18010.949418
80.339595,300,18011.543401
77.148011,700,18013.92184
76.570675,1000,18015.884636
72.278638,900,18018.654412
69.270443,1000,18020.774388
94.629226,200,18021.243263
83.359966,900,18024.073741
76.187556,800,18025.650435
88.662803,200,18026.067815
63.232938,1238,18029.512017
92.31878,300,18030.112617
98.367925,200,18030.508352
91.179752,200,18030.902845
83.191944,500,18031.899946
62.070251,1000,18034.985036
89.800386,200,18035.38836
85.46204,400,18036.202883
70.442423,1100,18039.776755
70.653384,1000,18041.822576
92.883287,200,18042.248002
68.010411,1100,18045.414168
82.975743,400,18046.202007
87.505902,300,18046.786591
81.210197,500,18047.786649
64.92591,1180,18051.23679
94.265927,200,18051.623743
90.284593,200,18052.038988
79.922676,400,18052.952587
72.579308,1100,18056.231097
81.430647,500,18057.223613
68.499039,1083,18060.532701
90.602375,200,18060.949876
89.996032,200,18061.349163
62.032632,1200,18063.745941
65.539553,1093,18066.967285
60.218472,1100,18070.165781
91.60884,200,18070.564688
97.383936,200,18071.001059
69.053692,839,18072.774823
90.217177,200,18073.17617
61.815559,1110,18076.412121
68.2399,1100,18078.62964
98.728992,200,18079.044713
80.190512,400,18080.838387
73.881407,1000,18082.923985
66.110266,1283,18086.432514
90.944599,200,18086.826192
68.103885,900,18088.630866
64.143719,1000,18091.70587
91.938739,200,18092.122173
93.08206,300,18092.734951
68.707809,1000,18094.719087
70.23912,1100,18097.862661
88.994942,200,18098.276101
66.050984,1200,18101.840358
89.360922,200,18102.312957
91.735275,300,18102.927548
94.069878,200,18103.321652
87.60242,300,18103.967657
67.30535,1216,18107.422728
88.994002,400,18108.212043
68.534392,900,18110.046219
86.794123,400,18111.78546
88.536905,300,18112.421385
66.761266,1100,18114.627771
66.045624,1235,18118.074252
89.217827,300,18118.663177
69.695259,1100,18121.960485
64.727142,1120,18124.334777
90.547976,200,18124.737735
90.011165,400,18125.533235
63.341109,1141,18128.763651
66.30015,1000,18130.769037
93.866878,200,18132.159527
74.504755,600,18133.491623
90.770751,200,18133.908118
89.754537,200,18134.313296
93.553684,200,18134.710279
88.607796,200,18135.097564
97.974132,200,18135.507269
73.553695,1094,18138.799483
71.787641,1000,18140.859378
98.625105,200,18141.321863
68.287491,1000,18144.323799
93.510203,200,18144.721604
72.976074,960,18146.631081
100.073789,200,18148.096881
94.692092,200,18148.493548
86.915409,300,18149.087631
90.499736,200,18149.496133
90.596949,200,18149.901698
90.201612,200,18150.325439
73.231372,800,18152.950827
93.403325,200,18153.368424
71.112646,1100,18155.574835
65.300736,1280,18159.082643
74.137813,1037,18161.175227
88.336489,400,18161.989626
93.078102,200,18163.445622
83.071264,200,18163.886136
84.144397,200,18164.300617
92.415874,200,18164.697268
85.058034,500,18165.72227
64.868652,1246,18169.254744
78.394838,500,18170.259399
63.34995,1000,18172.307485
90.615167,200,18173.682443
63.292177,1200,18176.059614
59.112815,1137,18179.363039
74.6215,1000,18181.380656
72.428483,1100,18184.777071
89.525623,200,18185.204205
70.530133,1200,18187.632195
94.701948,300,18189.223225
63.786989,1200,18191.925358
66.535387,1087,18195.115417
55.936615,1286,18197.680255
70.446127,800,18200.226097
90.263346,300,18200.817279
69.566477,1100,18203.201231
69.730521,1000,18206.180717
97.026807,200,18206.574342
60.231846,970,18208.525651
87.5778,200,18209.941402
95.337744,200,18210.392081
72.953647,1000,18212.452265
61.531548,1100,18215.691645
91.913894,200,18216.087077
64.936381,1100,18218.284491
67.777655,1247,18221.748259
63.899082,1300,18225.376756
96.630663,200,18225.780691
68.952311,1106,18227.988322
80.847754,700,18230.402461
61.318725,1296,18233.153865
87.361515,300,18233.758202
74.594476,400,18234.576262
91.172193,200,18235.951071
92.728036,200,18236.37484
71.990825,1000,18238.418655
94.727651,200,18238.818269
75.19416,600,18240.998512
95.124269,200,18241.423427
97.055696,200,18241.826809
91.749424,200,18242.232523
89.504329,200,18242.62288
90.695598,200,18243.012384
70.516784,1196,18246.421178
78.924971,200,18246.859251
91.211955,300,18247.475353
70.410097,700,18248.876106
62.176253,1188,18252.454021
91.738119,200,18252.862622
76.697489,1100,18255.099168
57.699069,1170,18258.556045
76.75441,1000,18260.600269
96.280697,200,18262.054633
91.930472,200,18262.473766
66.765884,1137,18264.742749
61.724802,1100,18267.911333
92.782975,300,18268.508546
61.781844,1200,18271.930886
95.607439,200,18272.419839
94.80604,300,18273.042886
67.423518,1100,18275.27231
66.631498,1216,18278.752076
92.746015,200,18279.157253
93.620197,200,18279.54969
66.830685,900,18282.346095
95.005699,200,18282.751276
68.871655,1000,18284.787057
95.628221,200,18285.199176
70.538757,1000,18288.253429
66.627505,1053,18290.400644
93.6622,200,18290.807413
62.720271,1275,18294.446436
64.820773,1172,18297.771983
75.99872,600,18298.998026
61.224386,1200,18301.378561
81.463336,500,18303.387013
70.228659,900,18305.283098
96.520188,200,18305.676428
89.26774,300,18306.289166
93.33619,200,18306.682141
77.563654,400,18308.506876
66.084769,1200,18310.88673
96.970722,200,18311.290077
97.638516,200,18311.689453
66.692677,1000,18314.685479
89.666552,200,18315.100198
69.782014,1100,18318.234969
92.592569,200,18318.679927
92.657241,300,18319.301266
65.799023,1200,18321.788761
82.923713,200,18322.209255
59.921773,1212,18325.778266
63.50539,1200,18329.475277
85.518577,200,18329.939294
73.738921,1000,18331.96465
90.753851,200,18332.363267
88.950762,200,18332.769685
74.812985,500,18334.761767
88.170825,300,18335.41189
72.456609,1000,18337.437021
100.454592,200,18337.832901
68.795748,1200,18341.184762
91.623174,300,18341.7834
67.094611,1265,18345.40374
98.213913,200,18345.792718
95.274042,200,18346.208376
62.060062,1221,18349.626034
99.237994,200,18350.023257
88.086377,300,18350.619537
85.479965,500,18351.619729
80.892186,300,18352.203616
98.11077,200,18352.62899
91.306759,200,18353.056855
86.5981,400,18354.901782
72.190547,1000,18356.894937
71.012578,900,18358.749223
66.837219,1100,18361.96935
63.701132,1219,18365.386524
93.948169,200,18365.782194
95.008318,200,18366.177003
87.872493,400,18366.97047
96.834647,200,18367.362959
71.232695,1000,18370.304435
82.009418,400,18371.188722
60.568948,1298,18373.820267
92.841824,200,18374.25571
89.482309,200,18375.66985
91.596652,200,18376.11219
67.868569,891,18377.890734
94.098404,200,18378.28946
83.473987,500,18379.323418
69.690167,1200,18382.929663
72.34197,600,18384.168392
68.098458,1258,18387.769125
90.637598,200,18388.174458
88.743607,200,18388.56776
92.612493,200,18388.96509
90.953899,200,18389.367079
67.08503,1204,18392.796504
72.606223,1000,18394.952271
69.154597,1100,18398.277891
67.919925,1100,18401.706308
92.382835,300,18402.37985
93.429335,200,18402.781711
87.890899,200,18403.19441
94.364641,200,18403.61703
61.208433,1138,18405.940911
87.444334,200,18407.389396
89.434693,200,18407.784022
76.222704,1000,18409.794263
91.053417,200,18410.200995
91.95781,200,18410.596524
90.636432,200,18410.991656
95.219548,200,18412.549152
65.197655,1085,18414.771245
89.015479,200,18415.181262
66.391345,900,18417.974584
82.18528,500,18419.032217
89.932875,300,18419.630415
79.061082,900,18421.447832
98.777337,200,18422.81087
98.70599,200,18423.246072
85.247246,200,18423.70214
90.941678,200,18424.117539
66.018264,1148,18426.427388
91.199509,200,18427.778137
81.310249,200,18428.203475
66.220519,1197,18430.730106
84.534711,300,18431.355824
98.455199,300,18431.959903
91.130936,300,18433.511761
66.33091,1195,18435.921211
89.082902,200,18436.330547
76.913193,700,18438.714866
68.519889,1182,18441.44792
83.287875,400,18442.264672
85.234908,200,18443.641839
95.576501,200,18444.070521
91.789887,200,18444.463732
95.924008,200,18444.859796
90.957334,300,18445.454068
95.913756,200,18445.868301
93.12983,200,18446.269372
91.952715,400,18447.067005
95.354966,200,18447.462958
65.973939,1096,18450.664212
87.421116,300,18451.269668
84.1304,400,18452.059827
87.792869,200,18452.455846
93.007017,200,18453.80651
90.02611,300,18454.439658
92.228796,200,18454.835074
63.84015,1177,18457.175892
87.453332,300,18457.750543
63.500203,1243,18461.305608
61.810329,1213,18464.979793
67.784183,1100,18467.186168
79.652269,300,18467.774094
93.481621,200,18468.169074
91.851246,200,18469.54424
67.516925,1100,18471.746863
63.532744,1265,18475.291655
67.318837,1000,18477.275162
62.353788,1200,18480.732955
94.419929,200,18481.153108
69.035925,1100,18483.35088
89.733734,300,18484.920411
93.018738,300,18485.515418
92.050129,200,18485.935618
93.347325,200,18486.352245
98.406484,300,18486.952485
83.570542,400,18487.723285
92.860571,300,18488.32583
64.159945,1200,18491.658808
63.004683,1000,18493.642784
74.529017,700,18496.165246
87.921135,200,18496.59194
93.933252,200,18496.997698
70.252811,876,18498.746979
94.988871,200,18500.112361
64.383205,1283,18502.745107
64.064967,1000,18505.713043
87.198485,200,18506.105479
91.561805,200,18506.516139
70.101584,700,18507.922157
76.057573,500,18508.905984
97.739526,400,18510.751449
83.83254,200,18511.156443
83.605014,300,18511.756479
74.093847,600,18512.988053
85.939235,300,18513.573077
85.250845,200,18513.972707
90.44058,200,18515.342
87.99463,400,18516.203603
67.842513,1100,18518.514462
86.721891,500,18520.442926
70.042098,820,18522.345098
67.839911,900,18524.180682
95.185203,200,18524.572256
61.372818,1100,18527.877047
90.523149,200,18528.289445
96.86706,200,18528.708859
91.539597,200,18529.099029
63.45804,1163,18532.613729
92.33695,300,18533.226419
87.322786,300,18533.839146
90.630648,200,18534.254567
89.337305,200,18534.636605
88.035205,400,18536.543567
88.424968,400,18537.350098
78.646031,500,18538.339008
64.726445,1200,18541.679257
68.076777,1200,18544.054121
88.903415,400,18544.856894
91.880923,200,18545.270455
88.98636,200,18546.670568
67.48994,1000,18548.705882
70.942047,1000,18550.734495
91.378201,300,18552.307235
91.250307,200,18552.692069
78.399818,700,18554.088665
73.975166,1100,18557.339976
91.871474,300,18557.934569
95.302176,200,18558.336299
93.222186,300,18558.942064
63.804357,1093,18562.175834
96.270486,200,18562.622988
87.697727,200,18563.04267
61.876061,1181,18565.447796
96.653409,200,18565.854264
90.495321,200,18567.256305
91.873039,200,18567.661393
68.820947,1200,18570.044921
90.923697,200,18570.48406
60.14441,1200,18573.976341
65.589627,1187,18576.363649
94.647735,300,18577.953466
90.398504,200,18578.352328
79.060764,500,18579.331652
62.179417,1186,18582.692564
94.696232,200,18583.106713
66.649984,1114,18585.320378
66.228299,1137,18588.66288
72.551947,1300,18591.316869
91.801696,200,18591.718303
86.734375,300,18593.30212
87.018793,400,18594.164839
68.361467,1100,18596.382619
92.745399,200,18596.77655
89.364763,200,18598.182365
98.365264,200,18598.588607
93.474094,200,18599.138578
89.47128,300,18599.749147
89.712139,200,18600.150693
84.503617,400,18600.954788
69.176538,1000,18603.889636
72.035837,1100,18606.086066
66.188757,900,18608.857001
81.854853,400,18609.643239
92.6948,200,18610.044894
-337.756677,20000,18660.397971
66.524964,1200,18662.817966
58.836484,1185,18666.101376
87.060296,400,18666.908597
75.533985,600,18668.27316
82.724957,200,18668.677816
93.400346,200,18670.080626
91.913307,300,18670.690338
91.628321,200,18671.088689
62.466904,1155,18673.408142
89.259071,200,18673.815029
91.419599,200,18675.151492
68.306378,1169,18677.507935
88.931123,200,18677.955035
75.064919,788,18680.488696
80.586851,600,18681.837904
98.667631,200,18682.252984
90.062057,200,18682.641102
64.43093,1076,18685.770519
64.511672,1166,18688.120477
67.650458,1288,18691.762828
90.480432,200,18692.178382
72.44569,600,18693.379866
89.270516,200,18693.788644
90.540398,300,18694.394774
59.509889,1200,18697.892519
87.970581,400,18698.680017
86.742035,200,18699.098485
90.466313,200,18699.497035
81.770405,400,18701.233782
70.580405,1000,18703.228451
99.183731,200,18703.628386
97.086847,200,18704.067727
73.235718,1100,18707.299316
88.662845,300,18707.88593
74.162043,600,18709.097864
97.179932,300,18709.684628
69.216222,1100,18712.859921
95.444393,200,18713.259993
67.23747,1100,18716.428935
76.134303,770,18717.96892
95.817861,300,18718.576498
98.649723,200,18718.970517
98.47797,200,18719.36556
63.279174,1000,18722.428581
88.477854,300,18723.039932
74.742885,500,18724.021703
83.285761,300,18724.616352
68.528974,1000,18727.59058
96.337818,200,18727.9866
94.022018,200,18728.391327
94.858509,200,18728.789076
62.568323,1106,18731.991776
92.541901,200,18732.412826
73.617613,1000,18734.404856
64.407371,977,18737.683182
97.880686,200,18738.104362
93.85002,300,18738.711855
92.972427,200,18739.143674
94.303042,300,18739.741111
80.426205,400,18740.53476
70.916429,900,18743.471139
83.767335,400,18744.278504
95.246552,200,18744.670178
87.771564,300,18745.27343
91.421478,200,18745.665565
85.373289,400,18747.572798
70.27034,1000,18749.636558
87.333557,200,18750.044402
69.29506,1000,18753.144798
60.292017,1078,18755.33397
69.425774,1000,18758.454946
88.422415,200,18758.849935
93.465739,200,18759.249128
88.341797,500,18760.239247
71.423328,1102,18763.525122
90.737672,400,18764.350559
97.752246,200,18764.745489
65.511728,1200,18768.198711
72.449054,1000,18770.307721
73.834637,800,18771.917902
87.26135,300,18773.556659
63.410226,1209,18776.080973
74.177551,1000,18779.074034
89.117398,300,18779.689068
64.849924,1200,18782.06391
66.481238,1100,18785.265647
92.638458,200,18785.686196
95.102477,200,18786.102817
81.066057,791,18787.656344
88.846158,200,18789.079003
92.912718,200,18789.495269
63.790219,1100,18791.679183
97.664628,200,18792.072492
61.93813,1266,18795.656769
95.885531,200,18796.055771
66.653743,1300,18799.701735
92.664918,200,18800.12309
68.56997,1023,18802.31182
68.514594,1200,18805.700208
74.25113,700,18807.292059
55.660701,1200,18810.779492
65.266484,1100,18812.970082
71.613254,863,18815.62064
79.918828,700,18817.046661
87.901386,200,18817.432195
69.825664,1263,18820.917668
69.814471,1200,18823.292312
93.017059,300,18824.833132
94.009136,200,18825.2481
92.477048,200,18825.641341
84.181366,400,18826.433354
89.176546,400,18827.246267
83.113653,400,18828.054212
92.355087,200,18828.492027
87.409008,300,18830.071711
66.077725,1067,18832.183672
93.932328,300,18832.790785
93.299713,300,18833.403839
65.461717,900,18836.144245
62.016492,1214,18838.605837
84.574074,400,18840.444644
63.907453,1100,18842.713166
67.883182,1200,18846.073533
92.562811,200,18846.47136
87.012687,200,18846.864969
92.091118,300,18847.466042
70.388867,800,18849.097363
67.519598,1100,18852.285764
68.891058,1263,18855.769497
94.321183,200,18856.167357
68.099529,1276,18858.697151
90.667241,300,18859.337028
93.639402,200,18860.695132
92.808687,200,18861.18241
92.480912,200,18861.619375
65.700109,1156,18863.932615
86.022894,400,18865.684811
99.801018,200,18866.106829
63.813847,1181,18868.533409
92.084746,200,18868.951019
90.112505,200,18869.362466
64.065477,1075,18872.614622
63.281183,1100,18874.922149
67.836903,1000,18878.046824
70.258108,1201,18881.448318
72.016454,900,18883.354467
97.63146,200,18883.75378
91.812903,400,18884.565999
87.826609,400,18885.36373
82.475956,600,18887.599973
98.268426,200,18888.025874
66.280026,1100,18890.281713
84.122389,400,18892.046631
95.882819,400,18892.840703
61.643884,1200,18895.24504
96.136537,300,18895.909451
75.611455,1000,18898.958328
62.643266,1200,18902.327144
63.615265,1200,18904.692894
71.562064,1084,18907.814102
89.323439,300,18908.414176
94.952688,200,18908.804512
96.259742,200,18909.229352
98.929705,200,18909.623782
76.121241,900,18912.37626
83.183293,300,18913.066222
88.757817,500,18914.08062
60.830469,1141,18917.297786
79.398879,300,18917.926087
72.749504,1100,18920.164747
91.702132,200,18920.556555
60.481747,1222,18924.053152
92.954719,200,18924.449716
88.522289,300,18925.040961
60.356136,1278,18928.587361
91.862978,200,18929.028251
87.388195,200,18929.450989
64.148832,1100,18931.646635
89.827645,400,18933.491487
90.169894,200,18933.919062
66.250376,1100,18936.193902
92.280542,200,18936.578465
78.919284,600,18938.725476
92.382689,200,18939.117744
86.913207,200,18939.53388
73.270728,800,18941.305938
87.409335,300,18941.953597
94.920817,200,18943.431723
68.099531,1241,18946.025358
83.401799,600,18947.223141
91.456918,200,18948.619902
66.771339,1257,18951.281856
81.445781,300,18951.867794
71.128308,900,18954.635589
91.637303,200,18955.020611
92.578051,200,18955.429614
63.306883,1229,18958.829136
71.533458,1100,18961.186385
70.34676,1100,18964.331181
74.417014,900,18966.210348
85.876424,400,18967.007756
90.253098,400,18967.799894
87.363252,200,18969.142302
61.846303,1100,18971.365108
66.370948,1300,18974.913005
90.614324,200,18975.303556
96.954213,200,18975.697306
66.033745,1222,18978.144037
62.104486,1250,18981.836413
67.453118,1100,18985.032921
70.321106,1000,18986.990655
93.830372,200,18987.396374
63.051693,1261,18990.987311
74.592331,900,18992.776809
63.043943,1164,18996.255975
77.493243,700,18997.648411
96.324333,200,18998.047088
90.475485,300,18998.658635
67.982884,1000,19001.640484
75.562471,900,19003.416286
67.243071,1100,19006.565501
91.118132,200,19006.958679
86.323142,200,19007.351423
83.077009,200,19007.740509
93.354194,200,19008.145334
78.40363,1000,19011.239198
89.360644,200,19011.775959
69.844172,1164,19014.132557
61.476265,1200,19017.471056
96.492471,200,19017.865574
93.450472,200,19018.26052
99.539007,200,19018.650211
64.907075,992,19021.7209
94.518633,200,19022.108897
83.504748,200,19022.504578
84.291568,200,19022.908975
69.329931,881,19025.624326
89.808426,200,19026.05646
78.908391,300,19026.698271
68.487699,1100,19028.897852
65.052938,1087,19032.160376
78.153256,1000,19034.161767
67.825108,1235,19037.603939
67.73547,1096,19039.819827
72.010744,1000,19042.877041
74.148954,860,19044.590722
84.944849,300,19046.191471
91.499011,200,19046.62812
90.531774,200,19047.042329
82.964725,400,19047.836857
68.351435,1095,19050.020603
89.926122,200,19051.435601
80.09982,200,19051.85772
81.679093,300,19052.438629
74.067208,768,19053.972317
63.688848,1100,19057.200361
88.35297,200,19057.612238
68.743883,1100,19059.797852
78.07046,600,19062.056406
91.574673,200,19062.529855
65.469915,1300,19065.152052
88.647607,200,19065.547728
66.631511,1000,19068.757717
67.885517,1200,19072.213847
70.92645,700,19073.905562
91.882728,200,19074.309374
88.301094,200,19074.691952
97.380668,200,19075.099499
70.480375,1100,19078.267817
69.596142,900,19080.05563
89.538792,300,19080.790612
84.017364,200,19081.22815
72.290478,900,19084.093657
86.558127,200,19084.49465
91.684882,200,19084.884582
60.807673,1043,19088.156754
90.345852,200,19088.566119
63.894617,1300,19091.34732
92.18401,400,19092.177657
69.495061,1047,19095.241591
85.213516,200,19095.6389
63.928345,1100,19098.763151
66.407967,1100,19100.998684
68.854363,1300,19104.63884
69.46194,1000,19106.629674
84.095913,300,19107.218701
90.509181,300,19108.762034
86.785353,200,19109.190218
95.374322,200,19109.636111
90.994738,200,19110.052389
71.121541,1063,19112.223385
95.929602,200,19112.618597
62.898159,1100,19115.771369
90.914878,200,19116.187432
67.444445,1100,19119.401098
94.381166,200,19119.812188
92.73073,300,19120.411558
72.734203,935,19122.337049
88.989261,200,19122.738992
84.407997,500,19124.688776
99.368416,200,19125.087554
91.720106,300,19125.678739
67.032071,1092,19127.873857
95.951171,400,19129.6841
63.816622,882,19131.450836
74.761069,900,19134.312749
97.363102,200,19134.739899
89.578491,200,19135.161154
91.651676,200,19135.54586
68.418377,1000,19137.558843
70.480429,1100,19140.889194
81.284604,600,19142.141525
69.291139,1130,19145.434648
66.329163,1000,19147.428119
87.333605,200,19147.822438
94.353292,200,19148.217564
89.277922,300,19150.003289
70.883916,1100,19152.335078
86.233451,400,19153.174109
62.837612,1094,19156.396276
90.142633,200,19156.786575
74.29402,1100,19158.998826
91.331249,200,19160.353871
73.363801,700,19161.940996
86.776684,200,19162.361212
62.010329,1151,19165.629382
59.662553,1164,19167.931911
81.36374,500,19168.944444
74.013513,596,19171.067309
73.171118,800,19172.70041
97.009967,200,19173.095371
86.506522,300,19173.6906
89.193185,200,19174.100026
88.163536,300,19175.663858
97.473975,200,19176.099355
92.001267,200,19176.501323
94.047716,200,19176.891123
94.376739,200,19177.297528
91.891709,200,19177.676157
80.82534,600,19178.880176
96.072925,300,19179.486572
71.229315,1100,19182.670793
71.37194,900,19184.450182
80.32675,600,19186.70246
63.026,1085,19188.869663
93.624188,400,19189.697352
72.485213,1100,19192.918539
89.908664,200,19193.316241
67.227623,1239,19196.819167
89.073766,200,19197.227576
96.801043,200,19197.624209
87.477079,300,19198.220574
65.293679,1100,19201.378689
66.94883,898,19203.201139
93.41263,600,19204.378205
91.524105,200,19204.77675
88.693442,300,19206.345514
63.584876,1191,19208.690291
69.125455,1100,19211.871523
93.215935,200,19212.282896
92.642969,200,19212.697914
82.521626,300,19213.303348
66.652681,1140,19216.529553
85.074407,300,19217.16897
81.410947,400,19218.054116
62.927487,1217,19220.621309
67.869899,1077,19224.025632
98.897829,200,19224.418171
64.789384,1200,19227.786373
88.968331,200,19228.199075
60.591826,1200,19230.547269
91.99059,200,19230.956822
89.157863,200,19232.381736
68.778078,1200,19234.828962
69.912772,858,19237.502186
62.647891,1200,19240.017617
65.813268,1258,19243.561631
88.781462,200,19243.961495
62.651591,1293,19247.52771
66.617287,1133,19249.883617
93.36533,200,19250.293565
84.974914,200,19250.696649
67.414167,1100,19253.921967
87.196991,300,19254.535753
84.038234,300,19255.134793
85.694299,500,19256.128296
61.134478,1261,19259.580026
87.94822,200,19259.985223
79.153652,600,19261.160539
96.347109,200,19261.563037
88.732043,500,19263.53838
76.916589,600,19264.72912
71.946129,900,19266.51734
90.792005,200,19267.861116
65.620948,1000,19269.825644
93.650019,200,19270.242454
100.791132,200,19270.634778
68.870876,800,19273.178164
75.176048,600,19274.399931
103.881265,200,19274.78729
93.643986,300,19275.402223
64.905409,1000,19278.417598
84.824306,200,19278.86671
93.87491,300,19279.47689
68.830972,1000,19281.61879
83.136851,300,19282.197903
88.986102,200,19283.625063
63.069965,1094,19285.794762
67.785348,1216,19289.39619
71.539989,1200,19291.78868
62.478389,1210,19295.190219
96.343009,300,19295.82154
95.583439,200,19296.246894
98.014292,200,19296.639677
89.39575,400,19297.445389
69.256491,1100,19300.570021
85.831878,200,19300.961454
93.846054,200,19301.362269
63.187704,1074,19304.56566
62.953521,1200,19307.024987
98.493189,300,19307.612148
93.792576,200,19308.982491
94.181685,200,19309.396415
94.414808,200,19309.799707
93.237178,200,19310.202272
69.072921,900,19311.994395
90.845874,200,19312.383465
92.765075,300,19312.980036
66.691324,1200,19316.487682
74.555983,1000,19319.439348
81.470539,200,19319.838813
89.924125,400,19320.638016
69.256693,900,19322.511368
96.337182,200,19322.903603
92.156461,300,19324.514327
84.004438,400,19325.302209
69.394897,1200,19327.666962
78.527139,600,19329.904088
76.294855,600,19331.173943
92.623392,200,19331.569715
85.636918,200,19331.954165
96.150126,200,19332.37355
72.21632,1000,19335.447966
77.285279,705,19336.881807
77.836271,502,19337.888155
71.537234,1091,19341.07372
90.339168,200,19341.538735
64.261882,867,19343.262135
76.071736,1200,19346.703556
62.91066,1100,19348.871649
94.710208,200,19350.24946
65.970194,1000,19352.257083
69.44606,993,19355.346664
69.649238,1200,19357.996129
60.398585,1272,19361.575607
68.484239,1100,19363.79517
75.160479,700,19366.327038
64.703615,1199,19368.712139
87.322692,200,19369.128371
70.096194,900,19372.003478
65.666642,1100,19374.234963
95.621514,200,19374.653571
67.767028,900,19377.475352
91.883694,200,19377.907599
70.308166,860,19379.623244
67.883709,1249,19383.07525
88.533125,300,19383.706335
65.511054,1200,19387.249297
81.463278,500,19388.257028
91.932878,200,19388.66178
74.115087,800,19390.24948
84.952498,300,19391.788394
90.030146,300,19392.389565
95.217029,200,19392.779794
65.031801,1100,19395.001441
66.247505,1200,19398.433251
74.440351,600,19399.62948
87.710599,500,19400.616249
92.19758,200,19402.14156
88.816617,200,19402.535523
66.651776,1000,19404.543959
93.196256,400,19405.353545
95.23179,200,19405.749633
88.005723,300,19407.323558
70.07055,957,19409.359348
80.884862,600,19410.565228
64.13705,1258,19413.991558
63.968703,1044,19416.12221
64.680418,1298,19419.762734
66.632789,1200,19423.168403
64.341286,1200,19425.826877
61.99365,1237,19429.295909
88.584543,300,19429.880325
75.093416,825,19431.55938
68.337826,802,19434.095847
95.745356,200,19434.531549
88.838996,200,19434.928341
61.623868,1224,19438.413711
83.373641,400,19439.283386
91.372782,200,19439.691548
92.337891,200,19440.096488
69.48011,900,19441.90576
95.430874,200,19443.270198
95.949609,200,19443.670648
61.927569,1200,19446.069044
89.015825,200,19446.496047
95.625464,200,19446.890491
92.210232,200,19448.224818
69.14935,1000,19450.321383
67.816902,1164,19453.618144
90.889137,200,19454.022806
90.098019,300,19454.629433
80.242327,600,19455.835037
89.06355,300,19456.435603
100.013548,200,19456.829037
89.941317,200,19457.247874
93.446151,300,19458.779993
85.946139,300,19459.450343
65.318557,1223,19462.034277
93.767708,300,19462.722498
83.231755,200,19464.089476
63.000343,1192,19466.500901
68.702,1200,19469.893537
64.939496,1009,19471.889335
80.967069,700,19474.235528
92.192671,200,19474.644056
80.902117,500,19475.641281
60.254591,1253,19479.138286
91.941241,300,19479.8053
60.713714,993,19481.813522
68.443195,1196,19485.218199
96.731092,200,19485.626896
72.731414,1000,19487.698545
83.393812,500,19489.705427
71.684257,800,19491.402719
62.800195,1100,19494.86154
92.405813,300,19495.480894
65.242676,1100,19497.686776
69.337144,1100,19500.865007
66.057281,1123,19503.087899
92.409094,300,19503.690069
71.435002,1000,19506.668226
63.661092,1053,19508.753813
89.516619,400,19510.657075
90.914307,200,19511.079426
89.242049,400,19511.873152
65.449923,1069,19514.018816
68.119636,1100,19517.220627
69.400712,1100,19520.377045
91.897445,300,19520.992112
76.171234,500,19522.089921
94.334458,200,19522.48337
68.794177,900,19524.298404
70.470125,1081,19527.576175
83.759482,200,19527.976265
69.058509,1034,19531.037418
95.984837,200,19531.436686
93.607018,400,19532.250538
64.739979,1200,19534.69584
65.184975,1000,19537.831928
76.72798,1100,19540.008413
89.018724,400,19541.757062
83.417756,500,19542.76026
86.249443,200,19543.155196
68.080111,1000,19545.14783
84.98266,400,19546.945481
88.234687,300,19547.537599
84.826679,300,19548.161428
88.653067,200,19548.554211
93.573661,200,19548.960205
72.584967,1100,19552.12897
82.088764,600,19553.35927
92.73501,300,19553.952083
83.849356,400,19554.734122
62.699924,1231,19558.286228
76.643895,600,19559.506649
87.159245,200,19559.905974
66.955278,885,19562.800081
85.849066,400,19563.657994
85.356019,400,19564.492785
62.350335,1100,19567.686557
89.334942,300,19568.278022
92.94555,200,19568.674927
66.412779,1100,19570.848199
94.738531,200,19572.291004
69.63156,1100,19574.54322
59.572638,1158,19577.848927
91.269483,200,19578.243487
66.046651,800,19579.884957
96.175759,200,19580.273829
95.87968,200,19580.668492
90.792305,200,19581.077716
68.024288,1000,19584.137357
94.697902,200,19584.51877
86.29237,200,19584.93481
76.422087,700,19586.347594
87.114902,400,19588.202016
65.660644,1167,19590.568675
57.567817,1238,19594.054915
85.263233,500,19595.057587
66.062321,1100,19598.28118
75.978113,951,19600.165882
72.316288,1100,19603.382401
64.811739,1282,19606.033761
91.891759,300,19606.659758
92.436179,200,19608.16455
90.746626,200,19608.607787
72.648904,600,19609.840246
75.04666,1195,19612.253571
94.487462,200,19613.626041
89.9915,200,19614.021083
74.480504,800,19615.606248
62.868253,1000,19618.594133
82.486644,500,19619.583578
91.459421,300,19620.195887
64.496206,1200,19623.531395
82.50991,400,19624.343876
64.610226,1170,19626.672455
79.334835,600,19628.911783
65.372463,1274,19631.693088
65.51451,1021,19634.811726
87.77785,400,19635.62502
89.002277,200,19636.025116
72.379869,1000,19638.091733
73.219582,1100,19641.430994
64.497762,1200,19644.851519
96.578586,200,19645.290066
68.04702,900,19647.137969
60.466938,1221,19650.695691
66.515008,1194,19653.075698
90.286591,200,19653.484839
87.230298,200,19654.857639
93.952358,200,19655.285323
67.508693,1066,19657.523315
85.114228,400,19658.346725
88.05881,200,19658.7425
89.370069,300,19660.317797
86.316227,300,19660.947175
94.750843,200,19661.360029
68.519298,988,19663.319425
71.178063,870,19666.022656
78.511316,800,19667.621953
64.171173,1200,19671.118571
91.035527,300,19671.710432
64.976424,1100,19673.958542
91.586291,300,19675.517913
64.767326,1200,19678.08222
75.45855,900,19680.837166
87.229919,500,19681.942033
71.824638,1000,19683.936388
64.285264,1120,19687.150273
74.15527,1000,19689.180052
90.795413,200,19689.575914
87.371313,200,19691.002374
71.059524,1200,19693.489555
87.843691,200,19693.881023
95.303172,200,19694.289398
78.312261,400,19696.056696
63.702201,1000,19698.170607
87.690701,300,19698.916508
67.373762,1200,19702.460541
73.213266,800,19704.080986
68.866256,900,19706.843803
80.420501,300,19707.507246
90.775736,200,19707.92929
83.377819,200,19708.35026
89.404164,200,19708.748367
62.533438,1266,19712.321836
82.946723,300,19712.926834
88.020034,200,19713.331552
71.45187,1100,19715.523754
65.744286,1000,19718.522787
90.879268,200,19718.917797
56.269718,1193,19722.248959
90.521988,200,19722.64279
101.634223,200,19723.041675
95.246779,200,19723.433176
76.366533,300,19724.047865
90.034591,200,19724.442493
61.69437,959,19727.416089
87.291258,200,19727.8152
66.811426,1058,19729.988692
78.652642,500,19730.967012
70.980841,900,19733.734806
97.106037,200,19734.130752
63.390956,1280,19737.658506
61.327513,1176,19740.139527
88.614,200,19740.541418
63.768759,1216,19743.910575
84.282029,300,19744.50214
75.014212,1100,19747.671835
71.683511,1000,19749.677646
86.658374,500,19750.682695
64.763053,800,19753.363242
82.096924,400,19754.159268
64.442146,1208,19756.575868
79.608516,500,19758.618079
66.064658,1055,19760.76986
61.764592,1201,19764.241015
95.407563,200,19764.629532
65.940228,1000,19766.636276
85.408245,500,19769.202528
92.149369,200,19769.600765
90.92937,200,19770.009658
67.822769,1000,19772.063865
95.069362,200,19772.456893
83.970364,700,19774.806195
69.17796,1000,19776.791385
79.050387,400,19777.638803
100.300594,200,19779.026202
87.653434,500,19780.047112
64.456433,1174,19782.39136
84.11544,300,19782.994942
89.662584,400,19784.817767
92.802905,200,19785.226441
94.768224,200,19785.623984
89.392291,200,19786.037407
66.735426,1000,19788.072069
94.101648,200,19789.462368
64.903231,1100,19791.638006
97.464891,200,19792.04599
92.981307,200,19792.437907
66.234035,1114,19795.669613
90.906894,300,19796.272311
78.389386,700,19797.648947
70.89745,1028,19800.711671
66.571757,1135,19802.983357
61.136577,1200,19806.441598
86.787672,200,19806.845889
91.897402,200,19807.244651
70.986366,1100,19810.523749
83.739393,300,19811.128787
95.142378,200,19811.532634
65.625685,1154,19814.791127
99.053911,200,19815.206824
87.707884,300,19815.7907
91.323769,200,19816.209032
88.950172,300,19816.798975
97.44152,200,19817.196103
86.097772,300,19817.789894
93.968807,300,19818.392282
90.450433,200,19818.794454
82.80744,400,19820.705319
72.512702,1100,19823.058249
90.720565,300,19823.755567
61.41469,1210,19827.259323
68.168812,800,19828.872663
89.240123,200,19829.279676
61.74491,1189,19832.690831
89.921515,200,19833.096513
79.367263,900,19836.026227
98.422187,200,19836.48471
72.56111,800,19838.115354
88.550595,400,19838.906627
91.322023,200,19839.307089
64.681433,1268,19842.917551
65.938741,1165,19846.291792
91.673631,200,19846.746667
63.897671,1100,19849.000871
89.804903,200,19849.403628
85.865724,200,19849.786334
84.738362,300,19851.403141
61.75873,1100,19853.664423
102.78771,200,19854.08706
69.22679,1000,19857.038887
70.21676,1030,19859.115478
63.735056,1200,19862.58254
84.152373,200,19863.009247
95.583491,200,19863.388541
65.494304,1189,19866.693395
69.530326,1100,19869.019243
65.286857,1100,19872.199831
95.569817,200,19872.609556
91.985477,200,19873.005129
88.999315,200,19873.418749
95.506974,200,19873.805033
77.972326,585,19874.963197
61.72398,1200,19878.422907
65.718061,1174,19880.831322
89.665101,200,19882.353529
66.982402,1030,19884.57034
97.355354,200,19884.976274
86.110372,300,19885.572488
88.379318,200,19885.972865
71.241447,684,19888.292624
96.043579,200,19888.701369
88.018261,200,19889.108745
92.683662,200,19889.506363
92.13221,300,19890.115942
89.969967,200,19890.57101
72.457149,1100,19893.782178
85.959353,300,19894.39581
76.168022,1100,19896.679409
92.749134,200,19898.039755
91.328352,200,19898.429539
66.04515,1081,19900.623394
96.772835,200,19901.024574
80.564578,300,19901.605027
94.153101,400,19903.347052
62.279574,1100,19905.791395
75.614404,600,19907.007251
89.722706,200,19908.35628
93.034954,200,19908.781645
60.581494,1200,19911.239009
82.91488,400,19912.021769
86.080688,200,19913.373372
67.274165,1100,19915.692579
60.560123,1252,19919.181876
71.494647,859,19920.920632
87.305516,400,19921.722924
68.956235,930,19924.624727
95.086918,200,19925.02768
88.507058,200,19925.432227
90.355205,300,19926.026707
95.647091,200,19926.428335
74.018841,800,19928.994508
79.339331,600,19930.182918
91.016838,200,19930.579704
95.736466,200,19931.004757
76.559042,1000,19933.975762
64.136197,1200,19936.351161
67.241887,1298,19939.983423
82.427454,400,19940.809893
85.702368,400,19941.703815
67.998595,1300,19945.311431
85.404436,200,19945.706054
94.995644,200,19946.09502
92.349093,200,19946.490263
94.17714,200,19946.89034
57.705003,1184,19950.291538
92.928192,200,19950.687003
85.038349,300,19951.288364
65.030024,1234,19954.759884
93.770952,200,19955.207298
92.831125,200,19955.621732
91.625685,400,19956.429854
84.300951,200,19956.841285
64.605861,1172,19960.338467
89.32346,200,19960.732826
74.48854,600,19961.947268
74.528937,900,19963.825799
64.634536,1200,19967.450066
97.19481,200,19967.859424
64.911029,1256,19971.673138
93.647437,200,19972.085169
66.902743,900,19974.090155
99.592816,200,19974.516697
79.678069,400,19976.336159
72.264612,1000,19978.334425
73.554218,1200,19981.899951
92.485248,200,19982.439359
64.342706,1106,19984.756369
64.62218,799,19987.331634
86.807474,300,19987.92712
82.970395,400,19988.709866
93.09108,200,19989.104207
70.620716,833,19992.007424
65.487971,1102,19994.248435
89.190825,400,19995.048676
66.687758,1100,19998.247314
89.939959,200,19998.658072
84.880639,700,20000.089599
90.855491,200,20000.486938
61.521019,1135,20003.937581
72.776677,1000,20005.978367
67.320097,1000,20008.936788
94.882554,200,20009.375244
92.903521,200,20009.787941
67.036121,1273,20013.389124
77.829467,300,20014.018811
66.86478,1100,20016.2112
92.249264,400,20017.989421
72.239042,958,20019.930767
93.504872,200,20020.325565
66.34979,999,20023.351285
85.262344,200,20023.803202
67.4793,1233,20026.304878
92.373666,300,20026.899077
68.231804,1000,20030.066652
64.876111,1200,20033.545276
92.680454,200,20033.95127
92.357401,200,20034.350649
61.904571,1200,20036.73504
68.427166,1200,20040.127047
88.024949,323,20040.761373
91.261457,200,20041.162591
68.766478,1096,20044.338502
82.741089,200,20044.73904
61.786182,1274,20047.33815
89.710459,200,20048.681322
75.785929,800,20050.414515
69.027539,1196,20053.783429
67.495452,1098,20056.095867
88.748168,400,20056.896423
90.796172,200,20057.293302
91.584769,200,20057.689876
65.542382,1187,20061.043766
84.374856,300,20061.696127
97.21778,200,20062.101028
77.663118,600,20064.269269
69.180234,1100,20066.544559
79.994507,400,20067.3376
73.620842,1051,20070.437852
66.063497,973,20072.389482
94.824295,200,20072.800248
83.871218,300,20074.352546
70.374153,1000,20076.350979
92.247793,200,20076.753283
71.791384,1000,20079.770875
92.218955,400,20080.590231
71.07915,1000,20082.62108
66.857386,900,20085.363348
98.002131,200,20085.764575
89.105034,200,20086.161999
93.74704,200,20086.565434
64.695366,1138,20089.815834
86.276623,200,20090.316944
88.571795,500,20091.347954
72.050683,700,20092.784768
65.863978,1100,20095.947284
76.358959,800,20097.628042
90.258894,200,20098.080606
89.860413,200,20098.506938
91.532345,300,20100.140776
70.861527,792,20101.760059
70.752012,1000,20103.789773
96.399538,200,20105.152981
89.693534,200,20105.598597
90.343666,200,20106.026975
94.553335,300,20106.644972
88.30394,400,20107.444059
80.909281,500,20108.474991
68.735708,1208,20111.867753
71.468433,900,20113.701806
92.533785,200,20114.090794
74.862612,1000,20117.038814
72.100211,1057,20119.158347
91.135658,200,20120.518059
93.629468,200,20120.928739
92.700975,200,20121.355595
87.994432,300,20122.004107
88.783077,200,20122.398685
95.099677,200,20122.792192
88.846804,300,20123.440165
82.990222,500,20124.543126
93.173378,200,20125.960349
89.454698,200,20126.360987
81.801989,200,20126.797215
97.763867,200,20127.224074
62.279277,1151,20129.555689
68.561062,1000,20132.57687
74.091183,900,20134.381209
90.832382,200,20134.798765
65.6576,1200,20138.309339
62.372982,1260,20141.823524
68.023998,1095,20144.016841
88.86925,200,20144.408475
94.447292,200,20144.799642
66.781582,1183,20148.233164
91.871667,200,20148.627901
81.897918,400,20149.453424
94.78634,200,20149.862176
98.344078,200,20150.263983
63.215241,1125,20153.629391
68.358892,1100,20156.799763
92.863246,200,20157.261202
72.465837,1100,20159.498188
66.765869,1100,20162.707167
66.906806,1200,20165.102574
87.809358,200,20165.490353
92.982312,200,20165.883919
65.707485,1007,20169.209939
84.211424,500,20170.192977
96.364359,200,20170.602352
64.223119,1266,20174.226931
84.122307,200,20174.619939
94.723605,200,20175.024647
70.89669,1100,20178.188109
73.145066,1000,20180.277014
86.973971,300,20180.874417
72.724695,900,20183.759081
65.138272,1200,20186.167264
95.671668,200,20186.559355
65.323161,1100,20189.797822
84.46213,500,20190.805031
67.995996,758,20193.289602
96.252142,300,20193.911862
67.887993,1146,20196.235397
95.107304,200,20196.628651
88.575731,200,20197.033535
57.66185,1266,20200.634784
95.892531,200,20201.024855
80.400368,600,20202.242477
91.612365,300,20203.788635
90.955808,300,20204.497875
94.97482,200,20204.911925
59.418222,1200,20207.326349
91.618697,200,20208.698598
97.263595,200,20209.110712
91.073636,200,20209.522038
63.571212,1200,20211.906093
68.904953,1100,20215.077586
70.655518,1000,20217.094396
92.223711,300,20217.694206
64.061332,1200,20221.251289
83.867575,500,20222.283019
92.209996,200,20222.680355
93.152219,200,20224.03915
89.078179,200,20224.464861
82.799469,200,20224.860301
86.062251,500,20225.873586
85.514346,500,20226.864602
90.864239,200,20227.257644
63.536251,1201,20230.585691
92.255908,200,20230.99617
63.916909,1227,20234.460608
92.439175,200,20235.048876
88.362792,200,20235.470203
85.574377,200,20235.882201
66.922647,1100,20238.104851
83.008224,300,20239.683457
92.945685,200,20240.086416
62.307759,1165,20242.493823
98.686136,200,20242.889304
88.277101,300,20243.48102
92.179272,200,20244.863484
90.699292,300,20245.471722
68.353813,1208,20248.004867
64.550089,1100,20251.212577
94.506984,200,20251.615977
94.681232,200,20252.037489
91.60121,200,20252.435816
93.33941,200,20252.833266
96.129536,200,20253.233678
93.789815,300,20253.828428
91.210034,200,20255.223653
76.162963,800,20256.803067
90.817946,200,20257.206273
93.572927,200,20257.614612
70.224571,1200,20261.024748
63.234211,1100,20263.26798
97.033159,200,20263.654834
89.169296,200,20264.058866
67.279879,1297,20267.612944
71.618849,900,20270.429514
93.031585,200,20270.835627
86.939217,300,20271.440069
94.936384,200,20271.845083
95.810349,200,20272.25057
96.826259,300,20272.851903
94.142355,300,20273.474734
92.652238,200,20273.872084
59.175251,1175,20277.217649
69.845765,1000,20279.216548
71.126429,500,20281.402225
91.934444,200,20281.791093
70.427019,963,20283.73696
91.15654,300,20284.360209
70.211057,1100,20287.612944
95.766093,300,20288.209049
91.084749,200,20288.60565
91.089776,200,20288.999759
62.79331,1200,20292.368815
64.537564,1180,20294.716887
94.077295,200,20296.100855
93.220426,200,20296.494813
90.754579,300,20297.096716
77.620673,800,20298.684573
69.508323,1100,20301.921076
95.094996,200,20302.343305
69.92004,900,20304.304605
67.288123,911,20307.213665
89.206607,400,20308.013083
98.076722,200,20308.432146
77.622431,1000,20310.458908
62.658461,1148,20313.739074
92.949117,200,20314.136822
89.319051,300,20314.727866
94.488715,200,20315.127133
80.845227,400,20316.946892
85.345991,400,20317.802734
58.519542,1263,20320.356109
84.081431,400,20322.141443
97.90587,200,20322.598889
92.176795,200,20323.01528
82.955813,500,20324.018044
93.834182,200,20324.410942
65.634303,1179,20327.813199
86.760146,300,20328.45456
93.462012,200,20328.86224
95.57429,200,20329.273361
66.9535,988,20332.219395
65.285703,1125,20334.486125
95.746806,200,20334.866258
82.001285,200,20335.28578
95.477963,200,20335.705786
99.162771,200,20336.109497
75.168213,879,20338.95798
72.495605,1040,20341.044306
86.934368,200,20341.437805
86.08263,500,20343.475816
66.879024,1200,20345.92075
78.340554,400,20347.635088
92.629853,200,20348.081781
69.664402,1173,20350.490382
62.754184,1130,20353.733297
87.421887,300,20354.346371
81.494683,900,20356.134201
83.365711,500,20358.097945
65.823313,1100,20360.404229
63.846717,1245,20364.023024
93.247908,200,20364.446395
95.006885,200,20364.852191
65.611338,1200,20367.316825
79.663513,700,20369.691018
83.570633,200,20370.084809
84.32439,500,20371.127249
69.185662,1207,20374.824225
66.112915,1100,20377.038176
86.207078,200,20377.433079
91.408271,300,20378.971887
88.765149,200,20379.377675
87.385726,400,20380.184103
89.169845,400,20380.978329
98.452752,300,20381.558343
91.252043,200,20381.953224
73.19581,1000,20384.911606
74.01855,1000,20386.92962
94.109414,200,20387.315617
91.236346,200,20387.712391
58.798011,1288,20391.395875
92.343758,200,20391.781437
69.023757,1200,20395.169798
64.214128,1040,20397.262258
74.507746,800,20399.875972
64.518528,1100,20402.159173
74.733773,800,20404.905768
63.721683,1193,20407.373437
69.396474,1200,20410.70767
86.02173,300,20411.30648
90.193392,200,20411.685499
67.354704,1300,20415.2829
68.945294,876,20417.1307
90.772093,300,20417.746464
97.608768,200,20418.135368
96.446652,200,20418.546705
64.276342,1119,20421.806204
97.573785,200,20422.200001
61.627974,1100,20425.396633
95.460787,200,20425.796101
90.811224,200,20426.191975
93.09378,200,20426.606362
74.226721,1100,20428.824677
64.720419,1000,20431.929539
78.233161,1000,20433.990127
91.699987,300,20435.5473
94.403037,200,20435.961543
95.860135,200,20436.35528
86.406542,200,20436.766486
68.376401,1200,20439.17931
89.868713,200,20440.520118
86.537056,300,20441.328017
69.049129,1200,20443.785172
89.315687,200,20444.198297
86.716096,200,20444.593604
65.182151,1100,20447.744844
81.811598,500,20448.78415
97.288067,300,20449.439539
91.73269,200,20449.8513
82.058298,400,20451.623806
80.45915,500,20452.615173
69.907387,1100,20454.831443
63.401548,1067,20458.003315
93.986706,200,20458.397659
84.803357,300,20458.996081
95.858595,200,20459.381094
67.470808,1249,20462.969211
66.5209,1000,20464.977963
61.627541,1189,20468.318638
68.522255,1000,20470.293235
84.619263,300,20471.944067
87.393745,400,20472.757188
59.812436,1190,20475.157212
59.838454,1274,20478.76183
69.402909,1200,20482.219854
63.713205,1200,20484.657497
94.349898,200,20485.079338
70.58078,1000,20488.150346
56.868055,1234,20490.630145
63.282683,1100,20493.948102
59.345893,1092,20496.133274
91.097684,200,20497.537594
60.799251,1100,20499.720332
76.900778,600,20500.905079
64.129741,1129,20504.20121
92.157815,300,20504.807626
71.310761,1200,20508.25561
89.661626,300,20508.879769
63.454621,1200,20511.457978
75.277707,900,20514.248981
89.345012,300,20514.824948
70.15693,1100,20518.036073
61.583263,1291,20520.649645
86.661496,500,20521.641531
89.879935,200,20522.045665
64.905027,1111,20525.291546
75.779136,1000,20528.26331
91.83014,300,20528.930604
62.378493,1200,20531.415897
69.365438,978,20534.522039
82.347444,400,20535.361003
92.92179,200,20535.748797
93.582841,200,20536.160434
90.771075,300,20536.767821
79.881006,700,20539.169655
88.49602,200,20539.567108
69.104832,1040,20541.702882
62.43484,1026,20544.708407
88.101992,500,20545.721465
62.192055,1046,20547.85452
88.638365,300,20549.503982
84.536024,300,20550.148553
70.166331,1100,20552.425986
94.868325,200,20552.820541
92.203263,200,20553.21794
65.461082,1100,20556.393613
65.958385,1289,20559.94101
66.704497,1000,20561.945059
95.102165,200,20562.341352
67.843934,1200,20565.768305
63.44159,1197,20568.208348
89.393125,300,20569.815627
58.411964,1233,20572.445137
92.779585,400,20573.24895
70.623336,862,20575.945481
68.839748,1100,20578.167799
70.577243,900,20581.187352
97.441241,400,20581.988833
71.322076,1000,20584.044775
85.242416,300,20585.627411
92.406068,200,20586.075708
71.491904,900,20587.894283
84.023987,200,20588.340854
70.312782,1100,20591.481233
95.152967,200,20591.881022
69.291855,1100,20594.082967
86.71492,200,20594.489016
65.97432,1000,20597.45366
81.401591,300,20598.049403
69.448106,900,20600.850349
89.852316,200,20601.305589
65.338705,1271,20603.958393
72.430985,1000,20607.006764
80.818349,400,20607.816385
85.046994,200,20608.219712
89.792681,200,20608.64396
69.329186,1284,20612.268651
75.798981,600,20613.441144
71.550472,991,20616.475468
98.130205,200,20616.918689
64.586654,986,20618.94341
73.088137,1100,20622.133037
63.13051,1126,20624.415355
93.267616,200,20624.815917
94.939296,200,20625.252871
81.518732,400,20627.080498
94.757727,200,20627.522999
91.484725,200,20627.933391
67.635786,1121,20630.229192
90.604617,300,20631.815464
92.200405,200,20632.227921
65.190604,1100,20634.424469
76.459036,600,20635.631667
87.516392,200,20637.0461
89.97207,200,20637.451846
66.49554,1163,20639.822296
75.754979,600,20641.030807
87.671688,200,20642.397962
91.393192,200,20642.777641
64.145725,1200,20645.175575
85.652407,200,20645.57458
61.189243,1275,20649.35254
91.431396,200,20649.753097
81.89395,400,20650.543224
62.01452,1200,20654.114196
91.726851,200,20654.523813
93.533098,300,20655.119071
92.139669,400,20655.940019
95.824471,200,20656.333719
64.035803,1100,20659.515869
91.9412,200,20659.918237
60.497477,1282,20663.534232
96.675651,200,20663.945325
98.481225,200,20664.411703
68.962559,1112,20667.076713
98.204597,200,20668.974789
89.378444,200,20669.509806
88.296196,200,20669.99948
100.325985,200,20670.461876
88.538637,200,20670.94594
90.297338,200,20671.416583
62.702696,1000,20673.491093
60.420098,1266,20677.239749
61.854858,1100,20680.596449
63.5878,1200,20683.024266
91.174798,200,20683.4268
90.305754,200,20683.835631
66.601355,1252,20687.443806
86.540091,200,20687.844008
68.20061,1017,20690.877604
91.858124,200,20691.277092
66.404336,1000,20693.258077
88.150166,200,20693.653533
85.925043,300,20694.253941
61.012365,1240,20697.895395
65.028173,1000,20700.970228
94.380583,200,20701.409855
86.263766,200,20701.844385
64.416467,1100,20704.059587
94.114063,200,20704.461635
66.867978,1200,20708.06382
73.027608,1000,20710.07295
86.092178,500,20712.050184
71.881954,1000,20714.019433
69.789121,1200,20717.595093
93.712867,200,20718.010688
86.688688,300,20718.601172
86.412035,300,20719.217435
89.747702,200,20719.615679
82.521101,300,20720.230696
65.748764,1081,20723.485977
66.054493,1000,20725.486275
79.582613,500,20727.501262
88.339447,300,20728.161624
66.717373,1133,20730.473949
70.066272,1200,20733.85686
91.375661,200,20734.260029
102.295423,200,20734.65061
70.772901,1100,20737.822796
76.375077,900,20739.617168
93.901822,200,20740.034249
68.569096,1202,20743.489792
91.225976,200,20743.910829
75.592378,1200,20746.521467
94.758565,300,20748.077299
82.51167,300,20748.757943
72.90235,600,20749.972778
69.394833,1100,20753.11506
83.368835,200,20753.531844
89.624499,200,20753.934067
91.201112,200,20754.330408
76.135988,600,20755.542444
86.958491,200,20755.940573
61.978866,1200,20759.597975
91.809823,200,20760.028754
67.705051,900,20761.817943
92.386045,200,20763.181153
93.460043,200,20763.586175
73.261178,871,20765.328507
87.966084,200,20765.725024
92.259294,200,20766.1206
90.239413,200,20766.526547
90.91155,200,20766.962099
81.483893,500,20768.895155
88.328412,300,20769.5226
61.546675,1188,20771.94944
94.463788,200,20773.295224
72.795281,1000,20775.311079
79.163527,600,20776.519254
80.14561,600,20778.65589
68.288284,1100,20780.906524
88.05827,200,20781.3038
88.692102,200,20781.769831
82.013371,300,20782.353886
90.397952,200,20783.77666
71.05439,764,20785.466278
94.793696,300,20786.067463
86.813374,300,20786.730055
81.072018,200,20787.138191
83.057912,200,20787.547625
98.316182,200,20788.886632
86.928075,200,20789.308979
70.398839,1260,20791.889329
88.043013,300,20792.498851
64.706008,1200,20795.913448
91.8361,200,20796.36341
64.97584,1000,20799.637351
67.959912,1000,20801.763027
70.069799,1000,20804.691525
62.461874,1100,20806.904184
69.729106,1100,20810.08785
71.697332,900,20811.978132
93.840656,300,20812.586599
86.534745,200,20812.983811
66.794527,1000,20815.920198
93.188203,200,20816.303593
68.328313,1100,20818.523004
61.585876,1200,20821.907971
66.863789,900,20823.698086
71.214961,1012,20826.662428
63.624871,1253,20830.146401
71.026803,1000,20832.256361
95.164512,200,20832.652998
81.338212,500,20833.684305
91.477313,200,20834.076823
93.171927,400,20835.832618
89.015886,400,20836.610986
91.664554,200,20837.028188
69.991482,1000,20839.029241
61.082073,1082,20842.235829
85.910868,200,20842.630103
61.290484,1192,20845.985112
64.415783,1100,20848.16056
75.122414,765,20850.712848
99.677542,200,20851.185826
60.0664,1279,20853.90625
66.557177,1200,20857.398621
66.651483,900,20859.193448
71.004876,1000,20862.201737
68.123656,1100,20864.354935
84.078118,600,20866.585368
86.611041,200,20866.976956
67.789646,1100,20869.185573
97.881487,200,20869.575938
91.297944,200,20869.976815
87.204656,200,20871.384559
90.537926,400,20872.263849
90.513007,200,20872.690335
92.710721,200,20873.097221
64.690628,1000,20875.090822
91.29952,200,20876.500818
93.998906,300,20877.105924
91.073167,300,20877.706391
85.266167,200,20878.120502
93.769901,200,20878.512506
85.441967,300,20879.11182
86.313563,200,20879.51297
65.784093,1190,20883.030845
67.069011,1000,20885.017235
66.829181,1166,20888.423299
91.322983,200,20888.821564
72.991872,848,20890.501356
84.770643,400,20892.345104
88.043732,300,20892.944372
100.83623,200,20893.343654
62.772043,1200,20895.707811
86.666001,300,20897.264574
89.401461,200,20897.692728
66.892685,1207,20900.119961
90.552522,300,20900.708615
72.507767,1000,20903.858944
85.838595,300,20904.46829
71.517894,1000,20907.449598
85.969755,400,20908.410244
94.08651,200,20908.805927
67.471691,1141,20911.08155
89.571638,200,20911.479009
62.768829,1055,20914.692922
69.095761,950,20916.598334
95.739893,200,20918.209863
81.350444,700,20919.748942
92.020329,200,20920.160635
86.121174,200,20920.550153
90.9041,200,20920.954323
63.114719,1200,20924.565024
94.662443,200,20924.969331
93.708845,200,20925.364643
68.230698,1145,20928.633802
66.588431,990,20930.629269
87.126697,200,20931.027865
71.684305,1100,20934.169409
64.835314,1151,20936.476892
88.43844,500,20937.465837
90.46208,400,20939.355931
85.018149,500,20940.41326
66.061221,1178,20942.804637
74.270156,1143,20946.05669
92.233067,200,20946.437763
95.170294,300,20947.037006
97.620389,200,20947.444609
66.355823,1200,20950.935856
77.160098,900,20952.741578
64.689317,1208,20956.110538
77.791938,500,20957.116023
91.270316,200,20957.503225
94.889409,200,20957.903479
95.046608,200,20959.282385
90.014913,200,20959.697552
94.316038,200,20960.086787
67.033497,859,20961.888284
94.150864,200,20962.293319
91.872202,300,20962.906969
67.228739,1000,20966.004132
61.937324,1245,20968.547691
96.331902,200,20969.90835
91.114761,200,20970.318433
81.959725,400,20971.104139
64.600278,1100,20973.348234
62.689217,1268,20976.865781
67.024438,1126,20980.086963
-337.60246,20000,21029.279297
89.479791,200,21029.675538
68.025676,1138,21032.964512
87.972043,200,21033.36271
62.476889,1230,21036.789165
93.734257,200,21037.191983
80.394489,400,21037.991772
68.502485,1048,21041.032239
69.06899,1100,21043.251123
83.915529,300,21043.845922
61.181373,1227,21047.358821
65.40472,1200,21049.784124
92.70655,300,21051.334691
70.741859,1000,21053.344029
64.76627,1001,21055.349452
93.323179,200,21056.713675
65.71091,1173,21059.311351
89.836178,200,21059.739128
86.108115,300,21060.390302
96.293994,200,21061.785391
68.841378,1092,21064.110085
80.786541,400,21064.903411
93.190844,300,21065.496343
73.922095,1000,21068.468255
87.707886,200,21068.859861
96.887101,300,21069.476928
67.92298,966,21072.37587
81.231761,900,21074.246813
95.344975,200,21074.649097
60.897665,1185,21078.049042
87.772388,200,21078.448627
98.393148,200,21078.854409
88.827333,200,21079.296564
93.23898,300,21079.902341
84.898578,300,21080.503596
81.147201,200,21080.894914
93.837379,200,21081.300545
71.347173,1000,21084.474955
88.131401,200,21084.877544
95.552495,200,21085.27335
93.918251,200,21085.665323
88.039702,300,21086.28003
89.985891,300,21087.813531
67.680443,1200,21090.311441
77.911364,700,21091.696062
89.42735,200,21093.085679
70.161051,1300,21095.686085
92.150014,200,21096.086883
68.424384,1028,21099.155354
88.347617,200,21099.576708
92.805007,300,21100.19763
90.059794,400,21100.987433
90.12195,200,21101.380656
67.862735,1100,21104.529054
67.210184,1100,21106.754153
68.937022,1100,21109.966208
81.593589,200,21110.363724
71.162755,1000,21113.305953
69.166004,900,21115.13514
70.594353,900,21117.013197
66.712376,1130,21120.341402
77.303049,900,21122.167283
96.294498,200,21123.569046
77.72553,700,21124.980771
69.175301,1190,21127.497216
90.099433,300,21129.11326
83.25942,800,21130.754337
67.845877,1058,21132.864418
83.728088,395,21134.631194
88.075844,300,21135.218412
90.108063,500,21136.205146
95.141955,200,21136.602809
96.545943,200,21136.996406
93.581639,300,21137.573547
97.437613,200,21138.946311
61.494105,1000,21141.059574
97.049678,200,21141.46052
86.490939,300,21142.114696
90.970494,200,21142.524309
90.584594,200,21142.918684
64.315898,1100,21146.162738
79.685249,200,21146.564727
97.355205,200,21146.956843
62.681811,1100,21150.243051
85.532472,300,21150.848732
65.176792,1232,21153.315704
68.128195,1058,21156.513584
92.899154,200,21156.898336
66.878265,900,21159.875567
58.868294,1197,21162.385676
72.042978,900,21165.261672
63.199868,1169,21167.57666
72.773679,900,21170.376528
91.867248,200,21170.813267
86.485264,200,21171.249219
94.380921,200,21171.670896
97.375357,200,21172.074068
71.161503,900,21173.865548
67.970263,1200,21177.315501
90.653214,200,21177.70491
92.573015,200,21178.103948
65.431486,1200,21181.70933
71.181264,709,21183.181484
84.215787,600,21184.402277
64.024469,1100,21187.680124
73.907098,684,21189.027359
70.118382,973,21192.142524
61.749836,1223,21194.577804
73.926479,800,21197.538998
91.969494,200,21197.93911
60.602337,1188,21200.304053
89.943214,200,21200.707437
70.743188,1000,21203.844745
88.024845,400,21204.641516
89.849526,300,21205.256143
96.648269,200,21205.649591
88.129767,200,21207.004953
61.402212,1236,21209.567737
65.605006,1100,21212.877504
88.586512,300,21213.485208
90.321244,200,21213.879798
93.22825,200,21214.287753
92.079182,200,21214.680602
74.387826,817,21217.272429
69.026955,1015,21219.313284
74.745943,800,21220.899911
93.778688,200,21221.304581
67.174969,996,21224.398372
73.676272,900,21226.20087
89.547078,200,21227.641425
99.455098,200,21228.076311
94.509294,300,21228.773633
90.352221,200,21229.263343
94.858882,200,21229.663558
87.91663,200,21230.061408
61.931095,1159,21233.351751
93.649294,200,21233.740906
84.135238,200,21234.170783
91.561425,200,21234.575458
62.831046,1162,21236.973698
92.118506,200,21238.322636
81.133781,200,21238.751661
76.676555,800,21240.489477
79.698305,400,21241.305991
64.994748,1272,21244.827923
97.62749,200,21245.222194
88.953288,200,21245.644685
79.331076,500,21246.635735
62.156955,1100,21249.785348
95.99787,200,21250.192315
64.243443,1094,21252.363261
68.99249,800,21254.986605
91.587057,200,21255.412755
87.863662,400,21256.232312
92.054638,200,21256.624686
67.37037,1200,21259.963686
90.401291,200,21260.361176
90.083661,200,21260.785846
90.132946,200,21261.185722
91.611593,200,21261.608356
85.131386,300,21262.237415
86.226888,300,21263.766669
94.992164,200,21264.321881
89.728956,200,21264.799492
78.181373,700,21266.277506
63.82077,1135,21269.672618
62.899169,1000,21272.031662
66.974569,1199,21275.527788
70.728409,800,21277.169121
94.021917,200,21277.56178
95.077971,300,21278.151939
61.22478,1200,21281.511147
64.336298,1200,21284.900257
66.150925,1198,21287.416857
93.323468,200,21287.815885
88.630372,200,21288.215921
64.12137,1000,21291.204729
93.19177,300,21291.791293
63.508679,1200,21295.119446
90.631713,300,21295.756543
91.720527,300,21296.413198
89.33182,300,21297.027716
69.912185,1119,21299.274644
92.082641,200,21300.626011
80.9995,600,21301.85462
82.888248,300,21302.446138
100.201634,200,21302.850849
55.718191,1200,21306.335054
97.392453,200,21306.711943
73.021425,1182,21309.088309
91.155356,200,21309.485412
73.650229,1200,21312.98438
61.578397,1154,21316.254029
94.596082,200,21316.674493
92.907255,200,21317.069399
91.265621,200,21317.46047
77.509178,500,21318.44667
90.634514,200,21318.833654
88.417998,300,21319.483394
63.883246,1200,21323.005757
63.062437,1200,21326.372505
65.240002,1257,21328.849498
78.090076,800,21331.504757
70.039116,1200,21334.171018
90.507161,300,21334.755246
91.304693,400,21336.59317
94.803271,200,21337.002282
94.128194,200,21337.388836
68.653349,1255,21339.872165
66.647732,1100,21343.179041
94.306326,200,21343.58056
93.871027,200,21343.980525
88.077803,200,21344.377069
89.949351,300,21344.992616
78.303375,1000,21348.065612
74.355317,669,21349.393339
71.608558,1116,21352.664992
85.895028,200,21353.087241
90.440731,200,21353.470441
91.113932,200,21353.891246
69.755507,1000,21355.938626
70.46358,1100,21359.142692
79.241512,400,21359.939357
87.413554,200,21360.327999
89.2665,200,21360.722921
89.927813,200,21361.145689
98.663683,300,21362.739519
97.059886,200,21363.183446
68.437001,963,21365.15354
92.689864,200,21365.544373
72.490368,900,21368.363409
72.087342,900,21370.223491
73.392284,1000,21373.19581
62.569407,1200,21375.57536
60.088639,1066,21378.783523
96.355285,200,21379.208609
93.070893,200,21379.622531
93.218173,200,21380.037434
85.948749,300,21380.623431
95.806248,200,21381.035815
82.809039,400,21381.912381
71.812131,1100,21385.081879
75.343413,1000,21388.039638
61.151036,1200,21390.625582
76.809298,600,21391.812888
94.572831,200,21392.231426
84.412215,400,21394.070813
91.463805,200,21394.504314
65.85307,1100,21396.717864
65.203492,1000,21399.7063
67.29781,1251,21402.405258
75.901076,1100,21405.640435
96.147851,200,21406.039888
61.883839,1229,21409.473908
63.771761,1128,21411.703924
78.041307,600,21413.916175
85.605699,300,21414.519099
65.072643,1093,21416.735754
70.62523,900,21419.55618
82.557907,400,21420.365664
65.59378,1060,21422.502639
71.419626,1000,21425.573978
91.877155,200,21426.003827
89.675444,200,21426.401111
67.649039,1018,21429.473305
89.975644,200,21429.876398
100.375423,200,21430.282059
60.716516,1100,21432.496962
64.476999,1295,21436.040857
93.955786,300,21436.650287
96.321286,200,21437.051597
64.326564,997,21440.055995
87.610084,200,21440.490744
93.926188,200,21440.907085
91.136938,300,21441.526748
63.234182,1243,21445.085917
73.475092,1000,21447.065488
62.06425,1206,21450.583078
63.198941,1200,21453.056873
90.726182,300,21453.679032
96.315171,200,21454.081231
62.367957,1010,21457.12225
87.424732,300,21457.722294
88.329391,200,21458.148111
73.572119,1200,21461.564422
92.593168,400,21462.365238
61.08016,1200,21465.747932
66.231525,1226,21468.303668
95.772669,200,21468.74065
73.73808,582,21471.012224
64.990002,1270,21473.643964
60.683334,1200,21477.033576
70.711133,737,21478.713861
92.292056,200,21479.179893
69.249918,985,21482.131384
61.045898,1168,21484.489341
64.372855,1195,21487.939652
65.672434,1100,21490.187729
68.108678,1200,21493.623132
98.787124,200,21494.0327
70.400603,1200,21497.399097
60.822787,1193,21499.790946
89.4596,200,21500.183943
70.804647,897,21503.138869
87.025792,200,21503.533684
96.678811,200,21503.931217
71.756238,793,21505.503615
91.555115,300,21507.059115
66.146591,900,21508.881892
75.859459,1005,21510.969188
90.829753,200,21512.393163
57.39934,1199,21514.822674
65.747479,1221,21518.260156
66.442631,1200,21520.650981
94.571431,200,21521.046589
73.433691,1200,21524.523714
60.96689,1100,21527.764076
89.356851,300,21528.425954
76.300136,500,21529.505954
70.297109,1000,21531.510164
99.831295,200,21531.908311
90.29784,200,21533.317668
86.154988,200,21533.760235
67.762585,1005,21535.761253
84.862676,500,21536.75885
61.126205,1214,21540.353107
62.870118,1264,21544.029989
69.370301,1000,21546.117965
94.403333,200,21546.506825
63.592206,1134,21549.734402
86.695971,300,21550.339235
58.602504,1257,21553.781306
73.16516,900,21555.573636
93.250531,200,21555.965785
73.829931,813,21557.571577
72.9342,900,21560.422346
89.885492,200,21560.822752
93.666659,200,21561.226938
93.389363,200,21561.669584
69.661745,1200,21565.082834
76.893689,700,21566.455693
92.58121,300,21567.057807
89.272992,300,21567.653774
94.651432,300,21569.239431
67.787764,1192,21571.791808
91.836941,200,21572.182931
66.121537,1215,21575.633472
94.351035,200,21576.013636
84.846604,400,21576.810403
74.529173,1066,21579.870794
63.762024,1007,21581.91803
89.041457,200,21582.302947
63.258958,1100,21585.531101
68.874886,1200,21587.965039
68.886292,1130,21591.248268
99.511556,200,21591.646639
95.423897,200,21592.035891
87.722015,200,21592.442796
63.158004,1254,21595.887603
72.907604,700,21597.306928
92.414536,200,21597.741807
93.854319,200,21598.150466
87.619419,200,21598.543344
88.154592,300,21600.148088
89.967609,200,21600.559437
87.747056,200,21600.960493
98.246048,200,21601.359495
64.214314,1160,21603.668753
100.75589,300,21605.275874
61.708615,1192,21607.852951
91.473842,200,21608.268356
78.776226,400,21609.103942
65.947724,1131,21612.397464
66.06578,1034,21615.437171
69.519127,1000,21617.399117
88.252902,200,21617.812371
69.715212,1200,21621.279
94.810942,200,21621.739035
84.024692,500,21622.778583
92.31505,200,21623.188675
82.725538,200,21623.593622
67.298044,900,21626.380495
67.73281,1100,21628.630424
98.830567,200,21629.037752
88.4722,200,21629.426628
62.835142,1088,21632.735642
64.383328,1209,21636.171281
71.154895,1000,21638.156807
67.89031,1037,21641.240389
92.63401,200,21641.65288
69.846608,1000,21643.66416
90.697133,200,21644.055527
73.460036,800,21646.786803
93.492734,200,21647.238772
64.780064,1277,21649.824744
64.093907,1000,21652.8107
92.452989,200,21653.199794
84.184872,300,21653.793293
76.624251,1000,21656.78182
61.545334,1200,21659.266043
71.320533,1000,21662.243036
66.077343,1123,21664.478341
64.218334,1214,21667.9951
69.063793,1100,21670.191362
82.717697,300,21670.799702
87.437729,300,21672.569539
96.618874,200,21672.967633
91.059924,200,21673.367066
60.153496,1190,21675.738075
92.657076,200,21676.232752
58.188489,1183,21679.69892
74.383158,1100,21683.007505
84.170066,400,21683.83174
69.514184,1100,21686.048857
92.020802,200,21686.441905
89.249727,200,21687.799039
71.971057,1100,21690.089872
92.086195,200,21690.48586
87.373651,400,21691.365466
95.735116,200,21691.753992
70.229295,1200,21695.130225
91.17413,200,21695.523036
86.070588,200,21695.903623
80.851187,600,21698.111503
95.013417,200,21698.524747
65.681485,1030,21700.557792
74.363796,1200,21704.011114
87.99675,200,21704.420584
70.839679,1010,21706.440379
62.535336,1076,21709.672016
95.19516,200,21710.08291
67.94003,1000,21712.106374
87.95287,200,21713.458717
91.071147,200,21713.869503
90.716693,200,21714.283149
83.904556,600,21715.476442
66.571909,1000,21717.447322
89.445187,200,21718.838515
82.181445,400,21719.698121
82.972662,400,21720.499652
74.006615,1000,21722.526782
92.543167,200,21723.897843
97.78091,200,21724.344422
65.415089,1000,21726.415074
94.156579,200,21726.814292
84.63846,200,21727.213606
90.257876,200,21727.611997
89.266571,300,21729.186828
94.794183,300,21729.773483
68.753113,1000,21731.784552
80.546525,500,21732.763743
80.72668,300,21734.330638
96.113755,200,21734.76614
93.834978,300,21735.434555
92.048121,200,21735.832011
87.951041,400,21736.631011
94.289312,200,21737.031695
92.877822,200,21737.42811
79.439353,300,21738.014277
94.985659,200,21739.361125
75.655219,700,21740.863086
91.950234,200,21741.28853
89.560477,200,21741.737778
91.380609,200,21742.173353
92.746717,200,21742.567211
83.455067,400,21744.451897
64.22773,1100,21746.862072
94.172717,300,21747.459535
75.353528,600,21748.639154
71.230024,1100,21751.869596
66.232475,1100,21755.044824
67.641178,1200,21757.548951
83.09459,400,21758.343271
88.684294,500,21760.283526
94.841843,200,21760.678288
90.799394,300,21761.269546
97.588047,200,21761.691379
65.757313,1036,21763.768528
76.80073,769,21766.342831
89.930092,200,21766.73528
90.815907,200,21767.146926
88.751708,300,21767.773232
84.43879,400,21768.569154
93.627104,200,21768.979493
93.935168,200,21770.314884
72.418924,1100,21772.661417
91.647402,200,21773.064049
93.802946,200,21773.461621
68.690879,1036,21776.487903
94.960127,200,21776.87604
67.76879,900,21778.67032
66.833154,998,21781.626386
78.705757,500,21782.64448
69.914688,1000,21785.750971
65.26584,1200,21788.185015
66.412573,1140,21791.51084
68.336019,869,21793.234847
89.50295,300,21793.883522
98.586482,200,21794.323425
89.884775,300,21794.919423
90.237996,300,21796.499459
98.949931,200,21796.875957
74.222788,800,21798.472167
62.834247,1234,21802.07408
95.102131,200,21802.489972
79.000589,500,21803.512944
93.913456,400,21804.307771
78.157102,1000,21807.284827
79.120727,600,21808.479338
65.48494,1199,21811.86713
65.67811,1100,21814.234383
91.491736,300,21814.857763
83.889242,700,21817.353441
83.703699,700,21818.734351
68.678549,1100,21821.898391
71.598628,1000,21823.909018
97.915929,200,21824.30372
88.52896,300,21824.881958
62.45294,1247,21828.443677
93.396768,200,21828.870117
86.546408,500,21829.859411
93.164431,400,21830.653679
91.635797,200,21832.111173
90.838211,200,21832.550356
99.967933,200,21833.018924
96.371113,200,21833.432281
94.165842,200,21833.831787
86.673169,400,21834.643718
-329.481339,20000,21885.084885
68.454571,1044,21887.170002
96.092531,300,21888.816771
93.685136,200,21889.263751
85.61124,300,21889.935778
70.602616,1000,21891.990959
71.697058,900,21894.783982
96.114563,200,21895.224367
61.856177,1191,21897.62947
95.711834,200,21898.037313
65.530761,1231,21901.508564
69.541729,1100,21904.655311
91.937672,200,21905.051017
89.756148,200,21905.443007
80.02651,900,21907.2505
70.939343,1300,21910.885085
62.462519,1000,21912.899096
92.373574,200,21913.302723
95.262647,200,21914.643615
88.376723,200,21915.08618
68.139298,1100,21917.368812
76.322138,700,21919.737254
71.014382,944,21921.744323
58.621235,1200,21925.263833
86.390512,200,21925.663374
93.313075,200,21926.073104
72.726136,1000,21928.102997
66.944381,900,21930.821383
64.437322,1265,21933.332371
93.445685,200,21933.747601
70.595607,1000,21936.797165
88.617483,300,21937.391544
93.621658,200,21937.825174
88.832101,300,21938.441485
91.741218,200,21938.832447
65.626843,1233,21942.236682
69.247248,1100,21945.404919
62.970341,1139,21947.672206
74.476141,900,21950.434849
69.706229,1200,21953.05317
94.888977,200,21953.458874
89.524169,200,21953.88274
90.176912,200,21954.322844
97.023963,200,21955.678088
88.692544,200,21956.081653
74.58609,859,21957.797547
93.840902,200,21958.177634
59.446704,1128,21961.440368
74.473274,700,21962.895311
71.686923,1000,21965.875651
66.654765,900,21967.674684
76.087907,900,21969.473831
83.052216,400,21971.22364
74.760481,1100,21973.405354
92.25714,200,21973.800425
65.623927,1100,21977.075345
77.419608,1000,21979.07792
83.109984,400,21979.872784
66.200838,1100,21983.118331
98.340092,200,21983.517977
72.418139,300,21984.134508
93.436537,300,21984.723145
97.515751,200,21985.12893
90.982156,200,21986.500072
90.162521,200,21986.949856
70.021005,900,21988.802927
92.673029,200,21989.197574
90.836653,300,21989.788191
69.322494,1000,21992.7324
80.685677,400,21993.544807
96.13426,200,21993.946069
66.167249,1100,21997.184143
89.711394,200,21997.620242
56.798067,1097,21999.845168
59.927647,1100,22003.235879
71.115004,1000,22005.220541
93.981704,200,22005.609457
89.132906,200,22006.975099
71.954418,1000,22009.103712
95.355463,200,22009.498997
66.986699,1245,22013.030223
86.801563,200,22013.427082
97.389966,200,22013.81708
60.855778,1200,22016.22586
65.786117,1077,22019.340249
98.914043,200,22019.730945
69.322546,1100,22023.135446
70.854258,1100,22025.346517
96.436304,200,22025.743822
98.07372,200,22026.139713
73.692065,600,22028.297354
72.30375,800,22029.918645
86.667953,400,22030.720542
73.580791,1200,22034.315013
91.695505,400,22035.141835
93.848269,200,22035.541239
90.37891,200,22035.937199
82.436459,200,22036.332013
80.957811,600,22038.563694
81.637291,800,22040.206141
65.575722,1096,22043.416443
65.673925,1175,22045.779224
89.916136,300,22046.377581
89.253674,200,22046.772537
91.513652,300,22048.348788
87.629033,200,22048.745944
89.957429,200,22049.204722
70.166252,1000,22051.448379
93.115129,200,22051.84268
99.510638,200,22052.245628
96.453401,200,22052.635172
100.195439,200,22054.003585
68.628818,1059,22056.145157
70.636723,800,22058.753112
90.497776,200,22059.164428
94.310043,300,22059.751685
69.295365,1100,22061.94494
90.176798,200,22062.33659
86.658568,400,22064.147225
64.713631,985,22066.181268
65.543189,1200,22069.549178
65.931521,1100,22071.738988
89.267641,300,22072.339637
87.90543,300,22072.936765
69.451144,1000,22075.936176
80.678153,300,22076.535859
60.707743,1200,22079.934648
59.397023,1263,22082.533069
61.782385,1200,22085.89307
65.70994,1100,22088.103382
90.591703,200,22089.631228
87.138214,200,22090.079305
74.529824,808,22091.728162
73.133038,1000,22094.663085
95.912278,200,22095.077725
67.00183,1100,22097.252275
94.236306,200,22097.644415
66.947401,1100,22100.914182
80.960505,600,22102.179802
-326.844067,20000,22152.266877
86.007574,300,22152.865793
87.003733,200,22153.268806
87.279672,300,22153.863298
90.839116,200,22154.252082
86.186609,200,22154.646837
75.634487,500,22156.623245
91.941802,500,22157.624503
87.046676,200,22158.142278
95.835273,200,22158.585517
98.347231,200,22159.059383
67.973231,1142,22162.376061
76.493515,300,22162.97271
91.02154,200,22163.36587
86.933174,200,22163.782242
87.226545,200,22164.185783
72.639172,900,22167.022488
90.378018,200,22167.459885
65.055734,1092,22169.653799
65.929418,948,22172.559621
72.307826,900,22174.387604
90.21233,300,22174.98766
95.828125,200,22175.386483
59.657329,1136,22178.653856
95.457293,200,22179.06517
88.605298,300,22179.674047
70.687487,900,22182.475028
61.677626,1251,22184.987677
73.595518,600,22187.179408
59.389673,1200,22189.626714
82.732703,1000,22192.654428
84.617168,200,22193.042078
69.31738,1032,22195.145321
98.305684,200,22195.541879
67.635131,1100,22198.806231
90.680442,200,22199.248298
69.405798,1000,22201.265117
85.829938,300,22202.79667
103.665838,200,22203.225624
70.233203,700,22204.690232
86.704411,200,22205.096293
65.911209,1100,22208.322565
93.065515,200,22208.744301
93.399343,200,22209.163723
84.737079,300,22209.803039
67.100016,1100,22212.954465
71.12226,832,22214.594225
78.856519,400,22215.401222
91.413043,200,22215.795898
70.248115,900,22218.630367
90.645966,300,22219.269769
89.392107,200,22219.664728
69.670135,703,22221.067235
93.567171,200,22221.474115
85.897852,400,22223.314167
91.58508,300,22223.913513
90.752556,300,22224.5141
59.453331,1200,22227.133656
89.312103,200,22228.551758
88.96236,200,22228.985279
79.962602,300,22229.594871
85.359752,200,22229.999343
60.039141,1151,22232.291281
61.18132,1200,22235.744315
69.811911,1138,22239.03718
77.116917,700,22240.465971
96.428598,200,22240.856077
68.535981,1100,22243.999542
95.396713,300,22244.595978
92.836403,300,22245.197045
68.801343,878,22246.922486
58.097121,1245,22250.516528
64.276454,1245,22253.971905
56.857955,1139,22256.217951
85.511985,300,22256.804954
101.116746,200,22257.214742
61.053107,1200,22260.696049
62.594768,1177,22263.01395
91.056056,200,22264.4006
89.548957,200,22264.791856
64.516009,1186,22267.128865
62.025875,1223,22270.657934
91.413898,200,22271.074187
90.940937,300,22271.670797
81.352341,300,22272.270337
70.47593,900,22275.106622
95.968691,300,22275.703971
74.810619,1124,22277.94027
74.187585,900,22280.813342
89.214147,200,22281.2195
86.924093,300,22281.852296
90.334762,300,22282.506276
70.883307,1200,22285.942111
74.654353,900,22287.732516
62.11375,1225,22291.16611
91.998442,200,22291.559317
96.260898,200,22291.96899
83.326177,400,22292.757277
90.174639,300,22293.346143
77.747934,800,22296.133241
63.289837,1200,22298.550333
74.873767,594,22300.758188
66.749677,1100,22302.944276
76.630243,806,22305.538763
64.098964,1200,22308.050418
71.269853,900,22310.842302
85.051377,400,22311.659925
89.745571,200,22312.056564
92.009896,200,22312.444321
77.807738,600,22313.635236
96.016925,200,22314.035208
92.682136,300,22315.569887
92.61484,200,22315.988782
78.869436,400,22316.770269
93.333519,200,22317.181508
87.060088,300,22317.782381
71.189187,1200,22321.144452
97.36162,200,22321.5555
57.961609,1186,22323.997498
74.982961,1000,22327.013175
67.368217,1000,22329.071171
64.311489,1194,22332.560746
90.193305,200,22332.971997
86.800798,300,22333.577173
91.318175,200,22333.988881
102.407886,200,22334.386255
65.845835,1200,22337.751781
97.73879,200,22338.167398
62.228825,1200,22341.527418
70.110537,1100,22343.788369
68.611449,900,22346.543384
89.591611,300,22347.141378
65.456285,1300,22349.750561
95.11028,200,22350.149689
68.468174,704,22352.589268
87.700348,200,22352.979564
101.041441,200,22353.37383
64.424113,1100,22356.663753
96.194563,200,22357.084403
67.023652,1100,22359.373443
75.798859,1000,22362.432283
86.215314,300,22363.025636
69.336506,1200,22365.645562
95.798003,300,22367.297343
82.091035,400,22368.103277
71.870183,997,22370.113846
90.343566,200,22370.537563
90.253075,200,22370.931057
81.069253,500,22372.937567
64.526429,1200,22375.313411
88.036483,200,22375.722223
87.72182,200,22376.122716
89.58655,200,22377.524402
95.581684,200,22377.936484
89.869429,200,22378.330596
67.21405,900,22380.204649
93.096102,200,22380.626079
86.379801,200,22381.046359
94.376893,200,22381.445819
88.690507,200,22382.795314
85.171297,580,22383.966483
79.202472,900,22385.752673
98.516936,200,22386.157944
100.260373,200,22386.563997
93.350169,200,22387.960907
85.754216,200,22388.345928
73.534671,589,22389.535625
64.337085,1258,22393.081814
95.372903,200,22393.523926
65.275423,1000,22395.542117
95.28823,200,22395.925693
71.961612,1000,22399.005452
66.42303,1100,22401.206482
72.150853,1160,22404.843207
62.339281,1269,22407.376447
90.92574,200,22408.77279
89.641375,300,22409.504223
87.2157,200,22409.921127
70.195861,910,22411.751236
71.791734,900,22414.669595
85.467913,300,22415.285112
90.520169,200,22415.692103
86.055771,200,22416.100049
84.206132,400,22416.89983
66.00631,1200,22420.41126
65.585642,997,22422.441502
69.842993,1200,22425.94796
65.367889,1117,22428.190846
94.595188,200,22429.605119
93.378981,200,22430.028109
95.629209,200,22430.45899
94.084649,300,22431.119795
95.480937,200,22431.508253
87.845661,200,22431.919894
65.473876,900,22433.9284
61.112674,1253,22437.506362
94.811268,200,22437.920491
82.435421,400,22438.713669
63.602005,1100,22442.025625
99.494175,200,22442.420708
69.90956,800,22443.998645
92.389134,200,22445.465041
98.596706,200,22445.873766
83.887492,200,22446.312527
64.700081,1199,22448.719737
81.14828,800,22451.467091
87.625323,200,22451.875945
92.817903,200,22452.288003
91.340436,200,22452.691599
71.959417,800,22454.271288
91.363619,200,22454.674973
85.074236,500,22456.641949
68.434167,939,22458.497554
94.269054,200,22458.892623
92.707412,200,22459.290937
65.682537,1200,22462.845296
92.085008,200,22463.237899
62.493927,1200,22466.626089
92.616191,200,22467.054233
58.239753,1100,22469.285462
79.034183,500,22471.340604
98.048951,200,22471.763043
67.770933,1100,22473.925579
74.154809,800,22476.524314
83.769916,300,22477.203313
74.608549,990,22479.202367
97.061327,200,22479.596459
69.834786,992,22482.70072
71.960058,700,22484.13465
90.397217,200,22484.559045
91.458363,200,22484.96437
99.004133,200,22485.385326
86.757217,200,22485.789883
88.301831,400,22487.563152
96.434227,200,22487.975219
66.058785,1229,22490.412678
63.884663,1263,22494.06691
65.369667,1199,22497.414086
83.823275,200,22497.813344
90.688136,200,22498.224638
69.167152,1100,22500.425086
63.396613,1224,22504.190006
79.928548,600,22505.390201
62.566416,1000,22508.325026
96.214197,200,22508.718876
64.660449,1181,22511.101422
90.789855,200,22511.486317
64.960463,1186,22514.87891
54.436968,1200,22518.233093
89.19278,200,22518.627879
91.709528,300,22519.237948
90.73085,400,22520.048137
72.79015,700,22521.444589
85.706106,400,22523.33464
76.622177,800,22524.94559
94.863545,200,22525.344717
67.128661,1000,22528.278937
83.394928,400,22529.069724
93.400477,200,22529.461687
88.681073,500,22530.626397
91.009783,300,22531.231918
66.595404,1285,22534.768525
91.163265,200,22535.166681
71.478707,900,22536.964378
90.059369,200,22538.297083
68.036232,1071,22540.55466
83.556465,200,22540.972306
72.503087,771,22543.518335
88.991841,200,22543.919656
96.202273,300,22544.51138
93.043322,200,22544.913657
80.399287,500,22545.905516
95.634977,200,22546.31707
77.881465,900,22549.372238
87.674378,400,22550.234686
96.66715,200,22550.658565
86.249438,400,22551.479042
82.5359,404,22552.319508
84.005795,500,22554.267987
77.686118,900,22556.060804
90.352909,400,22556.861382
66.857003,1107,22560.14443
75.884256,884,22561.894608
67.380637,1000,22564.97162
61.733712,1100,22567.174672
76.619603,700,22569.535118
64.802173,1200,22572.193403
66.388262,1270,22575.699874
91.167263,200,22576.105463
88.289327,300,22576.687571
65.670632,1131,22579.882026
82.992742,300,22580.544099
64.568957,1200,22583.117196
96.065304,200,22583.527561
85.387589,200,22583.932306
64.564325,1013,22587.0034
85.353073,300,22587.603068
68.783061,1135,22590.874432
77.755035,1000,22592.886959
90.337706,200,22593.282092
69.166635,1221,22596.748803
63.915366,1079,22598.875516
69.773359,1100,22602.169412
97.324098,200,22602.607653
62.625428,1242,22606.136379
93.865035,300,22606.748899
66.120781,980,22608.71397
79.801738,600,22610.887513
62.062408,1192,22613.402977
70.80089,1000,22616.366796
64.649722,1200,22618.842134
91.036191,300,22619.432406
72.783779,800,22622.096009
62.399902,1126,22624.370301
76.755457,300,22624.972304
62.376081,1196,22628.299051
96.604479,200,22628.688202
69.09694,1242,22632.211929
90.329221,300,22632.858429
69.171239,900,22634.66386
91.90341,200,22635.057965
89.739494,200,22636.39218
91.412877,300,22637.022818
82.33916,600,22638.201552
91.592556,300,22638.915231
70.022341,963,22641.931698
73.254144,1000,22644.006832
91.477459,300,22644.600155
93.638887,200,22644.994265
85.975404,400,22645.773879
83.954734,400,22647.759444
72.612919,900,22649.57831
96.23436,200,22650.011046
85.921174,400,22650.808289
92.974596,200,22652.188954
70.454842,1189,22654.579307
89.827699,200,22654.980206
63.982914,1247,22658.49715
66.292123,1021,22660.5195
91.858316,200,22660.921421
89.258889,200,22662.281865
66.377635,1087,22664.514931
66.894005,700,22665.90841
88.95248,200,22666.313347
67.046384,1059,22669.469225
90.672748,200,22669.851151
81.155182,400,22670.662772
72.304108,900,22673.492849
65.771195,1084,22675.710868
82.347763,300,22676.314452
94.441506,200,22676.703591
93.514386,300,22678.270847
71.273436,1100,22680.468902
68.752374,1000,22683.533707
67.682254,749,22685.07204
77.053897,400,22685.957451
83.794331,400,22686.879934
87.993835,300,22688.660249
73.269454,1100,22691.548422
91.494925,300,22692.149243
96.244274,200,22692.604732
89.691666,300,22693.286795
67.05672,1161,22696.840647
86.456883,300,22697.585508
91.154722,300,22698.326319
81.851563,400,22700.219554
85.338409,300,22700.830587
89.424125,400,22701.692357
90.069754,300,22702.472545
62.48699,1200,22706.737414
61.098151,1100,22709.527237
80.184305,700,22712.786319
67.942296,1100,22715.791414
-332.03657,20000,22769.59126
89.264426,400,22770.558849
88.109602,200,22770.967309
65.734046,1212,22774.401015
71.452102,1000,22776.476592
92.47063,200,22777.027239
82.612874,200,22777.460525
86.018708,200,22777.8965
95.198451,200,22779.25134
89.514843,300,22779.850832
92.892054,200,22780.25594
83.991048,800,22781.860977
70.051351,1200,22785.278576
65.133013,1248,22787.804613
86.706989,200,22788.198291
89.369857,200,22789.563855
96.32579,200,22790.012995
94.665198,200,22790.472676
86.309129,600,22791.706536
71.503842,900,22794.486442
93.875011,200,22794.892543
76.68172,700,22796.307458
65.656077,1000,22798.32755
79.1891,500,22800.342413
66.452491,1000,22802.370676
79.763399,200,22802.767622
89.010169,200,22803.166153
93.416949,200,22803.562016
84.595633,200,22804.942137
88.415747,400,22805.727628
60.795126,1114,22808.048066
72.645773,1254,22811.500957
91.982004,300,22812.100972
96.361277,200,22812.499803
73.527721,1000,22815.508854
76.317876,500,22816.514775
91.055254,200,22816.906084
73.901962,900,22818.733271
75.540409,800,22821.350379
74.80515,800,22823.018259
96.388968,200,22823.420602
93.257124,300,22824.026611
69.628445,1000,22827.117893
61.901634,1151,22830.367436
74.648026,700,22831.808829
69.675217,1200,22834.192422
90.791276,200,22835.567978
93.991693,200,22835.968301
74.212991,600,22837.175583
67.028389,1187,22840.463451
62.856239,1156,22842.893332
90.225615,300,22843.490561
66.558594,1200,22847.152437
88.258382,200,22847.557428
95.791207,200,22847.977684
74.43114,603,22849.17889
81.878535,500,22851.191271
62.366902,1169,22853.561581
89.811619,300,22854.149499
93.87729,300,22854.731951
96.288999,200,22856.116934
68.788042,1000,22858.239086
61.608567,1138,22861.480684
72.997896,1000,22863.457807
63.512109,1100,22866.626324
69.054431,1136,22868.990368
98.977411,200,22869.37601
68.963728,1100,22872.522917
94.638846,200,22872.927447
95.790111,200,22873.329163
94.669444,200,22873.724998
88.473985,300,22874.350366
73.159827,900,22877.14472
88.877519,200,22877.533879
91.633336,200,22877.923089
60.385035,1061,22880.027867
63.95639,1178,22883.478531
71.199227,900,22885.319586
64.372436,1200,22888.797356
93.006969,200,22889.203743
95.013435,300,22889.807422
97.960137,200,22890.203557
83.175289,400,22891.125829
94.021993,200,22892.724355
72.415525,989,22894.711678
88.903884,200,22895.119699
70.382172,1100,22898.412913
82.167459,500,22899.434239
98.932848,200,22899.826796
90.978653,200,22900.216788
87.720176,400,22901.016763
88.112082,500,22902.971707
66.279406,1200,22905.40295
87.60876,300,22906.023529
95.526657,200,22906.421498
88.921084,200,22907.800251
97.287476,200,22908.188574
97.254992,200,22908.60124
64.147857,1200,22910.996671
68.614526,900,22913.817614
59.599314,1186,22916.399474
96.322042,200,22916.789965
83.857119,400,22918.575161
62.982403,1133,22920.843947
92.077257,200,22921.262008
65.414006,1222,22924.736347
92.830378,400,22925.579487
94.011818,200,22925.976223
63.288399,1000,22928.949138
94.009141,200,22929.344313
86.988138,200,22929.728178
86.621591,300,22930.323613
83.322285,200,22930.740357
88.183597,300,22931.339767
89.651825,200,22931.731329
89.652371,300,22932.328982
91.429312,200,22933.681906
71.856625,906,22935.57188
95.046407,200,22935.993002
64.867388,1100,22939.494136
82.814249,400,22940.481004
61.050087,1142,22943.370754
70.553247,1100,22947.41268
61.290607,1162,22950.03096
92.813115,200,22951.588559
88.891082,400,22952.572211
96.201818,300,22953.248354
65.395101,1256,22957.160174
69.764824,1000,22959.179513
72.730141,860,22961.003583
70.725357,1200,22964.972647
73.695482,800,22966.593486
83.950952,300,22968.517855
95.04773,200,22968.927255
87.873049,200,22969.323751
63.741233,1128,22971.572235
58.454316,1200,22974.928434
84.411992,300,22975.516638
96.098728,200,22975.928877
87.20508,300,22976.520442
89.950535,400,22978.293313
83.490852,500,22979.401205
71.70046,970,22981.350657
68.109257,1212,22984.980321
73.412232,1000,22987.138988
72.620421,895,22990.000423
96.860135,200,22990.381207
91.667189,300,22990.975847
58.495242,1216,22994.327337
70.113122,900,22996.174012
75.722215,900,22997.945969
66.120208,1000,23000.946939
78.413854,500,23001.972492
65.472864,1000,23005.271494
90.392056,300,23005.858644
90.728037,200,23006.280437
59.131961,1184,23008.636056
99.951905,200,23010.060369
97.3363,200,23010.516101
92.070274,200,23010.93451
94.100572,200,23011.337777
92.26495,200,23011.74715
86.368946,400,23012.60973
68.787614,1200,23016.00747
94.860371,200,23016.415943
65.166439,1018,23018.466439
91.130461,300,23020.094307
97.94372,200,23020.504388
75.060002,600,23021.720377
93.504566,300,23022.329509
85.808775,300,23022.928697
64.065626,1176,23026.337739
63.821546,1100,23028.616222
89.996916,200,23029.022237
85.906169,400,23030.803274
88.462669,300,23031.498003
85.632661,400,23032.36975
67.998573,1100,23034.583369
96.48986,200,23035.939735
87.903262,700,23037.453402
69.63349,1000,23039.476182
90.120255,400,23041.246188
100.520132,200,23041.675589
88.166971,400,23042.625282
90.540999,200,23043.03804
88.654686,300,23043.625908
60.858961,1198,23047.265654
71.599172,900,23049.117479
69.857082,1046,23052.274899
78.731616,600,23053.606096
91.869837,200,23054.014637
91.314392,300,23054.607882
58.985168,1189,23057.984765
84.234853,200,23058.364117
63.427349,1200,23060.787218
76.525646,700,23063.22478
93.975403,200,23063.628191
69.645989,1000,23065.677278
89.465807,300,23067.278126
68.272401,1000,23069.297766
89.423251,200,23069.682395
95.362509,200,23070.091562
96.248534,300,23070.683774
89.933031,200,23071.081431
86.633104,300,23072.637898
77.670815,1000,23074.621279
65.986429,1136,23077.90867
70.797259,1000,23080.113124
82.788392,400,23081.044323
61.031937,1236,23084.807308
94.741865,200,23085.221057
61.761504,1221,23088.730866
77.918676,800,23090.346569
67.868549,1241,23093.830549
85.933764,300,23094.450953
89.836809,200,23094.853151
92.190619,200,23095.256064
62.744214,1205,23098.707158
89.039736,200,23099.115957
70.405589,694,23100.49783
85.86305,200,23100.885773
85.961764,400,23101.69173
84.661565,300,23102.286322
89.326503,400,23104.03728
92.385082,200,23104.423635
87.745639,200,23104.820447
64.306318,1200,23107.231055
76.719311,800,23109.896887
78.630863,500,23110.896908
88.439521,200,23111.283525
66.987053,1197,23114.692735
72.630502,1100,23116.94786
66.60531,1200,23120.452317
71.049638,1100,23122.917739
68.989476,1100,23126.104664
68.659812,878,23127.907991
93.629708,200,23128.325071
68.457997,1100,23131.51264
92.906185,200,23131.939362
56.251097,1193,23135.407459
66.535,1161,23137.717024
74.788105,700,23140.209349
86.400502,300,23140.861435
91.332031,200,23141.270453
96.674753,200,23141.673487
69.694536,1177,23145.002048
64.670276,1100,23147.216063
96.613673,200,23147.639003
81.519238,400,23148.416637
70.85551,900,23151.277253
66.530087,1100,23153.458743
77.149685,900,23156.658317
90.480049,200,23157.060884
93.607372,200,23157.480788
64.851679,1000,23159.481519
68.044943,1000,23162.548907
89.79561,200,23162.964156
63.373711,1200,23166.310262
64.336943,1200,23168.684103
71.997,1000,23171.681161
66.937642,1100,23173.922979
89.373999,200,23174.3265
88.210161,200,23174.712995
90.702957,300,23176.310836
88.392574,200,23176.739723
62.069849,1263,23179.288038
88.894197,200,23179.683109
91.663523,300,23181.266117
64.889249,1009,23183.340595
89.737232,300,23183.937352
56.566221,1096,23187.092529
62.958507,1200,23189.464831
93.485332,200,23190.008331
64.766424,1200,23193.459274
87.9242,200,23193.852806
66.970777,1200,23197.26779
85.915062,200,23197.697686
79.890204,400,23198.510247
92.367975,200,23198.92282
96.646656,200,23199.326934
95.490459,200,23199.72563
74.324177,834,23202.366923
78.520162,400,23203.210705
62.545738,1100,23205.373798
94.876613,200,23205.763033
66.455682,1213,23209.336792
95.777638,300,23209.946394
60.259104,1200,23213.32364
68.416939,1000,23215.285122
88.438687,200,23215.689979
66.855812,1134,23219.025976
87.367874,300,23219.608053
86.235194,300,23220.222341
91.797329,300,23220.837859
75.9576,700,23223.190862
86.461779,400,23223.999545
59.576243,1000,23225.961931
66.438459,1100,23229.121802
71.504908,1194,23232.491761
86.828911,200,23232.932831
80.949778,400,23233.770433
96.991668,200,23234.190833
93.076111,400,23235.007713
71.114572,800,23236.619524
62.408532,1100,23239.800707
95.272645,200,23240.218225
62.890031,1042,23243.416341
98.335986,200,23243.82987
74.444904,900,23245.657446
66.097258,1100,23249.064904
90.961585,200,23249.449999
59.10782,1269,23252.007818
68.836338,1105,23255.178458
69.765905,700,23256.625281
87.582797,400,23258.412338
71.849052,800,23260.21151
70.578583,1000,23262.260599
66.800874,900,23265.04801
58.553923,1200,23267.456534
94.327153,200,23268.850776
64.262463,1170,23271.310261
69.605944,1071,23274.422578
61.271299,1100,23276.620124
93.413079,200,23277.016809
85.050363,400,23277.826811
83.458166,300,23279.390298
67.831833,1200,23281.785977
71.469921,1076,23284.876789
95.183141,200,23285.275967
65.410219,1100,23287.458278
65.72206,1091,23290.706662
64.129013,1163,23293.050788
86.140245,300,23294.634753
74.535758,1000,23296.601741
69.869494,989,23299.613756
87.765131,200,23300.042218
67.151542,1000,23302.181826
65.154112,1210,23305.586332
63.308271,1135,23307.819682
90.002841,200,23308.220647
92.059115,200,23308.614501
78.316041,800,23311.258183
63.422892,1234,23313.715948
93.562849,300,23315.29826
92.230915,200,23315.720392
90.572541,300,23316.372708
72.871405,1000,23318.382865
57.945118,1207,23321.881415
85.860521,200,23322.282005
91.432297,300,23322.89102
93.04525,200,23323.295619
78.099813,800,23325.899174
73.154401,1100,23328.276876
93.542669,200,23328.708397
93.620523,300,23329.371319
58.407244,1200,23332.774326
93.647193,200,23333.168488
92.0165,200,23333.554501
93.276585,200,23333.968036
84.74115,400,23335.696996
92.589441,200,23336.193513
62.564232,1169,23338.57192
69.620153,1028,23341.777427
69.073191,1142,23344.047841
73.139488,900,23346.790913
95.007543,200,23347.184056
88.734692,200,23347.568563
65.276275,1187,23349.925261
97.136145,200,23351.372817
95.209691,200,23351.797123
93.43435,300,23352.446291
73.402427,1100,23354.618299
90.840885,200,23355.004105
70.483344,900,23357.800668
67.247288,1123,23360.12113
66.752469,1200,23363.604192
64.159598,1100,23367.019188
91.679598,200,23367.561441
84.567859,200,23368.010893
93.253659,200,23368.418398
95.093303,200,23368.823447
98.233456,200,23369.233327
89.616512,200,23369.64084
74.146434,1000,23372.639045
90.574061,200,23373.090183
71.598205,894,23374.911046
69.590942,1100,23378.063994
87.671169,400,23378.865731
80.47985,500,23379.876564
61.159785,1232,23383.345488
83.524715,300,23383.99808
91.981119,200,23384.40177
72.251231,725,23385.851717
69.934615,1100,23389.168504
70.733997,895,23390.976717
75.01378,1000,23394.043352
92.787318,200,23394.44361
92.191568,200,23394.865886
83.892522,200,23395.264593
71.466264,1000,23398.569073
66.17944,1013,23400.641737
68.388316,1258,23404.122054
71.153178,900,23405.921275
97.534402,200,23406.317795
92.024276,400,23407.113814
93.172978,200,23408.462655
58.3597,1200,23410.977641
66.701135,1038,23414.00374
89.214254,300,23414.604088
78.866446,820,23416.242421
98.304873,200,23416.62074
71.135308,900,23419.556967
92.082655,200,23419.985777
90.41249,200,23420.386721
94.012486,200,23420.779949
69.030958,987,23422.867057
56.050641,1100,23426.08187
70.721003,1000,23428.078896
61.291837,1259,23431.708946
71.374575,884,23434.45798
99.969519,200,23434.875551
80.207782,300,23435.530792
95.020788,200,23435.951794
60.398042,1100,23438.155155
70.761214,897,23441.016622
86.503957,200,23441.4077
66.447758,1254,23445.015457
77.755326,695,23446.397757
93.388937,200,23446.790111
86.497529,400,23447.578836
96.25042,200,23448.013595
74.115502,900,23450.877163
93.053759,200,23451.33391
91.511676,400,23452.182442
65.788152,1000,23455.246644
99.109907,200,23455.731689
96.000937,200,23456.244197
94.600708,200,23456.654238
89.446966,200,23457.061614
94.441483,200,23457.467843
92.115691,300,23458.056399
65.952557,1200,23461.513776
58.877136,1205,23463.977944
89.649023,200,23464.426288
96.247634,200,23465.937357
92.176381,200,23466.348871
90.809778,300,23466.951796
76.901219,500,23467.939234
88.324941,200,23468.339638
86.191814,200,23468.733877
95.539426,200,23469.158078
94.450562,200,23469.554737
61.728261,1266,23473.071738
94.217604,200,23473.483418
90.070308,200,23473.873085
73.508809,982,23476.875389
66.852017,1148,23479.211923
73.136273,700,23481.669572
91.458628,200,23482.118
69.505794,1040,23484.255174
94.903968,200,23484.652663
88.708651,300,23485.261096
63.046845,1290,23488.812914
71.879443,981,23491.735127
67.228564,1000,23493.73745
90.67649,200,23494.139361
90.88913,300,23494.749437
78.860299,500,23496.726533
89.85431,200,23497.179392
72.695592,1142,23499.478883
91.566862,200,23499.875423
96.086499,200,23500.265959
97.019486,200,23500.670279
82.694729,300,23502.246481
93.994879,200,23502.639596
62.006584,1100,23504.829389
67.276227,1100,23508.005354
71.640539,1100,23510.248435
98.21712,200,23510.646267
72.17759,900,23513.524714
86.872839,200,23513.955113
70.287839,800,23515.548705
62.741266,1152,23518.795975
94.814237,200,23519.18864
93.820064,200,23519.588923
65.445157,1163,23522.888443
93.939754,200,23523.285498
75.759544,900,23525.145446
96.270474,300,23525.744708
95.802957,200,23526.170776
91.670354,200,23527.547935
72.778607,1000,23529.578221
61.731848,976,23532.495044
97.87633,200,23532.89542
67.206973,900,23534.933521
69.002267,1200,23538.291962
69.476179,1094,23540.505821
86.239727,200,23540.918048
70.267316,1000,23543.962516
61.993688,1163,23546.372261
84.774875,200,23546.767738
95.83447,300,23548.331655
65.199702,1248,23550.950677
72.340133,600,23552.172855
71.820554,937,23555.108456
95.015353,200,23555.50855
95.517921,200,23555.89837
99.555326,200,23556.29728
92.397502,300,23556.905068
90.857813,200,23557.341975
61.918042,1153,23560.770311
92.288332,300,23561.380641
92.752483,200,23561.776777
75.279031,884,23564.680647
64.85576,1071,23566.908826
93.537824,200,23567.505575
-328.149545,20000,23618.416521
95.944599,200,23618.821658
71.617834,1000,23621.948285
89.982179,300,23622.561738
84.63839,400,23623.370338
76.585189,800,23624.97378
95.735195,300,23626.590346
74.991558,900,23628.383045
67.373679,1000,23630.438798
66.43798,1175,23633.728104
97.58403,300,23634.326036
87.641652,200,23634.73189
58.959214,1200,23638.192186
57.849017,1260,23641.639927
93.30238,200,23642.08816
87.144488,200,23642.466134
92.523782,200,23642.861157
88.955103,200,23643.255614
72.621767,1000,23645.255029
94.308426,200,23645.667486
85.268258,200,23647.018598
70.298348,1200,23649.384071
95.986386,200,23649.775804
82.124632,500,23652.001257
87.753185,500,23653.090275
69.114095,1200,23655.513826
93.346661,200,23655.927717
75.751604,700,23658.283887
71.559917,1100,23660.466751
68.02734,1200,23664.04336
75.263975,700,23665.456453
84.491014,200,23665.864522
72.743741,800,23668.441257
60.176565,1100,23670.620825
64.202743,1200,23674.254031
60.204768,1242,23676.74829
92.056661,200,23678.108347
90.012458,200,23678.50451
58.303165,1169,23680.814981
66.515148,1155,23684.166271
65.611096,1041,23686.288791
67.78401,1210,23689.702328
66.971089,896,23691.532824
64.838164,1000,23694.578895
77.386309,500,23695.578392
70.965264,1100,23698.790529
99.637795,200,23699.18606
91.822675,200,23699.586571
90.222236,200,23699.987295
70.620034,500,23700.973418
100.014347,200,23701.363942
67.996624,1047,23704.404319
73.60668,900,23706.192887
63.630962,1251,23709.716665
90.978643,200,23710.111911
65.069481,1032,23712.174678
92.79109,200,23713.531917
83.25804,500,23714.544339
92.826264,400,23715.346001
85.689795,500,23716.350832
93.141868,200,23716.735809
92.887004,200,23717.146609
86.318094,200,23717.567014
66.530056,1184,23720.958783
90.855873,200,23721.351424
89.62412,200,23721.74223
91.435945,200,23722.189215
88.091307,200,23722.629514
71.204215,1000,23725.602425
63.339237,1177,23728.878024
66.459525,1100,23731.076932
90.040629,200,23731.482764
91.883692,200,23731.876725
63.527498,1220,23735.256691
64.850654,1200,23737.661048
96.776871,200,23739.021052
66.698752,999,23741.270013
65.289396,1161,23744.550394
67.203213,1000,23746.555424
88.966987,200,23746.979648
67.160668,875,23750.035991
59.844822,1181,23752.624493
75.184498,900,23755.472666
86.711201,300,23756.126808
63.975955,1100,23758.451521
65.701387,1180,23761.790052
64.022106,1213,23764.291714
89.423135,300,23765.883758
94.366091,200,23766.289373
72.381437,1000,23768.349376
67.702542,1200,23771.846323
94.337075,200,23772.249092
91.881864,200,23772.643371
74.321597,1000,23774.774077
92.399468,200,23776.182491
88.940984,300,23776.853475
94.278844,300,23777.478212
87.388375,200,23777.880401
87.265654,200,23778.278902
90.393133,200,23778.702915
70.262404,1100,23781.957525
93.984113,200,23782.437554
75.066268,1100,23784.6887
90.780834,200,23785.082915
75.820126,1000,23788.047667
58.351897,1200,23790.466761
67.181715,1200,23793.931821
92.113694,200,23794.31578
69.140618,998,23797.400382
84.232932,400,23798.22332
85.018585,400,23799.018105
75.005871,600,23800.223439
66.636263,1200,23803.563753
89.494255,200,23803.972459
91.152268,200,23804.362649
88.42049,300,23804.94838
76.879576,600,23807.154788
74.673144,900,23809.187359
68.314907,1200,23812.672875
96.839678,200,23813.080579
94.328709,200,23813.485146
61.87696,1100,23815.663824
89.566653,300,23816.26954
97.653637,200,23817.670263
86.405693,200,23818.112995
64.781136,1128,23820.403675
88.878468,200,23820.798514
62.596983,1163,23824.098459
96.284327,200,23824.4945
94.216558,200,23824.896267
95.096431,200,23825.346704
68.884571,1100,23828.608704
64.081964,1227,23831.037465
83.560099,200,23831.424534
91.457436,200,23832.790379
87.861435,200,23833.19911
94.105069,200,23833.649926
79.0743,400,23834.488329
70.733013,1100,23836.6785
70.078938,1200,23840.101304
90.851521,300,23840.704581
96.382338,200,23841.104604
91.643524,200,23841.488864
66.972669,1093,23844.847742
83.389378,300,23845.452971
62.853186,1100,23848.651462
97.555937,200,23849.075758
79.333182,700,23850.53564
84.556807,400,23851.325149
64.190635,1201,23854.695762
87.231423,200,23855.095495
92.363058,200,23855.496907
76.250515,1000,23857.45815
87.970095,200,23858.894795
75.317356,700,23860.301874
60.599029,1220,23863.656612
75.547676,700,23865.090378
72.064471,1100,23867.373953
63.230836,1200,23870.844243
63.362078,1184,23874.177664
82.670875,500,23875.188082
68.172099,1025,23877.198494
97.194971,300,23877.970495
66.194356,1080,23881.183553
88.798499,200,23881.578615
94.582129,300,23882.209425
90.387068,500,23883.194436
78.26043,600,23885.45279
85.416184,400,23886.249389
74.752757,1000,23888.272674
65.756532,1200,23891.684753
65.068163,1100,23894.827978
94.12213,300,23895.428967
66.477355,1000,23897.449208
82.011826,400,23898.259124
67.169979,1148,23901.63224
92.619268,200,23902.057246
68.237475,1050,23905.220622
95.825079,200,23905.659658
98.341313,200,23906.061953
59.794196,1215,23908.505246
63.213221,1266,23912.32341
87.956052,200,23912.716685
88.746461,200,23913.111408
89.909555,300,23913.701509
85.771633,200,23914.098254
65.342573,1159,23917.488821
94.115141,200,23917.879901
95.215663,200,23918.309357
91.969783,300,23918.912333
99.263459,200,23919.308836
71.239332,1000,23922.243209
58.181127,1000,23924.220944
65.08523,1100,23927.356631
93.39511,200,23927.748265
68.804686,984,23930.793596
65.634108,1249,23933.333321
92.859758,200,23933.725363
67.659243,1000,23936.748454
92.480954,200,23937.148622
61.278522,1192,23939.539141
85.121281,300,23941.089791
64.185533,1085,23943.232596
88.600654,300,23943.833905
95.559386,200,23944.247602
89.036234,200,23944.652521
70.497372,1100,23948.07323
67.270234,1151,23951.478853
88.840149,200,23951.883647
72.208559,800,23953.492717
89.623734,300,23954.087482
68.973626,1000,23957.044237
91.130248,300,23957.629119
95.709063,200,23958.026651
92.556212,200,23958.41496
70.386401,1200,23962.279794
77.946521,900,23964.1691
66.50994,1172,23967.518863
69.805134,1200,23969.907653
71.518601,964,23972.881869
65.495395,1184,23975.232056
66.894165,1167,23978.601146
67.475604,1100,23980.815318
72.955962,1000,23983.78824
97.412546,200,23984.206046
71.79697,1000,23986.281568
60.878487,1200,23989.730651
74.639706,1100,23992.993792
57.631322,1128,23995.308118
93.933859,200,23995.699043
93.301275,200,23996.10212
92.283852,200,23996.483142
69.692775,900,23999.305799
94.154853,200,23999.697386
90.08246,300,24000.288753
86.241306,300,24000.875674
92.20172,200,24001.275203
86.791572,300,24001.862489
89.040904,300,24003.429676
97.992021,200,24003.816082
86.028037,300,24004.408112
75.402565,1100,24006.601844
89.093921,200,24006.992906
63.889549,1200,24010.466256
93.341708,300,24011.052541
59.026992,1234,24014.672229
93.925341,200,24015.058783
92.91493,200,24015.505984
64.176412,1200,24018.958358
74.494106,700,24020.374014
92.768788,200,24020.763594
71.974498,800,24022.458847
81.969155,400,24024.25405
92.804725,300,24024.853042
76.392138,400,24025.661561
60.978924,1182,24029.048215
63.562921,1219,24031.628789
79.249467,400,24032.414254
70.868202,1000,24035.362542
97.073496,200,24035.757352
84.016314,300,24036.339912
67.254396,1085,24039.438083
54.922824,1134,24041.887297
67.430173,1124,24045.197849
92.083217,300,24045.823005
63.719321,1210,24048.214581
91.869172,200,24048.600785
76.980026,900,24051.497573
74.959856,700,24052.930366
72.999355,1000,24055.963149
92.183415,200,24056.387995
82.91663,500,24057.384174
78.838923,400,24058.18562
95.142663,200,24058.579544
76.225249,600,24060.756131
74.105868,1100,24062.959261
93.260625,200,24063.357548
93.340501,300,24063.955961
60.606507,925,24066.881837
85.384661,300,24067.50053
66.416514,1195,24070.872821
72.794167,1100,24073.055971
66.942177,991,24076.008964
93.597548,300,24076.599967
63.172248,1249,24079.105922
81.559762,500,24081.165363
88.848786,200,24081.580713
74.902298,900,24083.696506
65.289445,1167,24087.244401
85.435033,400,24088.059214
68.764043,900,24089.83579
66.422972,1100,24093.021871
61.97566,1089,24095.187805
72.895674,600,24097.362499
82.582623,500,24098.353836
76.385364,1000,24101.334906
96.915138,200,24101.733039
65.362242,1158,24104.05512
87.533818,200,24104.488681
98.489968,200,24104.922013
89.114897,300,24106.497843
98.620061,200,24106.91383
88.143519,400,24107.72185
90.295722,200,24108.113277
95.471694,200,24108.52202
92.796449,200,24108.930809
82.748843,300,24109.547574
60.010156,1103,24112.85247
62.081173,1200,24115.276127
93.88569,200,24115.681917
88.292393,200,24117.069058
89.864889,200,24117.512164
68.951731,1000,24119.548262
99.205421,200,24119.981108
70.713186,1000,24122.945833
62.735094,1100,24125.125368
91.741933,300,24125.724357
64.207466,1100,24129.15632
90.566512,200,24129.553597
91.580032,200,24129.947353
65.442544,1099,24133.341758
67.300468,1126,24135.569782
91.694139,300,24136.173408
89.647248,300,24137.745362
62.872284,1249,24140.340442
93.714716,200,24140.745794
89.340675,200,24141.168984
90.294078,200,24141.566928
67.826093,1018,24144.775819
63.622879,1200,24148.167017
63.390851,1175,24150.58339
89.43521,400,24151.399695
93.377092,400,24152.335573
94.268063,200,24153.871221
82.079372,400,24154.697046
98.043871,200,24155.098073
94.297309,200,24155.500096
67.928982,1017,24157.550147
64.279082,1200,24160.879196
64.882064,1122,24164.219858
90.883095,400,24165.03548
88.156598,200,24165.428944
92.335259,200,24165.823563
68.476588,904,24167.621973
92.282597,200,24169.078268
94.020974,300,24169.712843
66.363321,985,24171.715709
93.119629,300,24172.326967
69.605733,1100,24175.520033
86.026074,400,24176.303113
90.711152,300,24176.917658
87.228851,200,24177.311913
70.656701,1200,24180.86479
63.985521,908,24182.693765
76.626381,700,24185.22335
77.908664,700,24186.639946
91.356696,300,24187.261579
67.733882,1100,24190.512667
85.82641,200,24190.946602
91.793464,300,24191.606144
88.445721,300,24192.217558
65.549957,1100,24195.654915
61.976984,1000,24197.639576
71.701863,1100,24200.809009
89.408792,200,24201.20595
68.056814,1000,24203.306586
82.729976,300,24203.907705
96.381236,200,24204.306931
92.344438,200,24205.682378
63.676847,1016,24207.79031
70.337322,1100,24211.059005
96.156089,200,24211.469446
76.465112,800,24213.0832
69.951115,1091,24216.288925
99.402374,200,24216.68764
71.855197,1100,24218.86511
95.120578,200,24219.274978
77.533066,800,24222.028178
84.821663,400,24222.811624
65.105492,1200,24226.152962
78.643276,500,24227.182936
65.34888,996,24229.180867
92.508823,200,24229.577874
62.471628,1218,24233.242272
95.308147,200,24233.643866
84.875141,400,24234.454664
73.419201,1000,24237.523013
88.981382,300,24238.139698
78.316159,466,24239.07893
69.394537,1100,24242.254539
89.321074,200,24242.653188
69.04551,900,24244.460715
67.777935,1000,24247.459668
88.623714,200,24247.860791
68.991751,1100,24250.065483
89.198474,300,24250.657808
89.312645,200,24252.061837
66.371377,1000,24254.046214
77.367299,600,24255.247346
92.203273,300,24255.835454
73.529847,598,24258.094706
65.00605,1200,24260.511446
66.090593,1200,24263.987083
64.953614,1179,24267.292622
63.59984,1000,24269.45282
90.951022,200,24269.879568
83.105302,500,24270.886996
67.222437,1100,24274.085634
90.885222,200,24274.486765
63.598094,1185,24277.82007
89.443437,400,24278.691078
74.149958,500,24279.707975
64.144533,1185,24283.21658
62.02339,1200,24285.715322
82.858311,400,24286.525491
66.121625,1000,24289.598618
90.92162,200,24290.135063
95.075579,200,24290.53223
62.445767,1282,24294.189899
89.316231,300,24294.776248
79.26083,600,24295.990717
65.866198,1248,24299.457622
90.56055,200,24299.852051
72.369517,900,24301.660292
89.500243,200,24302.068362
93.527098,200,24302.457055
61.10317,1187,24305.872004
77.777127,661,24307.228132
77.939927,1100,24310.379306
69.817971,1191,24312.762452
92.07868,200,24314.110495
70.447271,1189,24316.47115
63.702601,1196,24319.831665
93.389387,200,24320.228235
62.132155,1038,24322.330816
74.490195,1000,24325.625343
86.585983,200,24326.026375
64.059604,1112,24328.25789
83.957202,500,24330.351318
73.889492,900,24332.230016
68.009958,1259,24335.769212
66.210329,1077,24337.898683
72.505491,1000,24340.920972
90.599275,400,24341.708772
91.408346,200,24342.120028
75.050097,1000,24345.105133
65.787602,1200,24347.594182
89.866743,400,24348.42381
74.5209,400,24350.192936
64.454292,1150,24352.640691
85.219207,300,24353.336082
65.275812,1248,24356.966364
75.808542,900,24358.925663
69.039335,1210,24362.65492
66.896955,1103,24364.857403
62.314568,1200,24368.311857
91.449391,200,24368.707788
64.067869,1148,24371.970542
87.952138,200,24372.389272
95.922724,200,24372.823297
90.139545,200,24373.242049
83.714687,500,24374.265927
97.008632,200,24374.671445
64.46742,1260,24378.234435
87.194675,200,24378.648791
67.526741,1200,24382.033012
71.1685,1100,24384.345188
71.08306,700,24385.720601
66.913249,960,24388.703419
63.406355,1042,24390.829011
95.045347,200,24392.211683
92.148211,300,24392.799978
68.307459,1100,24395.002209
65.418913,1100,24398.149253
73.394091,900,24399.981716
85.12592,400,24400.889436
90.114986,200,24402.407398
99.075821,200,24402.846567
85.540187,200,24403.243185
73.817185,900,24405.059456
70.697682,776,24407.572114
58.728961,1157,24409.903047
92.166169,200,24410.312812
75.064357,900,24413.101257
92.372709,300,24413.75634
100.504003,200,24414.203465
88.01858,200,24414.626638
95.560558,200,24415.031488
84.850555,200,24415.417608
71.508927,991,24418.344848
71.464791,988,24420.414939
74.926437,677,24421.857448
57.39218,1219,24425.367742
87.764125,200,24425.763775
64.813124,1200,24429.325588
83.295831,500,24430.365004
93.483552,200,24430.76254
95.030874,200,24431.167533
70.508203,900,24433.935009
66.272596,1200,24436.327793
91.718942,400,24437.148358
77.619449,700,24439.796183
59.707876,1139,24442.094113
91.058727,200,24442.551805
75.90303,700,24445.009997
61.479849,1016,24447.081544
84.192734,200,24447.500933
65.497556,1100,24450.809563
62.510679,1100,24452.997518
68.367636,1000,24455.974013
100.433103,200,24456.376885
62.638689,1200,24459.774718
79.796869,685,24461.144513
89.90725,200,24461.56071
90.283038,200,24461.956626
95.576326,200,24462.354015
75.266029,1100,24465.506899
95.032176,200,24465.914332
79.298905,200,24466.296028
91.453558,200,24466.7139
62.969453,1284,24470.299944
91.618614,400,24471.139769
67.367532,1000,24473.176823
93.916839,200,24473.575838
92.108752,200,24475.001457
70.998694,979,24476.955146
94.434758,200,24477.35354
67.449702,889,24480.104162
96.155002,200,24480.504864
70.142782,1068,24482.625763
64.32776,1170,24486.028018
73.971355,1000,24488.030336
97.517373,200,24488.430464
61.184485,1100,24491.593713
84.110365,300,24492.193955
80.634638,600,24493.391651
68.140789,1200,24496.814439
74.017881,1000,24498.991215
91.981973,200,24499.391144
63.215439,1000,24502.392027
71.169325,1100,24504.610263
64.525173,1100,24507.91584
69.614173,1200,24511.4386
93.615561,200,24511.848046
78.563128,500,24512.85058
93.181522,200,24513.253222
64.250305,1093,24516.520565
64.376023,1173,24518.851908
93.161307,200,24519.247176
66.051865,1000,24522.277869
86.02484,200,24522.680203
91.674439,200,24523.0727
69.612886,1133,24525.34306
66.519129,956,24528.216365
83.494414,300,24528.80781
70.143698,1010,24531.858491
75.759741,800,24533.499531
91.327457,200,24533.901217
92.633432,200,24534.296293
74.663155,800,24536.972126
94.364838,200,24537.414472
66.139695,909,24539.236817
72.646459,600,24540.470585
95.567498,300,24542.064936
73.997131,1000,24544.053049
62.780038,1199,24547.487306
67.702332,1230,24549.982372
64.664839,1092,24553.503395
68.269669,1200,24555.946814
92.065476,300,24557.501113
69.714758,1200,24559.897165
73.711861,1192,24563.389618
89.236079,200,24563.783469
61.127728,1200,24566.326762
63.745481,1200,24570.112139
93.89321,200,24570.548238
74.422712,1200,24573.936069
65.850363,1068,24576.066353
68.859057,1200,24579.489465
79.585195,400,24580.307591
86.258428,300,24580.908582
68.629437,1100,24584.126872
91.539701,200,24584.570048
63.578355,1224,24587.045741
64.55558,1000,24590.071166
73.399316,900,24591.866611
88.172002,600,24594.074404
69.815323,953,24596.110657
71.917486,908,24597.925776
69.976321,1062,24601.122057
90.008832,300,24601.719924
89.124986,200,24602.127819
91.969313,200,24602.522796
92.705965,200,24602.931436
90.208948,200,24603.337704
65.91462,1179,24606.776643
93.957216,200,24607.255103
64.680675,1200,24610.960263
97.061584,200,24611.370045
76.849427,1000,24613.363677
96.319454,200,24613.742311
89.265713,500,24615.776435
92.698554,200,24616.197583
98.572004,200,24616.630766
93.783573,200,24617.031958
96.626045,200,24617.41865
63.898038,1086,24620.566536
65.194925,1242,24623.106658
88.478764,300,24623.715281
95.914137,200,24624.11513
89.293643,200,24625.749239
89.661043,200,24626.230648
94.960309,200,24626.665004
70.023045,1200,24629.074329
89.328588,200,24629.458754
64.613742,1196,24632.973739
93.105921,200,24633.373275
93.543174,200,24633.772005
92.932188,300,24634.507807
88.938154,300,24635.131554
70.116737,887,24637.9679
62.814204,1224,24641.357922
69.512911,1100,24643.569548
95.730527,200,24643.963823
82.981297,300,24644.560747
67.014771,1100,24647.70144
82.893571,300,24648.323606
68.222761,784,24649.870849
65.102177,1200,24653.37262
64.997044,1200,24656.778891
95.082323,300,24657.440544
96.969055,200,24657.85952
87.437696,300,24658.488782
59.444567,1200,24661.873324
88.416737,300,24662.471362
63.227117,1019,24664.494003
83.331252,400,24665.285797
61.701208,1237,24668.790941
76.172557,800,24670.406285
76.517769,900,24673.205477
95.74638,200,24673.597308
96.234824,200,24673.99636
92.653049,200,24674.385951
92.991864,200,24674.807552
63.368826,1090,24678.002601
100.177014,200,24678.419404
88.71008,200,24678.820327
68.072548,1200,24681.278326
99.095659,200,24682.713708
80.252679,600,24683.909137
73.119634,1100,24686.101047
63.366367,1096,24689.374583
67.584383,946,24691.66064
69.429918,1084,24694.817561
98.168397,200,24695.214366
75.77478,900,24697.008281
89.465582,200,24698.439805
64.819436,1021,24700.584527
63.770723,1104,24703.956314
100.210214,200,24704.389388
64.104642,1100,24706.650892
89.23679,200,24707.05548
94.213876,200,24707.478161
89.94868,300,24709.051953
63.735348,1243,24711.54287
87.039863,400,24712.362441
62.683665,1269,24715.932505
84.333958,200,24716.3433
66.104871,900,24719.145933
66.317258,978,24721.083948
89.693038,200,24721.494026
70.46943,1000,24724.462993
91.887026,200,24724.854802
65.746663,1000,24726.847252
97.894479,200,24727.304502
63.452066,1080,24730.526938
89.499141,200,24730.929659
69.066106,1103,24733.127934
67.578075,1000,24736.371217
62.614817,1122,24739.647985
70.204028,1060,24741.771039
90.905787,200,24742.172489
70.165394,1000,24745.216204
66.740852,1085,24747.534016
88.000159,200,24747.962328
83.69048,400,24748.759341
96.275307,200,24750.131636
68.253867,1245,24752.790904
55.704353,1148,24756.112287
91.090645,300,24756.742383
92.957499,200,24757.169526
85.319193,400,24758.074753
66.523966,1100,24761.385076
85.560076,200,24761.818113
63.899566,1142,24764.099497
93.445183,200,24764.492869
72.223699,700,24766.943319
67.974901,1000,24768.952029
66.597282,1181,24772.603873
73.170252,1000,24774.631926
91.665536,200,24775.040592
74.992203,1100,24778.436028
64.021594,1133,24781.8999
96.244652,200,24782.31308
68.377854,1200,24784.723833
68.222427,1000,24787.861956
90.545702,200,24788.39937
92.368188,200,24788.865221
77.661042,900,24790.728905
70.998422,1080,24793.894069
73.002244,784,24795.451323
89.904251,300,24796.026267
92.68099,200,24796.429997
90.868995,200,24797.795538
72.497649,1100,24800.090729
88.725799,300,24800.690713
89.472149,200,24801.099038
94.008921,200,24801.490052
60.986369,900,24804.684315
92.184419,200,24805.088754
88.667258,200,24805.47124
72.687616,800,24807.090625
64.439315,1100,24810.316523
84.737238,200,24810.721645
90.368501,200,24811.118555
91.237024,300,24811.701729
65.286403,1200,24815.166522
86.283846,300,24815.75445
95.042283,200,24816.160591
88.093739,400,24816.96357
98.568779,200,24817.359081
89.203231,300,24818.969286
70.05573,1100,24821.165182
87.095197,200,24821.55844
74.707618,900,24824.321794
65.759966,1188,24826.668476
88.887556,200,24827.063235
80.055859,800,24829.786952
82.138494,200,24830.18169
91.374715,300,24830.766606
93.785281,200,24831.170696
64.525386,1000,24834.146651
76.508712,796,24835.730595
79.988485,500,24836.703102
91.245409,200,24837.135275
92.656277,200,24837.553795
88.576153,400,24839.558002
61.419638,1139,24842.053653
90.7911,200,24842.500385
68.892863,1200,24845.8625
64.154399,1100,24848.052969
93.229916,400,24849.91314
93.418721,300,24850.558333
87.878985,300,24851.180136
59.899154,1143,24853.477196
90.962332,200,24854.82945
97.745895,200,24855.231835
90.264761,300,24855.821558
68.286137,1139,24858.090215
76.670659,400,24859.910192
65.4508,1191,24862.415731
86.552793,400,24863.263979
96.460801,200,24863.660633
92.656426,300,24865.217867
76.818812,500,24866.200353
92.47562,200,24866.596539
65.300463,1200,24869.016446
64.759336,1200,24872.785485
86.060643,500,24873.774685
66.62864,1018,24876.840224
66.055075,1252,24879.375416
90.849712,200,24880.743484
98.646992,200,24881.146472
90.698823,300,24881.760602
93.202511,200,24882.161077
63.494204,1223,24884.604072
92.844794,300,24886.20918
74.185461,800,24887.854983
94.101337,200,24888.275491
88.981769,300,24888.893675
63.943912,1247,24892.342998
96.908638,200,24892.734476
102.473744,300,24893.372225
62.945755,1100,24896.642941
62.473296,1204,24899.087252
88.737134,300,24899.686996
83.785663,300,24901.243534
70.712621,1159,24903.539518
67.27331,1193,24906.897811
97.389172,200,24907.289998
91.323935,200,24907.684999
91.694107,200,24908.063492
70.829833,800,24909.676383
65.562331,1139,24913.15498
67.14223,1100,24915.365913
96.13095,200,24916.711797
65.858321,1215,24919.157385
84.781565,500,24920.169688
89.350524,300,24921.751193
76.091655,700,24923.296865
-332.00057,20000,24973.986718
64.870886,1200,24976.449848
68.854802,1200,24979.94983
92.193902,200,24980.346671
86.504322,300,24980.961983
91.279421,200,24981.351124
88.443903,400,24982.153781
88.267626,200,24982.616872
75.551457,1000,24985.597615
90.677563,200,24985.995738
89.650889,200,24986.381487
71.20535,1034,24989.479103
70.360536,900,24991.360688
83.648759,200,24991.747621
77.5305,999,24994.771066
95.476977,200,24995.225935
68.330251,1000,24997.223803
79.993388,400,24998.013456
61.279539,1136,25001.338862
63.159227,1274,25005.136756
86.381095,200,25005.583182
65.130578,1109,25007.835401
92.166797,200,25008.231213
86.922532,200,25008.62426
92.595491,200,25009.992406
65.025346,941,25011.986317
89.107001,200,25012.384464
66.485143,1000,25015.34074
59.228937,1096,25017.531855
88.440451,200,25017.93438
69.316286,900,25020.696961
89.291237,200,25021.183015
67.771821,1171,25023.549739
96.251283,200,25023.945562
63.842745,1000,25026.891762
81.174817,400,25027.693889
68.201726,1063,25030.807158
93.773402,200,25031.248439
86.828971,200,25031.644207
87.543044,200,25032.055822
65.847446,1257,25035.513779
94.969646,200,25035.90884
95.537505,200,25036.299128
68.297915,1091,25038.466187
91.887424,300,25039.064715
68.193227,1000,25042.119701
83.15003,500,25043.206512
92.003793,200,25043.600739
63.921561,999,25046.65099
91.343946,400,25047.494137
95.595247,200,25047.970371
91.989553,200,25048.40631
63.198293,1118,25051.69028
59.842697,1148,25054.039359
78.183338,900,25056.888472
64.317804,1200,25059.344193
92.557205,200,25059.7386
69.657364,1057,25062.810582
98.483598,200,25063.209487
90.63192,300,25063.7967
95.331827,200,25064.194666
90.827448,200,25064.607318
72.084364,1100,25067.851957
90.50754,400,25068.656123
65.56976,1200,25072.037854
73.137927,968,25073.951505
87.908725,200,25074.35715
85.900144,300,25074.980411
92.298422,200,25075.374378
92.573143,200,25076.723028
72.575563,900,25078.523671
68.203435,858,25080.251585
66.220362,1142,25083.59584
95.578508,200,25083.994439
86.079339,300,25084.603574
70.059669,800,25087.178905
101.831505,300,25087.762876
87.763717,300,25088.361825
65.623019,1100,25090.616024
65.006623,948,25093.675644
60.69235,1052,25095.803397
81.287176,1000,25098.835126
61.304679,1200,25101.225592
88.693214,500,25103.37093
97.629624,200,25103.763587
73.130759,800,25105.375404
61.360803,1184,25108.774348
60.531368,1193,25111.191553
92.624367,200,25111.596977
87.492147,400,25113.399371
71.435612,1100,25115.580293
67.62083,1105,25118.964336
92.520678,200,25119.35275
75.408152,1000,25121.338115
67.667898,1192,25124.781724
69.693488,1100,25127.008379
57.402941,1224,25130.5022
64.693063,1171,25133.839468
66.730365,1100,25136.051706
72.584252,900,25138.768323
63.235333,1236,25141.286085
64.566514,1100,25144.534503
71.973595,800,25146.161092
92.407375,200,25146.546892
80.100159,200,25146.949926
69.478879,1100,25150.201639
90.242287,200,25150.599913
63.98824,1000,25152.629278
83.472231,300,25154.204513
62.816867,1100,25156.494008
64.249201,1021,25159.513562
93.093097,200,25159.90461
61.881358,1235,25162.372108
70.365637,1000,25165.420157
93.832172,200,25165.836652
67.580868,1100,25168.00757
91.496406,200,25169.385618
97.061729,200,25169.782897
90.228871,300,25170.382111
90.340046,200,25170.783046
56.850614,1178,25173.175193
71.406452,856,25175.847836
88.174985,300,25176.452258
69.387252,1000,25178.426809
87.407386,200,25179.795074
81.994485,400,25180.592171
84.318017,500,25181.593906
74.084873,1000,25184.54723
61.974234,1085,25186.996773
60.483655,1100,25190.15535
98.390505,200,25190.578131
89.828138,200,25191.027501
82.698916,300,25191.633016
93.83663,300,25192.244827
91.14087,300,25192.852038
62.400921,1100,25196.288355
65.233349,1200,25198.675121
86.949789,200,25199.072487
84.63932,300,25200.692341
95.194024,200,25201.15309
85.764474,200,25201.577636
93.505813,200,25201.980124
66.49553,1269,25205.520886
76.362394,800,25207.103393
62.798969,1196,25209.484142
87.804351,300,25211.099378
70.560269,1100,25213.351354
88.323176,300,25213.999093
83.997876,300,25214.58974
59.701608,1161,25217.975363
64.404012,1200,25221.36632
90.964001,200,25221.759428
85.214468,400,25222.613415
72.922179,1000,25224.650374
91.587479,300,25226.237299
88.365249,300,25226.892322
66.301564,1000,25228.894013
63.814485,1000,25231.911033
64.109077,1000,25233.926492
63.475954,1100,25237.33725
74.646044,959,25239.26067
62.492376,1143,25242.529565
71.256795,792,25244.10657
59.770213,1174,25247.494253
67.378266,755,25249.042228
72.590029,800,25250.634555
93.999714,200,25252.012511
65.922809,1210,25254.64262
91.783232,200,25255.123575
