epsilon,model,micro_step,round_equivalent,variance
0.05,HK,,0,0.4418061087154963
0.05,HK,,1,0.4418061087154963
0.05,HK,,2,0.4418061087154963
0.05,HK,,3,0.4418061087154963
0.05,HK,,4,0.4418061087154963
0.05,HK,,5,0.4418061087154963
0.05,HK,,6,0.4418061087154963
0.05,HK,,7,0.4418061087154963
0.05,HK,,8,0.4418061087154963
0.05,HK,,9,0.4418061087154963
0.05,HK,,10,0.4418061087154963
0.05,HK,,11,0.4418061087154963
0.05,HK,,12,0.4418061087154963
0.05,HK,,13,0.4418061087154963
0.05,HK,,14,0.4418061087154963
0.05,HK,,15,0.4418061087154963
0.05,HK,,16,0.4418061087154963
0.05,HK,,17,0.4418061087154963
0.05,HK,,18,0.4418061087154963
0.05,HK,,19,0.4418061087154963
0.05,HK,,20,0.4418061087154963
0.05,HK,,21,0.4418061087154963
0.05,HK,,22,0.4418061087154963
0.05,HK,,23,0.4418061087154963
0.05,HK,,24,0.4418061087154963
0.05,HK,,25,0.4418061087154963
0.05,HK,,26,0.4418061087154963
0.05,HK,,27,0.4418061087154963
0.05,HK,,28,0.4418061087154963
0.05,HK,,29,0.4418061087154963
0.05,HK,,30,0.4418061087154963
0.05,HK,,31,0.4418061087154963
0.05,HK,,32,0.4418061087154963
0.05,HK,,33,0.4418061087154963
0.05,HK,,34,0.4418061087154963
0.05,HK,,35,0.4418061087154963
0.05,HK,,36,0.4418061087154963
0.05,HK,,37,0.4418061087154963
0.05,HK,,38,0.4418061087154963
0.05,HK,,39,0.4418061087154963
0.05,HK,,40,0.4418061087154963
0.05,HK,,41,0.4418061087154963
0.05,HK,,42,0.4418061087154963
0.05,HK,,43,0.4418061087154963
0.05,HK,,44,0.4418061087154963
0.05,HK,,45,0.4418061087154963
0.05,HK,,46,0.4418061087154963
0.05,HK,,47,0.4418061087154963
0.05,HK,,48,0.4418061087154963
0.05,HK,,49,0.4418061087154963
0.05,HK,,50,0.4418061087154963
0.05,HK,,51,0.4418061087154963
0.05,HK,,52,0.4418061087154963
0.05,HK,,53,0.4418061087154963
0.05,HK,,54,0.4418061087154963
0.05,HK,,55,0.4418061087154963
0.05,HK,,56,0.4418061087154963
0.05,HK,,57,0.4418061087154963
0.05,HK,,58,0.4418061087154963
0.05,HK,,59,0.4418061087154963
0.05,HK,,60,0.4418061087154963
0.05,HK,,61,0.4418061087154963
0.05,HK,,62,0.4418061087154963
0.05,HK,,63,0.4418061087154963
0.05,HK,,64,0.4418061087154963
0.05,HK,,65,0.4418061087154963
0.05,HK,,66,0.4418061087154963
0.05,HK,,67,0.4418061087154963
0.05,HK,,68,0.4418061087154963
0.05,HK,,69,0.4418061087154963
0.05,HK,,70,0.4418061087154963
0.05,HK,,71,0.4418061087154963
0.05,HK,,72,0.4418061087154963
0.05,HK,,73,0.4418061087154963
0.05,HK,,74,0.4418061087154963
0.05,HK,,75,0.4418061087154963
0.05,HK,,76,0.4418061087154963
0.05,HK,,77,0.4418061087154963
0.05,HK,,78,0.4418061087154963
0.05,HK,,79,0.4418061087154963
0.05,HK,,80,0.4418061087154963
0.05,HK,,81,0.4418061087154963
0.05,HK,,82,0.4418061087154963
0.05,HK,,83,0.4418061087154963
0.05,HK,,84,0.4418061087154963
0.05,HK,,85,0.4418061087154963
0.05,HK,,86,0.4418061087154963
0.05,HK,,87,0.4418061087154963
0.05,HK,,88,0.4418061087154963
0.05,HK,,89,0.4418061087154963
0.05,HK,,90,0.4418061087154963
0.05,HK,,91,0.4418061087154963
0.05,HK,,92,0.4418061087154963
0.05,HK,,93,0.4418061087154963
0.05,HK,,94,0.4418061087154963
0.05,HK,,95,0.4418061087154963
0.05,HK,,96,0.4418061087154963
0.05,HK,,97,0.4418061087154963
0.05,HK,,98,0.4418061087154963
0.05,HK,,99,0.4418061087154963
0.05,HK,,100,0.4418061087154963
0.05,HK,,101,0.4418061087154963
0.05,HK,,102,0.4418061087154963
0.05,HK,,103,0.4418061087154963
0.05,HK,,104,0.4418061087154963
0.05,HK,,105,0.4418061087154963
0.05,HK,,106,0.4418061087154963
0.05,HK,,107,0.4418061087154963
0.05,HK,,108,0.4418061087154963
0.05,HK,,109,0.4418061087154963
0.05,HK,,110,0.4418061087154963
0.05,HK,,111,0.4418061087154963
0.05,HK,,112,0.4418061087154963
0.05,HK,,113,0.4418061087154963
0.05,HK,,114,0.4418061087154963
0.05,HK,,115,0.4418061087154963
0.05,HK,,116,0.4418061087154963
0.05,HK,,117,0.4418061087154963
0.05,HK,,118,0.4418061087154963
0.05,HK,,119,0.4418061087154963
0.05,HK,,120,0.4418061087154963
0.05,HK,,121,0.4418061087154963
0.05,HK,,122,0.4418061087154963
0.05,HK,,123,0.4418061087154963
0.05,HK,,124,0.4418061087154963
0.05,HK,,125,0.4418061087154963
0.05,HK,,126,0.4418061087154963
0.05,HK,,127,0.4418061087154963
0.05,HK,,128,0.4418061087154963
0.05,HK,,129,0.4418061087154963
0.05,HK,,130,0.4418061087154963
0.05,HK,,131,0.4418061087154963
0.05,HK,,132,0.4418061087154963
0.05,HK,,133,0.4418061087154963
0.05,HK,,134,0.4418061087154963
0.05,HK,,135,0.4418061087154963
0.05,HK,,136,0.4418061087154963
0.05,HK,,137,0.4418061087154963
0.05,HK,,138,0.4418061087154963
0.05,HK,,139,0.4418061087154963
0.05,HK,,140,0.4418061087154963
0.05,HK,,141,0.4418061087154963
0.05,HK,,142,0.4418061087154963
0.05,HK,,143,0.4418061087154963
0.05,HK,,144,0.4418061087154963
0.05,HK,,145,0.4418061087154963
0.05,HK,,146,0.4418061087154963
0.05,HK,,147,0.4418061087154963
0.05,HK,,148,0.4418061087154963
0.05,HK,,149,0.4418061087154963
0.05,HK,,150,0.4418061087154963
0.05,HK,,151,0.4418061087154963
0.05,HK,,152,0.4418061087154963
0.05,HK,,153,0.4418061087154963
0.05,HK,,154,0.4418061087154963
0.05,HK,,155,0.4418061087154963
0.05,HK,,156,0.4418061087154963
0.05,HK,,157,0.4418061087154963
0.05,HK,,158,0.4418061087154963
0.05,HK,,159,0.4418061087154963
0.05,HK,,160,0.4418061087154963
0.05,HK,,161,0.4418061087154963
0.05,HK,,162,0.4418061087154963
0.05,HK,,163,0.4418061087154963
0.05,HK,,164,0.4418061087154963
0.05,HK,,165,0.4418061087154963
0.05,HK,,166,0.4418061087154963
0.05,HK,,167,0.4418061087154963
0.05,HK,,168,0.4418061087154963
0.05,HK,,169,0.4418061087154963
0.05,HK,,170,0.4418061087154963
0.05,HK,,171,0.4418061087154963
0.05,HK,,172,0.4418061087154963
0.05,HK,,173,0.4418061087154963
0.05,HK,,174,0.4418061087154963
0.05,HK,,175,0.4418061087154963
0.05,HK,,176,0.4418061087154963
0.05,HK,,177,0.4418061087154963
0.05,HK,,178,0.4418061087154963
0.05,HK,,179,0.4418061087154963
0.05,HK,,180,0.4418061087154963
0.05,HK,,181,0.4418061087154963
0.05,HK,,182,0.4418061087154963
0.05,HK,,183,0.4418061087154963
0.05,HK,,184,0.4418061087154963
0.05,HK,,185,0.4418061087154963
0.05,HK,,186,0.4418061087154963
0.05,HK,,187,0.4418061087154963
0.05,HK,,188,0.4418061087154963
0.05,HK,,189,0.4418061087154963
0.05,HK,,190,0.4418061087154963
0.05,HK,,191,0.4418061087154963
0.05,HK,,192,0.4418061087154963
0.05,HK,,193,0.4418061087154963
0.05,HK,,194,0.4418061087154963
0.05,HK,,195,0.4418061087154963
0.05,HK,,196,0.4418061087154963
0.05,HK,,197,0.4418061087154963
0.05,HK,,198,0.4418061087154963
0.05,HK,,199,0.4418061087154963
0.05,HK,,200,0.4418061087154963
0.05,PPO-HK,0,0.0,0.4418061087154963
0.05,PPO-HK,1,0.01,0.4413980116855408
0.05,PPO-HK,2,0.02,0.44235019242017914
0.05,PPO-HK,3,0.03,0.44130387987215486
0.05,PPO-HK,4,0.04,0.4411048788206771
0.05,PPO-HK,5,0.05,0.44136322042194964
0.05,PPO-HK,6,0.06,0.44177072811233603
0.05,PPO-HK,7,0.07,0.4423202554740637
0.05,PPO-HK,8,0.08,0.442710502778421
0.05,PPO-HK,9,0.09,0.44220175909910464
0.05,PPO-HK,10,0.1,0.442463609154572
0.05,PPO-HK,11,0.11,0.44326256939900716
0.05,PPO-HK,12,0.12,0.4433173977052273
0.05,PPO-HK,13,0.13,0.44355355739983204
0.05,PPO-HK,14,0.14,0.44391714638572405
0.05,PPO-HK,15,0.15,0.4446664224540688
0.05,PPO-HK,16,0.16,0.4438179448063834
0.05,PPO-HK,17,0.17,0.44340609489344196
0.05,PPO-HK,18,0.18,0.44363906326738023
0.05,PPO-HK,19,0.19,0.44377634824339257
0.05,PPO-HK,20,0.2,0.4429436686736271
0.05,PPO-HK,21,0.21,0.4427020866853733
0.05,PPO-HK,22,0.22,0.4422327312965061
0.05,PPO-HK,23,0.23,0.4433603893417393
0.05,PPO-HK,24,0.24,0.44367205524547576
0.05,PPO-HK,25,0.25,0.4428623007539139
0.05,PPO-HK,26,0.26,0.442470229884139
0.05,PPO-HK,27,0.27,0.44268382941062295
0.05,PPO-HK,28,0.28,0.4426119597854496
0.05,PPO-HK,29,0.29,0.44255001159670426
0.05,PPO-HK,30,0.3,0.4414215445399505
0.05,PPO-HK,31,0.31,0.44177616567089373
0.05,PPO-HK,32,0.32,0.44168046499408853
0.05,PPO-HK,33,0.33,0.4412799425522603
0.05,PPO-HK,34,0.34,0.4412145576691769
0.05,PPO-HK,35,0.35,0.44134230741991887
0.05,PPO-HK,36,0.36,0.44088412848116076
0.05,PPO-HK,37,0.37,0.44176660200150114
0.05,PPO-HK,38,0.38,0.44152847361934633
0.05,PPO-HK,39,0.39,0.4411868160258402
0.05,PPO-HK,40,0.4,0.4419615482428141
0.05,PPO-HK,41,0.41,0.44277095797741073
0.05,PPO-HK,42,0.42,0.44209046098168914
0.05,PPO-HK,43,0.43,0.44211561545482986
0.05,PPO-HK,44,0.44,0.4428502186499831
0.05,PPO-HK,45,0.45,0.4422410219686732
0.05,PPO-HK,46,0.46,0.4420006900542971
0.05,PPO-HK,47,0.47,0.44212743492213286
0.05,PPO-HK,48,0.48,0.4419834197078555
0.05,PPO-HK,49,0.49,0.4418353355133666
0.05,PPO-HK,50,0.5,0.4427593375913115
0.05,PPO-HK,51,0.51,0.44256714626929444
0.05,PPO-HK,52,0.52,0.44210946630928327
0.05,PPO-HK,53,0.53,0.44182611251656256
0.05,PPO-HK,54,0.54,0.44177883856394906
0.05,PPO-HK,55,0.55,0.4426206476859019
0.05,PPO-HK,56,0.56,0.44301999837024997
0.05,PPO-HK,57,0.57,0.44316575967984917
0.05,PPO-HK,58,0.58,0.44269952917407446
0.05,PPO-HK,59,0.59,0.44205930490372924
0.05,PPO-HK,60,0.6,0.4412745196701512
0.05,PPO-HK,61,0.61,0.4412354092077387
0.05,PPO-HK,62,0.62,0.44115145057540306
0.05,PPO-HK,63,0.63,0.44143220672081146
0.05,PPO-HK,64,0.64,0.4408291083345536
0.05,PPO-HK,65,0.65,0.4405904398534983
0.05,PPO-HK,66,0.66,0.440578440607002
0.05,PPO-HK,67,0.67,0.43887594203750335
0.05,PPO-HK,68,0.68,0.43785728219608583
0.05,PPO-HK,69,0.69,0.4373988906451235
0.05,PPO-HK,70,0.7,0.43694082972357706
0.05,PPO-HK,71,0.71,0.43599257903822564
0.05,PPO-HK,72,0.72,0.43673140208199934
0.05,PPO-HK,73,0.73,0.4369300243695035
0.05,PPO-HK,74,0.74,0.43603134561225715
0.05,PPO-HK,75,0.75,0.43496968576126016
0.05,PPO-HK,76,0.76,0.43406478736483867
0.05,PPO-HK,77,0.77,0.43422660702236326
0.05,PPO-HK,78,0.78,0.4349793485060206
0.05,PPO-HK,79,0.79,0.4350673322128904
0.05,PPO-HK,80,0.8,0.43556599084705827
0.05,PPO-HK,81,0.81,0.4349077273399569
0.05,PPO-HK,82,0.82,0.43490846128556093
0.05,PPO-HK,83,0.83,0.4344708421136394
0.05,PPO-HK,84,0.84,0.4348620404859603
0.05,PPO-HK,85,0.85,0.4339870926458156
0.05,PPO-HK,86,0.86,0.43392818332966004
0.05,PPO-HK,87,0.87,0.43258801801670554
0.05,PPO-HK,88,0.88,0.4332980813000454
0.05,PPO-HK,89,0.89,0.4324238980368661
0.05,PPO-HK,90,0.9,0.4320656901290716
0.05,PPO-HK,91,0.91,0.4321911127630674
0.05,PPO-HK,92,0.92,0.4312834434662952
0.05,PPO-HK,93,0.93,0.4310142425585936
0.05,PPO-HK,94,0.94,0.4311266655218192
0.05,PPO-HK,95,0.95,0.4300873513956925
0.05,PPO-HK,96,0.96,0.4306128779074833
0.05,PPO-HK,97,0.97,0.43066534740456497
0.05,PPO-HK,98,0.98,0.4312271603044936
0.05,PPO-HK,99,0.99,0.43044029129827877
0.05,PPO-HK,100,1.0,0.42962905091590187
0.05,PPO-HK,101,1.01,0.4292339538859463
0.05,PPO-HK,102,1.02,0.42970473590658975
0.05,PPO-HK,103,1.03,0.4286719233585654
0.05,PPO-HK,104,1.04,0.42848642230708794
0.05,PPO-HK,105,1.05,0.42875826390836014
0.05,PPO-HK,106,1.06,0.4291792715987467
0.05,PPO-HK,107,1.07,0.4292864175741823
0.05,PPO-HK,108,1.08,0.42969066487853963
0.05,PPO-HK,109,1.09,0.4287841049481058
0.05,PPO-HK,110,1.1,0.4290604550035732
0.05,PPO-HK,111,1.11,0.4293988642725338
0.05,PPO-HK,112,1.12,0.4285697892254572
0.05,PPO-HK,113,1.13,0.4288219489200617
0.05,PPO-HK,114,1.14,0.4291975379059537
0.05,PPO-HK,115,1.15,0.4299628139742985
0.05,PPO-HK,116,1.16,0.4291303363266131
0.05,PPO-HK,117,1.17,0.4287344864136715
0.05,PPO-HK,118,1.18,0.42898345478760996
0.05,PPO-HK,119,1.19,0.4292420013899433
0.05,PPO-HK,120,1.2,0.42842532182017773
0.05,PPO-HK,121,1.21,0.4277263367701165
0.05,PPO-HK,122,1.22,0.4272734813812493
0.05,PPO-HK,123,1.23,0.42796038974022965
0.05,PPO-HK,124,1.24,0.428289055643966
0.05,PPO-HK,125,1.25,0.4274963011524043
0.05,PPO-HK,126,1.26,0.42712123028262916
0.05,PPO-HK,127,1.27,0.4268455835173193
0.05,PPO-HK,128,1.28,0.4267862138921461
0.05,PPO-HK,129,1.29,0.4267387657034007
0.05,PPO-HK,130,1.3,0.4256277986466469
0.05,PPO-HK,131,1.31,0.42557761459746085
0.05,PPO-HK,132,1.32,0.4254999139206556
0.05,PPO-HK,133,1.33,0.42511739147882743
0.05,PPO-HK,134,1.34,0.4250700065957439
0.05,PPO-HK,135,1.35,0.4252117563464859
0.05,PPO-HK,136,1.36,0.42434535156995246
0.05,PPO-HK,137,1.37,0.424800579438104
0.05,PPO-HK,138,1.38,0.42458145105594897
0.05,PPO-HK,139,1.39,0.4238378233713692
0.05,PPO-HK,140,1.4,0.42463205558834316
0.05,PPO-HK,141,1.41,0.42501062296177167
0.05,PPO-HK,142,1.42,0.42435012596605026
0.05,PPO-HK,143,1.43,0.42439528043919106
0.05,PPO-HK,144,1.44,0.4251498836343441
0.05,PPO-HK,145,1.45,0.42456068695303417
0.05,PPO-HK,146,1.46,0.424340355038658
0.05,PPO-HK,147,1.47,0.4244870999064939
0.05,PPO-HK,148,1.48,0.42436308469221634
0.05,PPO-HK,149,1.49,0.4233630861950811
0.05,PPO-HK,150,1.5,0.42387173041627557
0.05,PPO-HK,151,1.51,0.4237010390942586
0.05,PPO-HK,152,1.52,0.4232648591342474
0.05,PPO-HK,153,1.53,0.4230030053415266
0.05,PPO-HK,154,1.54,0.422977231388913
0.05,PPO-HK,155,1.55,0.423446304109271
0.05,PPO-HK,156,1.56,0.42386765479361915
0.05,PPO-HK,157,1.57,0.4240354161032181
0.05,PPO-HK,158,1.58,0.4235911855974436
0.05,PPO-HK,159,1.59,0.4229684613270984
0.05,PPO-HK,160,1.6,0.4222056760935202
0.05,PPO-HK,161,1.61,0.42218856563110774
0.05,PPO-HK,162,1.62,0.4221221069987722
0.05,PPO-HK,163,1.63,0.4219743371993598
0.05,PPO-HK,164,1.64,0.42139373881310177
0.05,PPO-HK,165,1.65,0.4211725703320463
0.05,PPO-HK,166,1.66,0.4211830710855502
0.05,PPO-HK,167,1.67,0.41950307251605157
0.05,PPO-HK,168,1.68,0.41850691267463414
0.05,PPO-HK,169,1.69,0.4180710211236718
0.05,PPO-HK,170,1.7,0.4176354602021253
0.05,PPO-HK,171,1.71,0.4167097095167739
0.05,PPO-HK,172,1.72,0.417052306470084
0.05,PPO-HK,173,1.73,0.4167901273609304
0.05,PPO-HK,174,1.74,0.4155050459278174
0.05,PPO-HK,175,1.75,0.41446238607682045
0.05,PPO-HK,176,1.76,0.413581487680399
0.05,PPO-HK,177,1.77,0.4137673073379235
0.05,PPO-HK,178,1.78,0.414544048821581
0.05,PPO-HK,179,1.79,0.4146515325284508
0.05,PPO-HK,180,1.8,0.4147563945428524
0.05,PPO-HK,181,1.81,0.4141226310357511
0.05,PPO-HK,182,1.82,0.41377348715589696
0.05,PPO-HK,183,1.83,0.4133568679839754
0.05,PPO-HK,184,1.84,0.4137730663562964
0.05,PPO-HK,185,1.85,0.41292311851615177
0.05,PPO-HK,186,1.86,0.4128892091999962
0.05,PPO-HK,187,1.87,0.4115740438870417
0.05,PPO-HK,188,1.88,0.4118683878505827
0.05,PPO-HK,189,1.89,0.4110197045874033
0.05,PPO-HK,190,1.9,0.4102572088080623
0.05,PPO-HK,191,1.91,0.41003728120792465
0.05,PPO-HK,192,1.92,0.40915061191115254
0.05,PPO-HK,193,1.93,0.40924215851348594
0.05,PPO-HK,194,1.94,0.4093755814767115
0.05,PPO-HK,195,1.95,0.4083622673505848
0.05,PPO-HK,196,1.96,0.4084656081009479
0.05,PPO-HK,197,1.97,0.4085445775980296
0.05,PPO-HK,198,1.98,0.40874019319330446
0.05,PPO-HK,199,1.99,0.4079803241870896
0.05,PPO-HK,200,2.0,0.40702854959035273
0.05,PPO-HK,201,2.01,0.40666045256039707
0.05,PPO-HK,202,2.02,0.4067445064013553
0.05,PPO-HK,203,2.03,0.40573919385333096
0.05,PPO-HK,204,2.04,0.4055811928018533
0.05,PPO-HK,205,2.05,0.40546254593761477
0.05,PPO-HK,206,2.06,0.40591155362800124
0.05,PPO-HK,207,2.07,0.4060356996034368
0.05,PPO-HK,208,2.08,0.4064679469077942
0.05,PPO-HK,209,2.09,0.4055833869773604
0.05,PPO-HK,210,2.1,0.40588773703282766
0.05,PPO-HK,211,2.11,0.4061430662124721
0.05,PPO-HK,212,2.12,0.40532999116539536
0.05,PPO-HK,213,2.13,0.40561015086000013
0.05,PPO-HK,214,2.14,0.4055956817447039
0.05,PPO-HK,215,2.15,0.4063894578130486
0.05,PPO-HK,216,2.16,0.40558548016536317
0.05,PPO-HK,217,2.17,0.4048339875323834
0.05,PPO-HK,218,2.18,0.4047197473147067
0.05,PPO-HK,219,2.19,0.40500779391704006
0.05,PPO-HK,220,2.2,0.4042206143472746
0.05,PPO-HK,221,2.21,0.4035461292972133
0.05,PPO-HK,222,2.22,0.40312277390834617
0.05,PPO-HK,223,2.23,0.40383468226732644
0.05,PPO-HK,224,2.24,0.40340829343918383
0.05,PPO-HK,225,2.25,0.4026460389476219
0.05,PPO-HK,226,2.26,0.40190968546068023
0.05,PPO-HK,227,2.27,0.40166003869537037
0.05,PPO-HK,228,2.28,0.401626669070197
0.05,PPO-HK,229,2.29,0.4016037208814517
0.05,PPO-HK,230,2.3,0.400523753824698
0.05,PPO-HK,231,2.31,0.40049306977551186
0.05,PPO-HK,232,2.32,0.40044636909870657
0.05,PPO-HK,233,2.33,0.40009484665687856
0.05,PPO-HK,234,2.34,0.40007846177379486
0.05,PPO-HK,235,2.35,0.4002442115245368
0.05,PPO-HK,236,2.36,0.3994013067480034
0.05,PPO-HK,237,2.37,0.3990781906088128
0.05,PPO-HK,238,2.38,0.3988910622266579
0.05,PPO-HK,239,2.39,0.3981744345420781
0.05,PPO-HK,240,2.4,0.3981949221918853
0.05,PPO-HK,241,2.41,0.39820443952774814
0.05,PPO-HK,242,2.42,0.3971369317487296
0.05,PPO-HK,243,2.43,0.3973082756790444
0.05,PPO-HK,244,2.44,0.39809687887419754
0.05,PPO-HK,245,2.45,0.39754168219288777
0.05,PPO-HK,246,2.46,0.39696930787429585
0.05,PPO-HK,247,2.47,0.39715055274213185
0.05,PPO-HK,248,2.48,0.39706103752785427
0.05,PPO-HK,249,2.49,0.39643524860168144
0.05,PPO-HK,250,2.5,0.39654554677952725
0.05,PPO-HK,251,2.51,0.3960371667520831
0.05,PPO-HK,252,2.52,0.39563598679207185
0.05,PPO-HK,253,2.53,0.39497442333954175
0.05,PPO-HK,254,2.54,0.3949841493869283
0.05,PPO-HK,255,2.55,0.3951834785665727
0.05,PPO-HK,256,2.56,0.3956408292509209
0.05,PPO-HK,257,2.57,0.39545054592453976
0.05,PPO-HK,258,2.58,0.3950428154187649
0.05,PPO-HK,259,2.59,0.3944485911484199
0.05,PPO-HK,260,2.6,0.3937223059148418
0.05,PPO-HK,261,2.61,0.3937416954524294
0.05,PPO-HK,262,2.62,0.3937047368200936
0.05,PPO-HK,263,2.63,0.39357596702068137
0.05,PPO-HK,264,2.64,0.39303186863442335
0.05,PPO-HK,265,2.65,0.39315571256473825
0.05,PPO-HK,266,2.66,0.39320221331824207
0.05,PPO-HK,267,2.67,0.3915582147487435
0.05,PPO-HK,268,2.68,0.3905980549073259
0.05,PPO-HK,269,2.69,0.39019816335636376
0.05,PPO-HK,270,2.7,0.3897986024348172
0.05,PPO-HK,271,2.71,0.3889088517494658
0.05,PPO-HK,272,2.72,0.38926994870277587
0.05,PPO-HK,273,2.73,0.3890382695936223
0.05,PPO-HK,274,2.74,0.3877831881605094
0.05,PPO-HK,275,2.75,0.3867685283095123
0.05,PPO-HK,276,2.76,0.38592362991309087
0.05,PPO-HK,277,2.77,0.3857869817080497
0.05,PPO-HK,278,2.78,0.38660022319170717
0.05,PPO-HK,279,2.79,0.3867372068985769
0.05,PPO-HK,280,2.8,0.38687156891297847
0.05,PPO-HK,281,2.81,0.38627430540587726
0.05,PPO-HK,282,2.82,0.3855625990033643
0.05,PPO-HK,283,2.83,0.38517697983144283
0.05,PPO-HK,284,2.84,0.3856301782037638
0.05,PPO-HK,285,2.85,0.38481723036361914
0.05,PPO-HK,286,2.86,0.3844270648307948
0.05,PPO-HK,287,2.87,0.38314939951784033
0.05,PPO-HK,288,2.88,0.38347324348138123
0.05,PPO-HK,289,2.89,0.38266206021820187
0.05,PPO-HK,290,2.9,0.38196427129202926
0.05,PPO-HK,291,2.91,0.3817718436918915
0.05,PPO-HK,292,2.92,0.38091467439511945
0.05,PPO-HK,293,2.93,0.38104372099745276
0.05,PPO-HK,294,2.94,0.38083849279857845
0.05,PPO-HK,295,2.95,0.379498539709715
0.05,PPO-HK,296,2.96,0.37961438046007817
0.05,PPO-HK,297,2.97,0.37973184995716003
0.05,PPO-HK,298,2.98,0.3795133651806626
0.05,PPO-HK,299,2.99,0.37879249617444766
0.05,PPO-HK,300,3.0,0.37814350058182405
0.05,PPO-HK,301,3.01,0.37781440355186846
0.05,PPO-HK,302,3.02,0.3779224573928266
0.05,PPO-HK,303,3.03,0.3765751501700915
0.05,PPO-HK,304,3.04,0.37645664911861393
0.05,PPO-HK,305,3.05,0.37636950225437527
0.05,PPO-HK,306,3.06,0.37649220140075695
0.05,PPO-HK,307,3.07,0.37624488917371673
0.05,PPO-HK,308,3.08,0.3763766998357949
0.05,PPO-HK,309,3.09,0.3755226399053612
0.05,PPO-HK,310,3.1,0.3758679899608285
0.05,PPO-HK,311,3.11,0.37577530695468864
0.05,PPO-HK,312,3.12,0.374986231907612
0.05,PPO-HK,313,3.13,0.3749346020591543
0.05,PPO-HK,314,3.14,0.3746003839291936
0.05,PPO-HK,315,3.15,0.37473993607541595
0.05,PPO-HK,316,3.16,0.37397945842773067
0.05,PPO-HK,317,3.17,0.3732629657947507
0.05,PPO-HK,318,3.18,0.3731812255770741
0.05,PPO-HK,319,3.19,0.3730933657273116
0.05,PPO-HK,320,3.2,0.372350186157546
0.05,PPO-HK,321,3.21,0.3717132011074849
0.05,PPO-HK,322,3.22,0.37133384571861777
0.05,PPO-HK,323,3.23,0.3713608768100859
0.05,PPO-HK,324,3.24,0.3709594879819433
0.05,PPO-HK,325,3.25,0.36990825404105465
0.05,PPO-HK,326,3.26,0.36920890055411293
0.05,PPO-HK,327,3.27,0.368998253788803
0.05,PPO-HK,328,3.28,0.36900388416362967
0.05,PPO-HK,329,3.29,0.36901743597488446
0.05,PPO-HK,330,3.3,0.3679829689181306
0.05,PPO-HK,331,3.31,0.36798228486894463
0.05,PPO-HK,332,3.32,0.36798108419213926
0.05,PPO-HK,333,3.33,0.36767506175031117
0.05,PPO-HK,334,3.34,0.36734533507747574
0.05,PPO-HK,335,3.35,0.36754708482821774
0.05,PPO-HK,336,3.36,0.3667386800516843
0.05,PPO-HK,337,3.37,0.3664315639124937
0.05,PPO-HK,338,3.38,0.3662904355303387
0.05,PPO-HK,339,3.39,0.36561130784575885
0.05,PPO-HK,340,3.4,0.36565779549556593
0.05,PPO-HK,341,3.41,0.3656918128314288
0.05,PPO-HK,342,3.42,0.3646603050524103
0.05,PPO-HK,343,3.43,0.36487764898272523
0.05,PPO-HK,344,3.44,0.3652951921795029
0.05,PPO-HK,345,3.45,0.3647864954981931
0.05,PPO-HK,346,3.46,0.36424912117960123
0.05,PPO-HK,347,3.47,0.36447686604743706
0.05,PPO-HK,348,3.48,0.3644338508331595
0.05,PPO-HK,349,3.49,0.3635058885853368
0.05,PPO-HK,350,3.5,0.36362618676318254
0.05,PPO-HK,351,3.51,0.3631558067357382
0.05,PPO-HK,352,3.52,0.362801626775727
0.05,PPO-HK,353,3.53,0.362180063323197
0.05,PPO-HK,354,3.54,0.36223678937058346
0.05,PPO-HK,355,3.55,0.36210860636444375
0.05,PPO-HK,356,3.56,0.3626134570487918
0.05,PPO-HK,357,3.57,0.36246067372241075
0.05,PPO-HK,358,3.58,0.36210044321663604
0.05,PPO-HK,359,3.59,0.3611940663517208
0.05,PPO-HK,360,3.6,0.3605157811181427
0.05,PPO-HK,361,3.61,0.3605831706557302
0.05,PPO-HK,362,3.62,0.3605842120233946
0.05,PPO-HK,363,3.63,0.3600861255155887
0.05,PPO-HK,364,3.64,0.3595905271293308
0.05,PPO-HK,365,3.65,0.3597628710596456
0.05,PPO-HK,366,3.66,0.35985787181314943
0.05,PPO-HK,367,3.67,0.3582623732436509
0.05,PPO-HK,368,3.68,0.3573507134022333
0.05,PPO-HK,369,3.69,0.3569993218512711
0.05,PPO-HK,370,3.7,0.35664826092972457
0.05,PPO-HK,371,3.71,0.3558070102443732
0.05,PPO-HK,372,3.72,0.3561951071976832
0.05,PPO-HK,373,3.73,0.35600442808852967
0.05,PPO-HK,374,3.74,0.35478834665541675
0.05,PPO-HK,375,3.75,0.35381218680441967
0.05,PPO-HK,376,3.76,0.35270832407637076
0.05,PPO-HK,377,3.77,0.3526086758713295
0.05,PPO-HK,378,3.78,0.35280272580329086
0.05,PPO-HK,379,3.79,0.35297920951016065
0.05,PPO-HK,380,3.8,0.3531530715245623
0.05,PPO-HK,381,3.81,0.3522878547023146
0.05,PPO-HK,382,3.82,0.35160364829980173
0.05,PPO-HK,383,3.83,0.35125902912788015
0.05,PPO-HK,384,3.84,0.3517627275002011
0.05,PPO-HK,385,3.85,0.3510002796600564
0.05,PPO-HK,386,3.86,0.3506511141272322
0.05,PPO-HK,387,3.87,0.34942394881427785
0.05,PPO-HK,388,3.88,0.3494518806846178
0.05,PPO-HK,389,3.89,0.34833056126629974
0.05,PPO-HK,390,3.9,0.34735059901847704
0.05,PPO-HK,391,3.91,0.34719767141833924
0.05,PPO-HK,392,3.92,0.34638250212156707
0.05,PPO-HK,393,3.93,0.3461751422718046
0.05,PPO-HK,394,3.94,0.3460029140729303
0.05,PPO-HK,395,3.95,0.3447029609840669
0.05,PPO-HK,396,3.96,0.3448383017344301
0.05,PPO-HK,397,3.97,0.34500827123151173
0.05,PPO-HK,398,3.98,0.34480028645501437
0.05,PPO-HK,399,3.99,0.34413191744879956
0.05,PPO-HK,400,4.0,0.34344802795941615
0.05,PPO-HK,401,4.01,0.34317143092946056
0.05,PPO-HK,402,4.02,0.34331148477041873
0.05,PPO-HK,403,4.03,0.3420061775476836
0.05,PPO-HK,404,4.04,0.34194017649620606
0.05,PPO-HK,405,4.05,0.3418955296319674
0.05,PPO-HK,406,4.06,0.34173151352279335
0.05,PPO-HK,407,4.07,0.34150570129575314
0.05,PPO-HK,408,4.08,0.34167951195783136
0.05,PPO-HK,409,4.09,0.34086595202739767
0.05,PPO-HK,410,4.1,0.34126430208286485
0.05,PPO-HK,411,4.11,0.3411906190767251
0.05,PPO-HK,412,4.12,0.3404335440296485
0.05,PPO-HK,413,4.13,0.34042441418119074
0.05,PPO-HK,414,4.14,0.34011369605123004
0.05,PPO-HK,415,4.15,0.339969964133993
0.05,PPO-HK,416,4.16,0.33926298648630754
0.05,PPO-HK,417,4.17,0.3385884938533278
0.05,PPO-HK,418,4.18,0.33854775363565126
0.05,PPO-HK,419,4.19,0.33819792678803706
0.05,PPO-HK,420,4.2,0.3375087472182715
0.05,PPO-HK,421,4.21,0.3369167621682103
0.05,PPO-HK,422,4.22,0.33628380360688975
0.05,PPO-HK,423,4.23,0.3363313346983579
0.05,PPO-HK,424,4.24,0.3359604458702153
0.05,PPO-HK,425,4.25,0.33495221192932667
0.05,PPO-HK,426,4.26,0.3342958584423849
0.05,PPO-HK,427,4.27,0.3337848371613828
0.05,PPO-HK,428,4.28,0.33383646753620944
0.05,PPO-HK,429,4.29,0.33389351934746403
0.05,PPO-HK,430,4.3,0.33291405229071036
0.05,PPO-HK,431,4.31,0.33262094780602813
0.05,PPO-HK,432,4.32,0.33236507547998373
0.05,PPO-HK,433,4.33,0.3321150530381556
0.05,PPO-HK,434,4.34,0.33182982636532016
0.05,PPO-HK,435,4.35,0.3320765761160621
0.05,PPO-HK,436,4.36,0.3313116713395288
0.05,PPO-HK,437,4.37,0.3310250552003382
0.05,PPO-HK,438,4.38,0.3309399268181832
0.05,PPO-HK,439,4.39,0.33030479913360344
0.05,PPO-HK,440,4.4,0.3300240746496716
0.05,PPO-HK,441,4.41,0.33009109198553443
0.05,PPO-HK,442,4.42,0.32910508420651585
0.05,PPO-HK,443,4.43,0.329017569297944
0.05,PPO-HK,444,4.44,0.3294821124947217
0.05,PPO-HK,445,4.45,0.32903041581341186
0.05,PPO-HK,446,4.46,0.32853754149482006
0.05,PPO-HK,447,4.47,0.3284984357649516
0.05,PPO-HK,448,4.48,0.328512920550674
0.05,PPO-HK,449,4.49,0.3276184583028512
0.05,PPO-HK,450,4.5,0.32774975648069704
0.05,PPO-HK,451,4.51,0.3273248764532528
0.05,PPO-HK,452,4.52,0.3270281964932416
0.05,PPO-HK,453,4.53,0.3264541330407115
0.05,PPO-HK,454,4.54,0.326568359088098
0.05,PPO-HK,455,4.55,0.32646117608195824
0.05,PPO-HK,456,4.56,0.32665439750898895
0.05,PPO-HK,457,4.57,0.3265476141826078
0.05,PPO-HK,458,4.58,0.32624538367683303
0.05,PPO-HK,459,4.59,0.32537400681191786
0.05,PPO-HK,460,4.6,0.3247537215783398
0.05,PPO-HK,461,4.61,0.3248791111159275
0.05,PPO-HK,462,4.62,0.32461947043978434
0.05,PPO-HK,463,4.63,0.32414538393197845
0.05,PPO-HK,464,4.64,0.32370828554572045
0.05,PPO-HK,465,4.65,0.3235857706371487
0.05,PPO-HK,466,4.66,0.3237397713906526
0.05,PPO-HK,467,4.67,0.32220327282115396
0.05,PPO-HK,468,4.68,0.3213506129797364
0.05,PPO-HK,469,4.69,0.32105822142877416
0.05,PPO-HK,470,4.7,0.32076616050722767
0.05,PPO-HK,471,4.71,0.3199839098218763
0.05,PPO-HK,472,4.72,0.3204070067751863
0.05,PPO-HK,473,4.73,0.3202643276660328
0.05,PPO-HK,474,4.74,0.31909524623291985
0.05,PPO-HK,475,4.75,0.3181670863819228
0.05,PPO-HK,476,4.76,0.3171092236538738
0.05,PPO-HK,477,4.77,0.31705557544883256
0.05,PPO-HK,478,4.78,0.3170990706991357
0.05,PPO-HK,479,4.79,0.31704064559622486
0.05,PPO-HK,480,4.8,0.31668726123183033
0.05,PPO-HK,481,4.81,0.3158685444095826
0.05,PPO-HK,482,4.82,0.31521883800706973
0.05,PPO-HK,483,4.83,0.31492321883514823
0.05,PPO-HK,484,4.84,0.3151732060901502
0.05,PPO-HK,485,4.85,0.314165639912117
0.05,PPO-HK,486,4.86,0.3138664743792927
0.05,PPO-HK,487,4.87,0.31270130906633825
0.05,PPO-HK,488,4.88,0.31276824093667843
0.05,PPO-HK,489,4.89,0.3116969215183603
0.05,PPO-HK,490,4.9,0.3107544592705374
0.05,PPO-HK,491,4.91,0.31035884546030956
0.05,PPO-HK,492,4.92,0.30959517616353754
0.05,PPO-HK,493,4.93,0.30915984931592344
0.05,PPO-HK,494,4.94,0.30902612111704914
0.05,PPO-HK,495,4.95,0.3077746680281857
0.05,PPO-HK,496,4.96,0.30793450877854883
0.05,PPO-HK,497,4.97,0.30816747827563057
0.05,PPO-HK,498,4.98,0.30819547352593357
0.05,PPO-HK,499,4.99,0.30758960451971884
0.05,PPO-HK,500,5.0,0.306669182258137
0.05,PPO-HK,501,5.01,0.3061510392524597
0.05,PPO-HK,502,5.02,0.3060161839277404
0.05,PPO-HK,503,5.03,0.30476137670500525
0.05,PPO-HK,504,5.04,0.30475887565352766
0.05,PPO-HK,505,5.05,0.304767228789289
0.05,PPO-HK,506,5.06,0.30464321268011507
0.05,PPO-HK,507,5.07,0.30447098567384157
0.05,PPO-HK,508,5.08,0.30469529633591985
0.05,PPO-HK,509,5.09,0.30393073640548596
0.05,PPO-HK,510,5.1,0.3043925864609533
0.05,PPO-HK,511,5.11,0.30434190345481354
0.05,PPO-HK,512,5.12,0.30362482840773686
0.05,PPO-HK,513,5.13,0.3033535652648899
0.05,PPO-HK,514,5.14,0.30307034713492925
0.05,PPO-HK,515,5.15,0.3028931201286558
0.05,PPO-HK,516,5.16,0.3020053249846947
0.05,PPO-HK,517,5.17,0.3013823323517149
0.05,PPO-HK,518,5.18,0.30139159213403827
0.05,PPO-HK,519,5.19,0.3010802652864242
0.05,PPO-HK,520,5.2,0.3004555857166586
0.05,PPO-HK,521,5.21,0.29991510066659743
0.05,PPO-HK,522,5.22,0.2993336421052769
0.05,PPO-HK,523,5.23,0.299407173196745
0.05,PPO-HK,524,5.24,0.29907328436860237
0.05,PPO-HK,525,5.25,0.2981165504277138
0.05,PPO-HK,526,5.26,0.2975116969407721
0.05,PPO-HK,527,5.27,0.29704117565976984
0.05,PPO-HK,528,5.28,0.29687773504179094
0.05,PPO-HK,529,5.29,0.29666008682270784
0.05,PPO-HK,530,5.3,0.29574611976595416
0.05,PPO-HK,531,5.31,0.29548101528127196
0.05,PPO-HK,532,5.32,0.2949530900187344
0.05,PPO-HK,533,5.33,0.29476906757690624
0.05,PPO-HK,534,5.34,0.29453684090407084
0.05,PPO-HK,535,5.35,0.2948380906548128
0.05,PPO-HK,536,5.36,0.29412468587827933
0.05,PPO-HK,537,5.37,0.2938645697390887
0.05,PPO-HK,538,5.38,0.29384544135693375
0.05,PPO-HK,539,5.39,0.29326281367235396
0.05,PPO-HK,540,5.4,0.29300658918842215
0.05,PPO-HK,541,5.41,0.2931136065242851
0.05,PPO-HK,542,5.42,0.2921820987452665
0.05,PPO-HK,543,5.43,0.29214708383669474
0.05,PPO-HK,544,5.44,0.29235958359444375
0.05,PPO-HK,545,5.45,0.29197438691313415
0.05,PPO-HK,546,5.46,0.29153351259454224
0.05,PPO-HK,547,5.47,0.29152924200093067
0.05,PPO-HK,548,5.48,0.2910545254135066
0.05,PPO-HK,549,5.49,0.290200063165684
0.05,PPO-HK,550,5.5,0.2903433613435297
0.05,PPO-HK,551,5.51,0.2899719813160855
0.05,PPO-HK,552,5.52,0.2897428013560742
0.05,PPO-HK,553,5.53,0.28922273790354425
0.05,PPO-HK,554,5.54,0.28886561992111626
0.05,PPO-HK,555,5.55,0.2887839369149765
0.05,PPO-HK,556,5.56,0.28880119561571094
0.05,PPO-HK,557,5.57,0.2887494122893298
0.05,PPO-HK,558,5.58,0.28851618178355504
0.05,PPO-HK,559,5.59,0.2876873049186398
0.05,PPO-HK,560,5.6,0.28713601968506186
0.05,PPO-HK,561,5.61,0.2870194813010454
0.05,PPO-HK,562,5.62,0.2868003406249023
0.05,PPO-HK,563,5.63,0.28635475411709643
0.05,PPO-HK,564,5.64,0.2859871557308386
0.05,PPO-HK,565,5.65,0.2859201408222668
0.05,PPO-HK,566,5.66,0.28588787022865514
0.05,PPO-HK,567,5.67,0.2844213716591566
0.05,PPO-HK,568,5.68,0.2833855019244486
0.05,PPO-HK,569,5.69,0.28316361037348636
0.05,PPO-HK,570,5.7,0.28294204945193985
0.05,PPO-HK,571,5.71,0.2822302987665885
0.05,PPO-HK,572,5.72,0.2827050196635662
0.05,PPO-HK,573,5.73,0.2826188405544126
0.05,PPO-HK,574,5.74,0.2815052591212996
0.05,PPO-HK,575,5.75,0.28063559927030257
0.05,PPO-HK,576,5.76,0.27963323654225364
0.05,PPO-HK,577,5.77,0.2793211807055272
0.05,PPO-HK,578,5.78,0.27909593410612354
0.05,PPO-HK,579,5.79,0.2790795090032127
0.05,PPO-HK,580,5.8,0.27875362463881814
0.05,PPO-HK,581,5.81,0.27799140781657056
0.05,PPO-HK,582,5.82,0.2773837014140576
0.05,PPO-HK,583,5.83,0.27714458224213595
0.05,PPO-HK,584,5.84,0.27718779794267295
0.05,PPO-HK,585,5.85,0.27619950279871186
0.05,PPO-HK,586,5.86,0.27595733726588767
0.05,PPO-HK,587,5.87,0.2748641719529331
0.05,PPO-HK,588,5.88,0.2745208573214563
0.05,PPO-HK,589,5.89,0.2735080379031382
0.05,PPO-HK,590,5.9,0.27260857565531543
0.05,PPO-HK,591,5.91,0.2722554618450876
0.05,PPO-HK,592,5.92,0.2715517925483155
0.05,PPO-HK,593,5.93,0.27115996570070144
0.05,PPO-HK,594,5.94,0.27080196726194594
0.05,PPO-HK,595,5.95,0.2696085141730825
0.05,PPO-HK,596,5.96,0.27005873507006006
0.05,PPO-HK,597,5.97,0.2703647045671418
0.05,PPO-HK,598,5.98,0.2701324579677381
0.05,PPO-HK,599,5.99,0.2696000889615233
0.05,PPO-HK,600,6.0,0.26815895596259237
0.05,PPO-HK,601,6.01,0.26769960784916574
0.05,PPO-HK,602,6.02,0.26770151405396736
0.05,PPO-HK,603,6.03,0.2665055017234829
0.05,PPO-HK,604,6.04,0.26628034564436615
0.05,PPO-HK,605,6.05,0.2663482838356919
0.05,PPO-HK,606,6.06,0.26626926437944576
0.05,PPO-HK,607,6.07,0.2661941950658306
0.05,PPO-HK,608,6.08,0.2659355767396997
0.05,PPO-HK,609,6.09,0.26523032677503644
0.05,PPO-HK,610,6.1,0.26524534065484123
0.05,PPO-HK,611,6.11,0.2652245359297192
0.05,PPO-HK,612,6.12,0.2645524575355702
0.05,PPO-HK,613,6.13,0.26432693616617164
0.05,PPO-HK,614,6.14,0.264075134647444
0.05,PPO-HK,615,6.15,0.26399406533382885
0.05,PPO-HK,616,6.16,0.263166319961598
0.05,PPO-HK,617,6.17,0.2626033771003485
0.05,PPO-HK,618,6.18,0.2626729468484423
0.05,PPO-HK,619,6.19,0.26266499063603205
0.05,PPO-HK,620,6.2,0.2621159492406333
0.05,PPO-HK,621,6.21,0.26163727720272373
0.05,PPO-HK,622,6.22,0.2611171135336539
0.05,PPO-HK,623,6.23,0.26110551973845547
0.05,PPO-HK,624,6.24,0.2608158524734467
0.05,PPO-HK,625,6.25,0.25991866830428834
0.05,PPO-HK,626,6.26,0.2593751097095974
0.05,PPO-HK,627,6.27,0.2589503483219444
0.05,PPO-HK,628,6.28,0.2588338774340009
0.05,PPO-HK,629,6.29,0.2586602258678457
0.05,PPO-HK,630,6.3,0.25782189698545876
0.05,PPO-HK,631,6.31,0.25758646399148916
0.05,PPO-HK,632,6.32,0.25710550845898705
0.05,PPO-HK,633,6.33,0.25699712419152576
0.05,PPO-HK,634,6.34,0.25655269191042684
0.05,PPO-HK,635,6.35,0.25667233465809164
0.05,PPO-HK,636,6.36,0.2560202398473287
0.05,PPO-HK,637,6.37,0.25579103727298996
0.05,PPO-HK,638,6.38,0.2556254353223683
0.05,PPO-HK,639,6.39,0.255066759427106
0.05,PPO-HK,640,6.4,0.25484367646461326
0.05,PPO-HK,641,6.41,0.25455519281215483
0.05,PPO-HK,642,6.42,0.2534493730035662
0.05,PPO-HK,643,6.43,0.25324919647300925
0.05,PPO-HK,644,6.44,0.25322360267781086
0.05,PPO-HK,645,6.45,0.2526998035817683
0.05,PPO-HK,646,6.46,0.252323239228947
0.05,PPO-HK,647,6.47,0.2523810184070657
0.05,PPO-HK,648,6.48,0.2519373993846193
0.05,PPO-HK,649,6.49,0.2511301436264107
0.05,PPO-HK,650,6.5,0.2512894949230589
0.05,PPO-HK,651,6.51,0.25098340978786543
0.05,PPO-HK,652,6.52,0.25056744288951954
0.05,PPO-HK,653,6.53,0.2501131924491412
0.05,PPO-HK,654,6.54,0.24980328095632734
0.05,PPO-HK,655,6.55,0.2497524762312054
0.05,PPO-HK,656,6.56,0.24981921973549492
0.05,PPO-HK,657,6.57,0.24958394589273003
0.05,PPO-HK,658,6.58,0.2494318535613222
0.05,PPO-HK,659,6.59,0.24865221846985536
0.05,PPO-HK,660,6.6,0.24818207141064413
0.05,PPO-HK,661,6.61,0.24813184603877936
0.05,PPO-HK,662,6.62,0.2479594269257701
0.05,PPO-HK,663,6.63,0.24754727210271704
0.05,PPO-HK,664,6.64,0.24700920998793302
0.05,PPO-HK,665,6.65,0.24678653345737614
0.05,PPO-HK,666,6.66,0.2468178126354949
0.05,PPO-HK,667,6.67,0.24543345224036311
0.05,PPO-HK,668,6.68,0.24446387739790593
0.05,PPO-HK,669,6.69,0.24432412402131054
0.05,PPO-HK,670,6.7,0.24418470127413083
0.05,PPO-HK,671,6.71,0.243331999815501
0.05,PPO-HK,672,6.72,0.2436111578254845
0.05,PPO-HK,673,6.73,0.24359329172848257
0.05,PPO-HK,674,6.74,0.24254650518762028
0.05,PPO-HK,675,6.75,0.24152259956113625
0.05,PPO-HK,676,6.76,0.24058704679885778
0.05,PPO-HK,677,6.77,0.24049909058644747
0.05,PPO-HK,678,6.78,0.24046668094410556
0.05,PPO-HK,679,6.79,0.24049797740432854
0.05,PPO-HK,680,6.8,0.24020498944085267
0.05,PPO-HK,681,6.81,0.2395888135455904
0.05,PPO-HK,682,6.82,0.23910769452314398
0.05,PPO-HK,683,6.83,0.2389348702434731
0.05,PPO-HK,684,6.84,0.23882000332364717
0.05,PPO-HK,685,6.85,0.23789625795141633
0.05,PPO-HK,686,6.86,0.23772088731084293
0.05,PPO-HK,687,6.87,0.23671086017225534
0.05,PPO-HK,688,6.88,0.2363823707029938
0.05,PPO-HK,689,6.89,0.23543786429682725
0.05,PPO-HK,690,6.9,0.23458660853861865
0.05,PPO-HK,691,6.91,0.23428121629152462
0.05,PPO-HK,692,6.92,0.23364413205031692
0.05,PPO-HK,693,6.93,0.2335356758379066
0.05,PPO-HK,694,6.94,0.2332130940103841
0.05,PPO-HK,695,6.95,0.23208545088729116
0.05,PPO-HK,696,6.96,0.23234760889727468
0.05,PPO-HK,697,6.97,0.23273671656872325
0.05,PPO-HK,698,6.98,0.23269080692638133
0.05,PPO-HK,699,6.99,0.23224107609453334
0.05,PPO-HK,700,7.0,0.23105159631810862
0.05,PPO-HK,701,7.01,0.2306579570260142
0.05,PPO-HK,702,7.02,0.23047787193197639
0.05,PPO-HK,703,7.03,0.22934806842282415
0.05,PPO-HK,704,7.04,0.22918874306224588
0.05,PPO-HK,705,7.05,0.2291199091916745
0.05,PPO-HK,706,7.06,0.22916627408859933
0.05,PPO-HK,707,7.07,0.22890972846558613
0.05,PPO-HK,708,7.08,0.22878444574230436
0.05,PPO-HK,709,7.09,0.2281454788556241
0.05,PPO-HK,710,7.1,0.22820820126505337
0.05,PPO-HK,711,7.11,0.22821836033771564
0.05,PPO-HK,712,7.12,0.22759399047319123
0.05,PPO-HK,713,7.13,0.22741910273104635
0.05,PPO-HK,714,7.14,0.22720354623586655
0.05,PPO-HK,715,7.15,0.22694450061285337
0.05,PPO-HK,716,7.16,0.2261815389643254
0.05,PPO-HK,717,7.17,0.22568337982677883
0.05,PPO-HK,718,7.18,0.2256772514605639
0.05,PPO-HK,719,7.19,0.2253126430071991
0.05,PPO-HK,720,7.2,0.22497057700161194
0.05,PPO-HK,721,7.21,0.22456242227261342
0.05,PPO-HK,722,7.22,0.22411046742487567
0.05,PPO-HK,723,7.23,0.2239248823308379
0.05,PPO-HK,724,7.24,0.22368387595489814
0.05,PPO-HK,725,7.25,0.22285347550944282
0.05,PPO-HK,726,7.26,0.22237862573608388
0.05,PPO-HK,727,7.27,0.22200830646326344
0.05,PPO-HK,728,7.28,0.22194565579294637
0.05,PPO-HK,729,7.29,0.22182221275641562
0.05,PPO-HK,730,7.3,0.22106978978664554
0.05,PPO-HK,731,7.31,0.22094165988476755
0.05,PPO-HK,732,7.32,0.22051452456989173
0.05,PPO-HK,733,7.33,0.22026492409697518
0.05,PPO-HK,734,7.34,0.21987120034550067
0.05,PPO-HK,735,7.35,0.21977232847857806
0.05,PPO-HK,736,7.36,0.21918901674579813
0.05,PPO-HK,737,7.37,0.2189943249640793
0.05,PPO-HK,738,7.38,0.21889650673716057
0.05,PPO-HK,739,7.39,0.21840661391988136
0.05,PPO-HK,740,7.4,0.2183784855536664
0.05,PPO-HK,741,7.41,0.21832229226022637
0.05,PPO-HK,742,7.42,0.21726810607889135
0.05,PPO-HK,743,7.43,0.21712174976596074
0.05,PPO-HK,744,7.44,0.21692966467192298
0.05,PPO-HK,745,7.45,0.21647314929958336
0.05,PPO-HK,746,7.46,0.21591317904494536
0.05,PPO-HK,747,7.47,0.21603874194676698
0.05,PPO-HK,748,7.48,0.2153991601949332
0.05,PPO-HK,749,7.49,0.21464249106914265
0.05,PPO-HK,750,7.5,0.21500225588433375
0.05,PPO-HK,751,7.51,0.21454636666003027
0.05,PPO-HK,752,7.52,0.21420060858301654
0.05,PPO-HK,753,7.53,0.21362611833913675
0.05,PPO-HK,754,7.54,0.213367293478741
0.05,PPO-HK,755,7.55,0.21334895255140332
0.05,PPO-HK,756,7.56,0.21323303419188105
0.05,PPO-HK,757,7.57,0.21304846887874068
0.05,PPO-HK,758,7.58,0.2129847824599497
0.05,PPO-HK,759,7.59,0.2122577809957365
0.05,PPO-HK,760,7.6,0.2116907024810544
0.05,PPO-HK,761,7.61,0.21151511762433348
0.05,PPO-HK,762,7.62,0.21139285940039332
0.05,PPO-HK,763,7.63,0.21101802385753904
0.05,PPO-HK,764,7.64,0.2105497454664579
0.05,PPO-HK,765,7.65,0.21038438915352728
0.05,PPO-HK,766,7.66,0.21048545205534894
0.05,PPO-HK,767,7.67,0.20919049757283414
0.05,PPO-HK,768,7.68,0.20829263155170907
0.05,PPO-HK,769,7.69,0.20824228408773052
0.05,PPO-HK,770,7.7,0.20776625699988555
0.05,PPO-HK,771,7.71,0.20698626436258788
0.05,PPO-HK,772,7.72,0.20733152917777886
0.05,PPO-HK,773,7.73,0.20738918038968795
0.05,PPO-HK,774,7.74,0.20641510267015795
0.05,PPO-HK,775,7.75,0.2054439049275785
0.05,PPO-HK,776,7.76,0.20457913524328308
0.05,PPO-HK,777,7.77,0.2041765267899183
0.05,PPO-HK,778,7.78,0.20389787458642195
0.05,PPO-HK,779,7.79,0.20398033193571405
0.05,PPO-HK,780,7.8,0.20402020075453325
0.05,PPO-HK,781,7.81,0.20347530793725394
0.05,PPO-HK,782,7.82,0.20281222618542016
0.05,PPO-HK,783,7.83,0.20247472316110923
0.05,PPO-HK,784,7.84,0.20239867552148205
0.05,PPO-HK,785,7.85,0.20154671387295411
0.05,PPO-HK,786,7.86,0.20144555205371276
0.05,PPO-HK,787,7.87,0.2003331203571145
0.05,PPO-HK,788,7.88,0.20030148525403935
0.05,PPO-HK,789,7.89,0.19943399615678384
0.05,PPO-HK,790,7.9,0.19863582703099342
0.05,PPO-HK,791,7.91,0.19838209567296844
0.05,PPO-HK,792,7.92,0.19792452966738122
0.05,PPO-HK,793,7.93,0.19751192121401653
0.05,PPO-HK,794,7.94,0.19723008441004186
0.05,PPO-HK,795,7.95,0.1961747243649319
0.05,PPO-HK,796,7.96,0.1965039891801229
0.05,PPO-HK,797,7.97,0.19652635799894205
0.05,PPO-HK,798,7.98,0.1962407057954457
0.05,PPO-HK,799,7.99,0.19588488087621472
0.05,PPO-HK,800,8.0,0.19502863717212865
0.05,PPO-HK,801,8.01,0.1945094426134143
0.05,PPO-HK,802,8.02,0.1943501744868547
0.05,PPO-HK,803,8.03,0.19329615776740033
0.05,PPO-HK,804,8.04,0.19321257366208966
0.05,PPO-HK,805,8.05,0.1931986640793077
0.05,PPO-HK,806,8.06,0.19291180315477735
0.05,PPO-HK,807,8.07,0.1926646275884089
0.05,PPO-HK,808,8.08,0.19241695202204046
0.05,PPO-HK,809,8.09,0.19185153372815755
0.05,PPO-HK,810,8.1,0.19197068042537618
0.05,PPO-HK,811,8.11,0.19196389946111025
0.05,PPO-HK,812,8.12,0.19139595388437525
0.05,PPO-HK,813,8.13,0.19128030891454667
0.05,PPO-HK,814,8.14,0.19110730606669693
0.05,PPO-HK,815,8.15,0.19085713050032846
0.05,PPO-HK,816,8.16,0.19016863715697152
0.05,PPO-HK,817,8.17,0.18974494632459588
0.05,PPO-HK,818,8.18,0.1895975833539284
0.05,PPO-HK,819,8.19,0.18927183588542335
0.05,PPO-HK,820,8.2,0.1888354437331345
0.05,PPO-HK,821,8.21,0.18850638515179877
0.05,PPO-HK,822,8.22,0.187911445360369
0.05,PPO-HK,823,8.23,0.18774667723380936
0.05,PPO-HK,824,8.24,0.18755990248318874
0.05,PPO-HK,825,8.25,0.18680547034290432
0.05,PPO-HK,826,8.26,0.18640940735924336
0.05,PPO-HK,827,8.27,0.1860996402167042
0.05,PPO-HK,828,8.28,0.18609858721109862
0.05,PPO-HK,829,8.29,0.18603206846235726
0.05,PPO-HK,830,8.3,0.1853764307652364
0.05,PPO-HK,831,8.31,0.1851078323488738
0.05,PPO-HK,832,8.32,0.18474279469870955
0.05,PPO-HK,833,8.33,0.18457248101549087
0.05,PPO-HK,834,8.34,0.1840035491298288
0.05,PPO-HK,835,8.35,0.18394491242570932
0.05,PPO-HK,836,8.36,0.18343714928572666
0.05,PPO-HK,837,8.37,0.18328096359647228
0.05,PPO-HK,838,8.38,0.18309482197286253
0.05,PPO-HK,839,8.39,0.18249305164331245
0.05,PPO-HK,840,8.4,0.18233168867264496
0.05,PPO-HK,841,8.41,0.18207451310627654
0.05,PPO-HK,842,8.42,0.18108206969725782
0.05,PPO-HK,843,8.43,0.1809978110490389
0.05,PPO-HK,844,8.44,0.18082654292247924
0.05,PPO-HK,845,8.45,0.18044899585531066
0.05,PPO-HK,846,8.46,0.17994788506848353
0.05,PPO-HK,847,8.47,0.17994951306978316
0.05,PPO-HK,848,8.48,0.17934811892588692
0.05,PPO-HK,849,8.49,0.17865141962231626
0.05,PPO-HK,850,8.5,0.17865141962231626
0.05,PPO-HK,851,8.51,0.17825777317032915
0.05,PPO-HK,852,8.52,0.1776791890251534
0.05,PPO-HK,853,8.53,0.17716647796145824
0.05,PPO-HK,854,8.54,0.1769686229232823
0.05,PPO-HK,855,8.55,0.17693884195901638
0.05,PPO-HK,856,8.56,0.17676598281643952
0.05,PPO-HK,857,8.57,0.17642932217130364
0.05,PPO-HK,858,8.58,0.17624234828580404
0.05,PPO-HK,859,8.59,0.1755805895939072
0.05,PPO-HK,860,8.6,0.1750945596720223
0.05,PPO-HK,861,8.61,0.1749793342831124
0.05,PPO-HK,862,8.62,0.17491630768449135
0.05,PPO-HK,863,8.63,0.1746838668798712
0.05,PPO-HK,864,8.64,0.17408735508194975
0.05,PPO-HK,865,8.65,0.17398609643373072
0.05,PPO-HK,866,8.66,0.17397172443503034
0.05,PPO-HK,867,8.67,0.17278155522516475
0.05,PPO-HK,868,8.68,0.17196847599373755
0.05,PPO-HK,869,8.69,0.1720229138024082
0.05,PPO-HK,870,8.7,0.17160916589474787
0.05,PPO-HK,871,8.71,0.17091396004714807
0.05,PPO-HK,872,8.72,0.17091396004714807
0.05,PPO-HK,873,8.73,0.17105620740671998
0.05,PPO-HK,874,8.74,0.17016741647688777
0.05,PPO-HK,875,8.75,0.1692597233097241
0.05,PPO-HK,876,8.76,0.16847800221822595
0.05,PPO-HK,877,8.77,0.16811675474972082
0.05,PPO-HK,878,8.78,0.16785007918335237
0.05,PPO-HK,879,8.79,0.16779273117844942
0.05,PPO-HK,880,8.8,0.1677311513984923
0.05,PPO-HK,881,8.81,0.16709338106894217
0.05,PPO-HK,882,8.82,0.16647298692504592
0.05,PPO-HK,883,8.83,0.1660464601052025
0.05,PPO-HK,884,8.84,0.16601322791600473
0.05,PPO-HK,885,8.85,0.16524723457264778
0.05,PPO-HK,886,8.86,0.16506273538805216
0.05,PPO-HK,887,8.87,0.1640375904811518
0.05,PPO-HK,888,8.88,0.1637282295566215
0.05,PPO-HK,889,8.89,0.16294833660702887
0.05,PPO-HK,890,8.9,0.1622161373034581
0.05,PPO-HK,891,8.91,0.16202613757075227
0.05,PPO-HK,892,8.92,0.16151024541846337
0.05,PPO-HK,893,8.93,0.1611404979499583
0.05,PPO-HK,894,8.94,0.16090421479331368
0.05,PPO-HK,895,8.95,0.159934903341001
0.05,PPO-HK,896,8.96,0.159934903341001
0.05,PPO-HK,897,8.97,0.15986432356104383
0.05,PPO-HK,898,8.98,0.1595921479946754
0.05,PPO-HK,899,8.99,0.15934760834809347
0.05,PPO-HK,900,9.0,0.15799548098514954
0.05,PPO-HK,901,9.01,0.1575857581470412
0.05,PPO-HK,902,9.02,0.1574489911087344
0.05,PPO-HK,903,9.03,0.15648448786497177
0.05,PPO-HK,904,9.04,0.15632386360740994
0.05,PPO-HK,905,9.05,0.1563790823784148
0.05,PPO-HK,906,9.06,0.1561548148018769
0.05,PPO-HK,907,9.07,0.1559206172789436
0.05,PPO-HK,908,9.08,0.15568591975601032
0.05,PPO-HK,909,9.09,0.1550481221381729
0.05,PPO-HK,910,9.1,0.15486976220390986
0.05,PPO-HK,911,9.11,0.1547377634136694
0.05,PPO-HK,912,9.12,0.1542404461907213
0.05,PPO-HK,913,9.13,0.15423000887706928
0.05,PPO-HK,914,9.14,0.15408960374833247
0.05,PPO-HK,915,9.15,0.1538529062253992
0.05,PPO-HK,916,9.16,0.1532557475418772
0.05,PPO-HK,917,9.17,0.15292339136933647
0.05,PPO-HK,918,9.18,0.15282023579296988
0.05,PPO-HK,919,9.19,0.15253869571876574
0.05,PPO-HK,920,9.2,0.1521954330085166
0.05,PPO-HK,921,9.21,0.1518281498305924
0.05,PPO-HK,922,9.22,0.15130351720880625
0.05,PPO-HK,923,9.23,0.15116175017049946
0.05,PPO-HK,924,9.24,0.15083542227761865
0.05,PPO-HK,925,9.25,0.1501733247971691
0.05,PPO-HK,926,9.26,0.1496920134461226
0.05,PPO-HK,927,9.27,0.14945360068391228
0.05,PPO-HK,928,9.28,0.1494941423018398
0.05,PPO-HK,929,9.29,0.14947070498818776
0.05,PPO-HK,930,9.3,0.14879181085326715
0.05,PPO-HK,931,9.31,0.14855111333033383
0.05,PPO-HK,932,9.32,0.1482548140941504
0.05,PPO-HK,933,9.33,0.14802302461074807
0.05,PPO-HK,934,9.34,0.14750394601716194
0.05,PPO-HK,935,9.35,0.14740431964438072
0.05,PPO-HK,936,9.36,0.14698786123280588
0.05,PPO-HK,937,9.37,0.14687695169351522
0.05,PPO-HK,938,9.38,0.1466144572871877
0.05,PPO-HK,939,9.39,0.1460791694136493
0.05,PPO-HK,940,9.4,0.14596101383728272
0.05,PPO-HK,941,9.41,0.14571881631434944
0.05,PPO-HK,942,9.42,0.14479768007497437
0.05,PPO-HK,943,9.43,0.14461011167225554
0.05,PPO-HK,944,9.44,0.14446134463394875
0.05,PPO-HK,945,9.45,0.144179132226615
0.05,PPO-HK,946,9.46,0.14384944210857678
0.05,PPO-HK,947,9.47,0.1439618502855869
0.05,PPO-HK,948,9.48,0.14340855347579762
0.05,PPO-HK,949,9.49,0.14278236655966572
0.05,PPO-HK,950,9.5,0.14278236655966572
0.05,PPO-HK,951,9.51,0.14246052727732225
0.05,PPO-HK,952,9.52,0.14201130443921386
0.05,PPO-HK,953,9.53,0.14143860872947836
0.05,PPO-HK,954,9.54,0.14131176607874124
0.05,PPO-HK,955,9.55,0.1411672672885008
0.05,PPO-HK,956,9.56,0.14102226849826036
0.05,PPO-HK,957,9.57,0.140791052511177
0.05,PPO-HK,958,9.58,0.14034781857034695
0.05,PPO-HK,959,9.59,0.13975786704809373
0.05,PPO-HK,960,9.6,0.13922183065311758
0.05,PPO-HK,961,9.61,0.13900458664663592
0.05,PPO-HK,962,9.62,0.13894731952491873
0.05,PPO-HK,963,9.63,0.13870112200198548
0.05,PPO-HK,964,9.64,0.1381807385578509
0.05,PPO-HK,965,9.65,0.137982170155132
0.05,PPO-HK,966,9.66,0.13808007833214211
0.05,PPO-HK,967,9.67,0.13701174487036427
0.05,PPO-HK,968,9.68,0.1362941791146287
0.05,PPO-HK,969,9.69,0.13630456347969416
0.05,PPO-HK,970,9.7,0.1359663751701579
0.05,PPO-HK,971,9.71,0.13524547859822528
0.05,PPO-HK,972,9.72,0.13524547859822528
0.05,PPO-HK,973,9.73,0.13533395526305747
0.05,PPO-HK,974,9.74,0.13454217780891697
0.05,PPO-HK,975,9.75,0.1337080830641131
0.05,PPO-HK,976,9.76,0.1330226667010228
0.05,PPO-HK,977,9.77,0.13270812662681866
0.05,PPO-HK,978,9.78,0.13245792910388537
0.05,PPO-HK,979,9.79,0.1323906619821682
0.05,PPO-HK,980,9.8,0.13223916319192774
0.05,PPO-HK,981,9.81,0.13167137531838935
0.05,PPO-HK,982,9.82,0.1311010785086001
0.05,PPO-HK,983,9.83,0.1307443883905619
0.05,PPO-HK,984,9.84,0.13076147956201306
0.05,PPO-HK,985,9.85,0.13009482087849103
0.05,PPO-HK,986,9.86,0.129820532039771
0.05,PPO-HK,987,9.87,0.12889290060856232
0.05,PPO-HK,988,9.88,0.12864713303202444
0.05,PPO-HK,989,9.89,0.12796780076880865
0.05,PPO-HK,990,9.9,0.12730861385267672
0.05,PPO-HK,991,9.91,0.12719091776012592
0.05,PPO-HK,992,9.92,0.12677615504987677
0.05,PPO-HK,993,9.93,0.12645361497567262
0.05,PPO-HK,994,9.94,0.1263501838720787
0.05,PPO-HK,995,9.95,0.12530196149858797
0.05,PPO-HK,996,9.96,0.12530196149858797
0.05,PPO-HK,997,9.97,0.1251454627083475
0.05,PPO-HK,998,9.98,0.12489026518541423
0.05,PPO-HK,999,9.99,0.12477056128692007
0.05,PPO-HK,1000,10.0,0.12203324753094018
0.05,PPO-HK,1001,10.01,0.12169353910365656
0.05,PPO-HK,1002,10.02,0.12153644731135067
0.05,PPO-HK,1003,10.03,0.12066713318568881
0.05,PPO-HK,1004,10.04,0.12055838032989515
0.05,PPO-HK,1005,10.05,0.12061003476507365
0.05,PPO-HK,1006,10.06,0.12044280556371881
0.05,PPO-HK,1007,10.07,0.12023630926131659
0.05,PPO-HK,1008,10.08,0.12002931295891442
0.05,PPO-HK,1009,10.09,0.11946686641573617
0.05,PPO-HK,1010,10.1,0.11930532203023964
0.05,PPO-HK,1011,10.11,0.11919599380296998
0.05,PPO-HK,1012,10.12,0.11885185434771103
0.05,PPO-HK,1013,10.13,0.11880713428465796
0.05,PPO-HK,1014,10.14,0.11862203947602573
0.05,PPO-HK,1015,10.15,0.11841354317362353
0.05,PPO-HK,1016,10.16,0.11797981888295837
0.05,PPO-HK,1017,10.17,0.11774798798455273
0.05,PPO-HK,1018,10.18,0.11773682943794411
0.05,PPO-HK,1019,10.19,0.1175021309974817
0.05,PPO-HK,1020,10.2,0.11711144470662488
0.05,PPO-HK,1021,10.21,0.11681951038924765
0.05,PPO-HK,1022,10.22,0.11636939632259154
0.05,PPO-HK,1023,10.23,0.11620830453028562
0.05,PPO-HK,1024,10.24,0.11593265442718076
0.05,PPO-HK,1025,10.25,0.11537108222086631
0.05,PPO-HK,1026,10.26,0.11496278721083755
0.05,PPO-HK,1027,10.27,0.11475026092059011
0.05,PPO-HK,1028,10.28,0.11471160715157341
0.05,PPO-HK,1029,10.29,0.11465938708852032
0.05,PPO-HK,1030,10.3,0.11407968207170051
0.05,PPO-HK,1031,10.31,0.11386718576929829
0.05,PPO-HK,1032,10.32,0.11364590287413263
0.05,PPO-HK,1033,10.33,0.11363154378931972
0.05,PPO-HK,1034,10.34,0.1132709043340608
0.05,PPO-HK,1035,10.35,0.11307980952542859
0.05,PPO-HK,1036,10.36,0.11276437275148375
0.05,PPO-HK,1037,10.37,0.11271821931138858
0.05,PPO-HK,1038,10.38,0.11250256824511484
0.05,PPO-HK,1039,10.39,0.11204029478240123
0.05,PPO-HK,1040,10.4,0.11201663623579265
0.05,PPO-HK,1041,10.41,0.11180263993339046
0.05,PPO-HK,1042,10.42,0.11095752224914535
0.05,PPO-HK,1043,10.43,0.11081929911667325
0.05,PPO-HK,1044,10.44,0.11065270732436737
0.05,PPO-HK,1045,10.45,0.11047152019116872
0.05,PPO-HK,1046,10.46,0.11021917893367748
0.05,PPO-HK,1047,10.47,0.1100687594926506
0.05,PPO-HK,1048,10.48,0.10956714268674957
0.05,PPO-HK,1049,10.49,0.10901497381794749
0.05,PPO-HK,1050,10.5,0.10912213151493343
0.05,PPO-HK,1051,10.51,0.10887681078771996
0.05,PPO-HK,1052,10.52,0.10850110236043632
0.05,PPO-HK,1053,10.53,0.10797958444047685
0.05,PPO-HK,1054,10.54,0.10792675983706952
0.05,PPO-HK,1055,10.55,0.10780593160979986
0.05,PPO-HK,1056,10.56,0.1076846033825302
0.05,PPO-HK,1057,10.57,0.10745476706953982
0.05,PPO-HK,1058,10.58,0.10717269295512767
0.05,PPO-HK,1059,10.59,0.10665925998800446
0.05,PPO-HK,1060,10.6,0.10618403569733927
0.05,PPO-HK,1061,10.61,0.10606935570856992
0.05,PPO-HK,1062,10.62,0.10610634655730199
0.05,PPO-HK,1063,10.63,0.1058883502548998
0.05,PPO-HK,1064,10.64,0.10544532152192951
0.05,PPO-HK,1065,10.65,0.10529659838945743
0.05,PPO-HK,1066,10.66,0.10514117894843056
0.05,PPO-HK,1067,10.67,0.10420154183155864
0.05,PPO-HK,1068,10.68,0.1034746020657599
0.05,PPO-HK,1069,10.69,0.10326050205357651
0.05,PPO-HK,1070,10.7,0.10300216624109226
0.05,PPO-HK,1071,10.71,0.10238562044616868
0.05,PPO-HK,1072,10.72,0.10248827814315464
0.05,PPO-HK,1073,10.73,0.10245061959654604
0.05,PPO-HK,1074,10.74,0.10183107380162247
0.05,PPO-HK,1075,10.75,0.10107533013147779
0.05,PPO-HK,1076,10.76,0.10049293540601745
0.05,PPO-HK,1077,10.77,0.10022923696555504
0.05,PPO-HK,1078,10.78,0.10000724066315284
0.05,PPO-HK,1079,10.79,0.10003473151188491
0.05,PPO-HK,1080,10.8,0.09990790328461525
0.05,PPO-HK,1081,10.81,0.09941512982190166
0.05,PPO-HK,1082,10.82,0.09889701301600062
0.05,PPO-HK,1083,10.83,0.09861917175850943
0.05,PPO-HK,1084,10.84,0.09876116949699032
0.05,PPO-HK,1085,10.85,0.09826094520632517
0.05,PPO-HK,1086,10.86,0.098053197681887
0.05,PPO-HK,1087,10.87,0.09722825536877913
0.05,PPO-HK,1088,10.88,0.09703902616742427
0.05,PPO-HK,1089,10.89,0.09646671747203148
0.05,PPO-HK,1090,10.9,0.09588354860322941
0.05,PPO-HK,1091,10.91,0.09570000421773288
0.05,PPO-HK,1092,10.92,0.09525831792687602
0.05,PPO-HK,1093,10.93,0.0949881194864136
0.05,PPO-HK,1094,10.94,0.09490911237650607
0.05,PPO-HK,1095,10.95,0.0939417388635623
0.05,PPO-HK,1096,10.96,0.09403839656054826
0.05,PPO-HK,1097,10.97,0.09390706833327861
0.05,PPO-HK,1098,10.98,0.09368007203087643
0.05,PPO-HK,1099,10.99,0.09346228298976468
0.05,PPO-HK,1100,11.0,0.08943793418173657
0.05,PPO-HK,1101,11.01,0.08899347179301748
0.05,PPO-HK,1102,11.02,0.08890934663608635
0.05,PPO-HK,1103,11.03,0.08814555645356074
0.05,PPO-HK,1104,11.04,0.08823324420153378
0.05,PPO-HK,1105,11.05,0.08815682813741049
0.05,PPO-HK,1106,11.06,0.08802609070064167
0.05,PPO-HK,1107,11.07,0.08785122802409491
0.05,PPO-HK,1108,11.08,0.08767586534754816
0.05,PPO-HK,1109,11.09,0.08719242442515633
0.05,PPO-HK,1110,11.1,0.08706068698838751
0.05,PPO-HK,1111,11.11,0.08706176615235907
0.05,PPO-HK,1112,11.12,0.08667046973640892
0.05,PPO-HK,1113,11.13,0.08677634184992221
0.05,PPO-HK,1114,11.14,0.08683217235657047
0.05,PPO-HK,1115,11.15,0.08665480968002372
0.05,PPO-HK,1116,11.16,0.08620268536111415
0.05,PPO-HK,1117,11.17,0.0860729767883184
0.05,PPO-HK,1118,11.18,0.08607205595228995
0.05,PPO-HK,1119,11.19,0.08598193079535882
0.05,PPO-HK,1120,11.2,0.08553016595565466
0.05,PPO-HK,1121,11.21,0.08531624735273227
0.05,PPO-HK,1122,11.22,0.08494941201650684
0.05,PPO-HK,1123,11.23,0.0848567868595757
0.05,PPO-HK,1124,11.24,0.08462931641128792
0.05,PPO-HK,1125,11.25,0.08416986653058336
0.05,PPO-HK,1126,11.26,0.08373167748417443
0.05,PPO-HK,1127,11.27,0.08355131480762767
0.05,PPO-HK,1128,11.28,0.08368903686323168
0.05,PPO-HK,1129,11.29,0.08378490897674498
0.05,PPO-HK,1130,11.3,0.08331022790306143
0.05,PPO-HK,1131,11.31,0.08312936522651468
0.05,PPO-HK,1132,11.32,0.08298937115544813
0.05,PPO-HK,1133,11.33,0.0828526337186793
0.05,PPO-HK,1134,11.34,0.08245033730272916
0.05,PPO-HK,1135,11.35,0.08248916780937743
0.05,PPO-HK,1136,11.36,0.08227548186892467
0.05,PPO-HK,1137,11.37,0.08225183757294541
0.05,PPO-HK,1138,11.38,0.0820821668384144
0.05,PPO-HK,1139,11.39,0.08169620976708139
0.05,PPO-HK,1140,11.4,0.08168828893105293
0.05,PPO-HK,1141,11.41,0.08150542625450617
0.05,PPO-HK,1142,11.42,0.08074508730069177
0.05,PPO-HK,1143,11.43,0.08071112211365233
0.05,PPO-HK,1144,11.44,0.08060799695672119
0.05,PPO-HK,1145,11.45,0.08041670398389114
0.05,PPO-HK,1146,11.46,0.0801081711734773
0.05,PPO-HK,1147,11.47,0.0799926241686032
0.05,PPO-HK,1148,11.48,0.07954167692385077
0.05,PPO-HK,1149,11.49,0.07907321453513169
0.05,PPO-HK,1150,11.5,0.07908474844633123
0.05,PPO-HK,1151,11.51,0.07892570644954844
0.05,PPO-HK,1152,11.52,0.07845524406082938
0.05,PPO-HK,1153,11.53,0.07798140579568691
0.05,PPO-HK,1154,11.54,0.07806798267711072
0.05,PPO-HK,1155,11.55,0.07805556184108228
0.05,PPO-HK,1156,11.56,0.07804264100505381
0.05,PPO-HK,1157,11.57,0.07790555490286341
0.05,PPO-HK,1158,11.58,0.07779642974593229
0.05,PPO-HK,1159,11.59,0.07737027550923975
0.05,PPO-HK,1160,11.6,0.07688665119033017
0.05,PPO-HK,1161,11.61,0.07677552603339902
0.05,PPO-HK,1162,11.62,0.07695336931536056
0.05,PPO-HK,1163,11.63,0.07676750663881379
0.05,PPO-HK,1164,11.64,0.07640785501874782
0.05,PPO-HK,1165,11.65,0.07636438983170836
0.05,PPO-HK,1166,11.66,0.07624384282683427
0.05,PPO-HK,1167,11.67,0.07543916409521015
0.05,PPO-HK,1168,11.68,0.07478854072079197
0.05,PPO-HK,1169,11.69,0.07460117804424521
0.05,PPO-HK,1170,11.7,0.07440110583594639
0.05,PPO-HK,1171,11.71,0.07379788946411558
0.05,PPO-HK,1172,11.72,0.07380292337531512
0.05,PPO-HK,1173,11.73,0.07378550253928667
0.05,PPO-HK,1174,11.74,0.07317978616745587
0.05,PPO-HK,1175,11.75,0.07250854811809761
0.05,PPO-HK,1176,11.76,0.07203090422612932
0.05,PPO-HK,1177,11.77,0.07191277906919818
0.05,PPO-HK,1178,11.78,0.07172341639265142
0.05,PPO-HK,1179,11.79,0.07189225967461296
0.05,PPO-HK,1180,11.8,0.07187283883858452
0.05,PPO-HK,1181,11.81,0.07145788176725149
0.05,PPO-HK,1182,11.82,0.07099143452249904
0.05,PPO-HK,1183,11.83,0.07066640171208523
0.05,PPO-HK,1184,11.84,0.0706797766169068
0.05,PPO-HK,1185,11.85,0.07017615229799724
0.05,PPO-HK,1186,11.86,0.07002591486122842
0.05,PPO-HK,1187,11.87,0.0693119964912568
0.05,PPO-HK,1188,11.88,0.06916075905448799
0.05,PPO-HK,1189,11.89,0.06870217362530576
0.05,PPO-HK,1190,11.9,0.06820971123658669
0.05,PPO-HK,1191,11.91,0.06805747379981786
0.05,PPO-HK,1192,11.92,0.0675752089601137
0.05,PPO-HK,1193,11.93,0.06745008380318254
0.05,PPO-HK,1194,11.94,0.06747951544257022
0.05,PPO-HK,1195,11.95,0.06659265764408133
0.05,PPO-HK,1196,11.96,0.06658969155528086
0.05,PPO-HK,1197,11.97,0.06656427071925242
0.05,PPO-HK,1198,11.98,0.06637140804270565
0.05,PPO-HK,1199,11.99,0.0662738977743795
0.05,PPO-HK,1200,12.0,0.06238797001159938
0.05,PPO-HK,1201,12.01,0.06198796048959643
0.05,PPO-HK,1202,12.02,0.06183538276735251
0.05,PPO-HK,1203,12.03,0.06118139406687276
0.05,PPO-HK,1204,12.04,0.06127666796139823
0.05,PPO-HK,1205,12.05,0.06131900648770539
0.05,PPO-HK,1206,12.06,0.061255317163054226
0.05,PPO-HK,1207,12.07,0.061115759822760136
0.05,PPO-HK,1208,12.08,0.06097570248246606
0.05,PPO-HK,1209,12.09,0.0605799048141876
0.05,PPO-HK,1210,12.1,0.06051521548953644
0.05,PPO-HK,1211,12.11,0.06065890515986658
0.05,PPO-HK,1212,12.12,0.06046800041702462
0.05,PPO-HK,1213,12.13,0.06055148889146651
0.05,PPO-HK,1214,12.14,0.06050902837713392
0.05,PPO-HK,1215,12.15,0.060367471036839836
0.05,PPO-HK,1216,12.16,0.059988354393860056
0.05,PPO-HK,1217,12.17,0.059775824310300284
0.05,PPO-HK,1218,12.18,0.059916013980630435
0.05,PPO-HK,1219,12.19,0.05976193625838653
0.05,PPO-HK,1220,12.2,0.05936728248956917
0.05,PPO-HK,1221,12.21,0.059212704767325236
0.05,PPO-HK,1222,12.22,0.05893664349665788
0.05,PPO-HK,1223,12.23,0.05878106577441397
0.05,PPO-HK,1224,12.24,0.05860517755182759
0.05,PPO-HK,1225,12.25,0.05825442096771127
0.05,PPO-HK,1226,12.26,0.05787044495844848
0.05,PPO-HK,1227,12.27,0.05772638761815439
0.05,PPO-HK,1228,12.28,0.05769650485999338
0.05,PPO-HK,1229,12.29,0.05777399333443526
0.05,PPO-HK,1230,12.3,0.05720940118415935
0.05,PPO-HK,1231,12.31,0.05706484384386526
0.05,PPO-HK,1232,12.32,0.056989951996487286
0.05,PPO-HK,1233,12.33,0.05691976267183612
0.05,PPO-HK,1234,12.34,0.05671485792899415
0.05,PPO-HK,1235,12.35,0.05666739741466156
0.05,PPO-HK,1236,12.36,0.05640886862711698
0.05,PPO-HK,1237,12.37,0.056337179302465804
0.05,PPO-HK,1238,12.38,0.05635287627454471
0.05,PPO-HK,1239,12.39,0.05602627807153156
0.05,PPO-HK,1240,12.4,0.0561564677418617
0.05,PPO-HK,1241,12.41,0.05601091040156761
0.05,PPO-HK,1242,12.42,0.05543881825129172
0.05,PPO-HK,1243,12.43,0.05542736582039559
0.05,PPO-HK,1244,12.44,0.05526928809815165
0.05,PPO-HK,1245,12.45,0.05512323075785757
0.05,PPO-HK,1246,12.46,0.054873388358602775
0.05,PPO-HK,1247,12.47,0.054810480820465635
0.05,PPO-HK,1248,12.48,0.05441451383515529
0.05,PPO-HK,1249,12.49,0.053993004313152335
0.05,PPO-HK,1250,12.5,0.05404247411371794
0.05,PPO-HK,1251,12.51,0.05394622748845431
0.05,PPO-HK,1252,12.52,0.05352271796645135
0.05,PPO-HK,1253,12.53,0.05310396192701032
0.05,PPO-HK,1254,12.54,0.05319095831254304
0.05,PPO-HK,1255,12.55,0.05331364798287317
0.05,PPO-HK,1256,12.56,0.05343533765320334
0.05,PPO-HK,1257,12.57,0.053380763927430214
0.05,PPO-HK,1258,12.58,0.05322168620518629
0.05,PPO-HK,1259,12.59,0.052947157417641666
0.05,PPO-HK,1260,12.6,0.0525410407746619
0.05,PPO-HK,1261,12.61,0.05238096305241799
0.05,PPO-HK,1262,12.62,0.052465837653694114
0.05,PPO-HK,1263,12.63,0.05231778031340002
0.05,PPO-HK,1264,12.64,0.05204779457343454
0.05,PPO-HK,1265,12.65,0.05203434214253841
0.05,PPO-HK,1266,12.66,0.05196593460440127
0.05,PPO-HK,1267,12.67,0.05124140141886099
0.05,PPO-HK,1268,12.68,0.05067389390583022
0.05,PPO-HK,1269,12.69,0.05052433656553613
0.05,PPO-HK,1270,12.7,0.050374279225242034
0.05,PPO-HK,1271,12.71,0.049852701340785795
0.15,HK,,0,0.4418061087154963
0.15,HK,,1,0.36981256284322567
0.15,HK,,2,0.30842091090980206
0.15,HK,,3,0.26605732262048754
0.15,HK,,4,0.23535723733176417
0.15,HK,,5,0.22206384640759647
0.15,HK,,6,0.21262973401120447
0.15,HK,,7,0.1968753265175872
0.15,HK,,8,0.19542720013106818
0.15,HK,,9,0.18894445565496287
0.15,HK,,10,0.18894445565496282
0.15,HK,,11,0.18894445565496282
0.15,HK,,12,0.18894445565496282
0.15,HK,,13,0.18894445565496282
0.15,HK,,14,0.18894445565496282
0.15,HK,,15,0.18894445565496282
0.15,HK,,16,0.18894445565496282
0.15,HK,,17,0.18894445565496282
0.15,HK,,18,0.18894445565496282
0.15,HK,,19,0.18894445565496282
0.15,HK,,20,0.18894445565496282
0.15,HK,,21,0.18894445565496282
0.15,HK,,22,0.18894445565496282
0.15,HK,,23,0.18894445565496282
0.15,HK,,24,0.18894445565496282
0.15,HK,,25,0.18894445565496282
0.15,HK,,26,0.18894445565496282
0.15,HK,,27,0.18894445565496282
0.15,HK,,28,0.18894445565496282
0.15,HK,,29,0.18894445565496282
0.15,HK,,30,0.18894445565496282
0.15,HK,,31,0.18894445565496282
0.15,HK,,32,0.18894445565496282
0.15,HK,,33,0.18894445565496282
0.15,HK,,34,0.18894445565496282
0.15,HK,,35,0.18894445565496282
0.15,HK,,36,0.18894445565496282
0.15,HK,,37,0.18894445565496282
0.15,HK,,38,0.18894445565496282
0.15,HK,,39,0.18894445565496282
0.15,HK,,40,0.18894445565496282
0.15,HK,,41,0.18894445565496282
0.15,HK,,42,0.18894445565496282
0.15,HK,,43,0.18894445565496282
0.15,HK,,44,0.18894445565496282
0.15,HK,,45,0.18894445565496282
0.15,HK,,46,0.18894445565496282
0.15,HK,,47,0.18894445565496282
0.15,HK,,48,0.18894445565496282
0.15,HK,,49,0.18894445565496282
0.15,HK,,50,0.18894445565496282
0.15,HK,,51,0.18894445565496282
0.15,HK,,52,0.18894445565496282
0.15,HK,,53,0.18894445565496282
0.15,HK,,54,0.18894445565496282
0.15,HK,,55,0.18894445565496282
0.15,HK,,56,0.18894445565496282
0.15,HK,,57,0.18894445565496282
0.15,HK,,58,0.18894445565496282
0.15,HK,,59,0.18894445565496282
0.15,HK,,60,0.18894445565496282
0.15,HK,,61,0.18894445565496282
0.15,HK,,62,0.18894445565496282
0.15,HK,,63,0.18894445565496282
0.15,HK,,64,0.18894445565496282
0.15,HK,,65,0.18894445565496282
0.15,HK,,66,0.18894445565496282
0.15,HK,,67,0.18894445565496282
0.15,HK,,68,0.18894445565496282
0.15,HK,,69,0.18894445565496282
0.15,HK,,70,0.18894445565496282
0.15,HK,,71,0.18894445565496282
0.15,HK,,72,0.18894445565496282
0.15,HK,,73,0.18894445565496282
0.15,HK,,74,0.18894445565496282
0.15,HK,,75,0.18894445565496282
0.15,HK,,76,0.18894445565496282
0.15,HK,,77,0.18894445565496282
0.15,HK,,78,0.18894445565496282
0.15,HK,,79,0.18894445565496282
0.15,HK,,80,0.18894445565496282
0.15,HK,,81,0.18894445565496282
0.15,HK,,82,0.18894445565496282
0.15,HK,,83,0.18894445565496282
0.15,HK,,84,0.18894445565496282
0.15,HK,,85,0.18894445565496282
0.15,HK,,86,0.18894445565496282
0.15,HK,,87,0.18894445565496282
0.15,HK,,88,0.18894445565496282
0.15,HK,,89,0.18894445565496282
0.15,HK,,90,0.18894445565496282
0.15,HK,,91,0.18894445565496282
0.15,HK,,92,0.18894445565496282
0.15,HK,,93,0.18894445565496282
0.15,HK,,94,0.18894445565496282
0.15,HK,,95,0.18894445565496282
0.15,HK,,96,0.18894445565496282
0.15,HK,,97,0.18894445565496282
0.15,HK,,98,0.18894445565496282
0.15,HK,,99,0.18894445565496282
0.15,HK,,100,0.18894445565496282
0.15,HK,,101,0.18894445565496282
0.15,HK,,102,0.18894445565496282
0.15,HK,,103,0.18894445565496282
0.15,HK,,104,0.18894445565496282
0.15,HK,,105,0.18894445565496282
0.15,HK,,106,0.18894445565496282
0.15,HK,,107,0.18894445565496282
0.15,HK,,108,0.18894445565496282
0.15,HK,,109,0.18894445565496282
0.15,HK,,110,0.18894445565496282
0.15,HK,,111,0.18894445565496282
0.15,HK,,112,0.18894445565496282
0.15,HK,,113,0.18894445565496282
0.15,HK,,114,0.18894445565496282
0.15,HK,,115,0.18894445565496282
0.15,HK,,116,0.18894445565496282
0.15,HK,,117,0.18894445565496282
0.15,HK,,118,0.18894445565496282
0.15,HK,,119,0.18894445565496282
0.15,HK,,120,0.18894445565496282
0.15,HK,,121,0.18894445565496282
0.15,HK,,122,0.18894445565496282
0.15,HK,,123,0.18894445565496282
0.15,HK,,124,0.18894445565496282
0.15,HK,,125,0.18894445565496282
0.15,HK,,126,0.18894445565496282
0.15,HK,,127,0.18894445565496282
0.15,HK,,128,0.18894445565496282
0.15,HK,,129,0.18894445565496282
0.15,HK,,130,0.18894445565496282
0.15,HK,,131,0.18894445565496282
0.15,HK,,132,0.18894445565496282
0.15,HK,,133,0.18894445565496282
0.15,HK,,134,0.18894445565496282
0.15,HK,,135,0.18894445565496282
0.15,HK,,136,0.18894445565496282
0.15,HK,,137,0.18894445565496282
0.15,HK,,138,0.18894445565496282
0.15,HK,,139,0.18894445565496282
0.15,HK,,140,0.18894445565496282
0.15,HK,,141,0.18894445565496282
0.15,HK,,142,0.18894445565496282
0.15,HK,,143,0.18894445565496282
0.15,HK,,144,0.18894445565496282
0.15,HK,,145,0.18894445565496282
0.15,HK,,146,0.18894445565496282
0.15,HK,,147,0.18894445565496282
0.15,HK,,148,0.18894445565496282
0.15,HK,,149,0.18894445565496282
0.15,HK,,150,0.18894445565496282
0.15,HK,,151,0.18894445565496282
0.15,HK,,152,0.18894445565496282
0.15,HK,,153,0.18894445565496282
0.15,HK,,154,0.18894445565496282
0.15,HK,,155,0.18894445565496282
0.15,HK,,156,0.18894445565496282
0.15,HK,,157,0.18894445565496282
0.15,HK,,158,0.18894445565496282
0.15,HK,,159,0.18894445565496282
0.15,HK,,160,0.18894445565496282
0.15,HK,,161,0.18894445565496282
0.15,HK,,162,0.18894445565496282
0.15,HK,,163,0.18894445565496282
0.15,HK,,164,0.18894445565496282
0.15,HK,,165,0.18894445565496282
0.15,HK,,166,0.18894445565496282
0.15,HK,,167,0.18894445565496282
0.15,HK,,168,0.18894445565496282
0.15,HK,,169,0.18894445565496282
0.15,HK,,170,0.18894445565496282
0.15,HK,,171,0.18894445565496282
0.15,HK,,172,0.18894445565496282
0.15,HK,,173,0.18894445565496282
0.15,HK,,174,0.18894445565496282
0.15,HK,,175,0.18894445565496282
0.15,HK,,176,0.18894445565496282
0.15,HK,,177,0.18894445565496282
0.15,HK,,178,0.18894445565496282
0.15,HK,,179,0.18894445565496282
0.15,HK,,180,0.18894445565496282
0.15,HK,,181,0.18894445565496282
0.15,HK,,182,0.18894445565496282
0.15,HK,,183,0.18894445565496282
0.15,HK,,184,0.18894445565496282
0.15,HK,,185,0.18894445565496282
0.15,HK,,186,0.18894445565496282
0.15,HK,,187,0.18894445565496282
0.15,HK,,188,0.18894445565496282
0.15,HK,,189,0.18894445565496282
0.15,HK,,190,0.18894445565496282
0.15,HK,,191,0.18894445565496282
0.15,HK,,192,0.18894445565496282
0.15,HK,,193,0.18894445565496282
0.15,HK,,194,0.18894445565496282
0.15,HK,,195,0.18894445565496282
0.15,HK,,196,0.18894445565496282
0.15,HK,,197,0.18894445565496282
0.15,HK,,198,0.18894445565496282
0.15,HK,,199,0.18894445565496282
0.15,HK,,200,0.18894445565496282
0.15,PPO-HK,0,0.0,0.4418061087154963
0.15,PPO-HK,1,0.01,0.4413980116855408
0.15,PPO-HK,2,0.02,0.44235019242017914
0.15,PPO-HK,3,0.03,0.44130387987215486
0.15,PPO-HK,4,0.04,0.4411048788206771
0.15,PPO-HK,5,0.05,0.44136322042194964
0.15,PPO-HK,6,0.06,0.44177072811233603
0.15,PPO-HK,7,0.07,0.4423202554740637
0.15,PPO-HK,8,0.08,0.442710502778421
0.15,PPO-HK,9,0.09,0.44220175909910464
0.15,PPO-HK,10,0.1,0.442463609154572
0.15,PPO-HK,11,0.11,0.44326256939900716
0.15,PPO-HK,12,0.12,0.4433173977052273
0.15,PPO-HK,13,0.13,0.44355355739983204
0.15,PPO-HK,14,0.14,0.44391714638572405
0.15,PPO-HK,15,0.15,0.4446664224540688
0.15,PPO-HK,16,0.16,0.4438179448063834
0.15,PPO-HK,17,0.17,0.44340609489344196
0.15,PPO-HK,18,0.18,0.44363906326738023
0.15,PPO-HK,19,0.19,0.44377634824339257
0.15,PPO-HK,20,0.2,0.4429436686736271
0.15,PPO-HK,21,0.21,0.4427020866853733
0.15,PPO-HK,22,0.22,0.4422327312965061
0.15,PPO-HK,23,0.23,0.4433603893417393
0.15,PPO-HK,24,0.24,0.44367205524547576
0.15,PPO-HK,25,0.25,0.4428623007539139
0.15,PPO-HK,26,0.26,0.442470229884139
0.15,PPO-HK,27,0.27,0.44268382941062295
0.15,PPO-HK,28,0.28,0.4426119597854496
0.15,PPO-HK,29,0.29,0.44255001159670426
0.15,PPO-HK,30,0.3,0.4414215445399505
0.15,PPO-HK,31,0.31,0.44177616567089373
0.15,PPO-HK,32,0.32,0.44168046499408853
0.15,PPO-HK,33,0.33,0.4412799425522603
0.15,PPO-HK,34,0.34,0.4412145576691769
0.15,PPO-HK,35,0.35,0.44134230741991887
0.15,PPO-HK,36,0.36,0.44088412848116076
0.15,PPO-HK,37,0.37,0.44176660200150114
0.15,PPO-HK,38,0.38,0.44152847361934633
0.15,PPO-HK,39,0.39,0.4411868160258402
0.15,PPO-HK,40,0.4,0.4419615482428141
0.15,PPO-HK,41,0.41,0.44277095797741073
0.15,PPO-HK,42,0.42,0.44209046098168914
0.15,PPO-HK,43,0.43,0.44211561545482986
0.15,PPO-HK,44,0.44,0.4428502186499831
0.15,PPO-HK,45,0.45,0.4422410219686732
0.15,PPO-HK,46,0.46,0.4420006900542971
0.15,PPO-HK,47,0.47,0.44212743492213286
0.15,PPO-HK,48,0.48,0.4419834197078555
0.15,PPO-HK,49,0.49,0.4418353355133666
0.15,PPO-HK,50,0.5,0.4427593375913115
0.15,PPO-HK,51,0.51,0.44256714626929444
0.15,PPO-HK,52,0.52,0.44210946630928327
0.15,PPO-HK,53,0.53,0.44182611251656256
0.15,PPO-HK,54,0.54,0.44177883856394906
0.15,PPO-HK,55,0.55,0.4426206476859019
0.15,PPO-HK,56,0.56,0.44301999837024997
0.15,PPO-HK,57,0.57,0.44316575967984917
0.15,PPO-HK,58,0.58,0.44269952917407446
0.15,PPO-HK,59,0.59,0.44205930490372924
0.15,PPO-HK,60,0.6,0.4412745196701512
0.15,PPO-HK,61,0.61,0.4412354092077387
0.15,PPO-HK,62,0.62,0.44115145057540306
0.15,PPO-HK,63,0.63,0.44143220672081146
0.15,PPO-HK,64,0.64,0.4408291083345536
0.15,PPO-HK,65,0.65,0.4405904398534983
0.15,PPO-HK,66,0.66,0.440578440607002
0.15,PPO-HK,67,0.67,0.43887594203750335
0.15,PPO-HK,68,0.68,0.43785728219608583
0.15,PPO-HK,69,0.69,0.4373988906451235
0.15,PPO-HK,70,0.7,0.43694082972357706
0.15,PPO-HK,71,0.71,0.43599257903822564
0.15,PPO-HK,72,0.72,0.43673140208199934
0.15,PPO-HK,73,0.73,0.4369300243695035
0.15,PPO-HK,74,0.74,0.43603134561225715
0.15,PPO-HK,75,0.75,0.43496968576126016
0.15,PPO-HK,76,0.76,0.43406478736483867
0.15,PPO-HK,77,0.77,0.43422660702236326
0.15,PPO-HK,78,0.78,0.4349793485060206
0.15,PPO-HK,79,0.79,0.4350673322128904
0.15,PPO-HK,80,0.8,0.43556599084705827
0.15,PPO-HK,81,0.81,0.4349077273399569
0.15,PPO-HK,82,0.82,0.43490846128556093
0.15,PPO-HK,83,0.83,0.4344708421136394
0.15,PPO-HK,84,0.84,0.4348620404859603
0.15,PPO-HK,85,0.85,0.4339870926458156
0.15,PPO-HK,86,0.86,0.43392818332966004
0.15,PPO-HK,87,0.87,0.43258801801670554
0.15,PPO-HK,88,0.88,0.4332980813000454
0.15,PPO-HK,89,0.89,0.4324238980368661
0.15,PPO-HK,90,0.9,0.4320656901290716
0.15,PPO-HK,91,0.91,0.4321911127630674
0.15,PPO-HK,92,0.92,0.4312834434662952
0.15,PPO-HK,93,0.93,0.4310142425585936
0.15,PPO-HK,94,0.94,0.4311266655218192
0.15,PPO-HK,95,0.95,0.4300873513956925
0.15,PPO-HK,96,0.96,0.4306128779074833
0.15,PPO-HK,97,0.97,0.43066534740456497
0.15,PPO-HK,98,0.98,0.4312271603044936
0.15,PPO-HK,99,0.99,0.43044029129827877
0.15,PPO-HK,100,1.0,0.3569708837202631
0.15,PPO-HK,101,1.01,0.3565820418925915
0.15,PPO-HK,102,1.02,0.3575737172396955
0.15,PPO-HK,103,1.03,0.3566973615462284
0.15,PPO-HK,104,1.04,0.3568117258011889
0.15,PPO-HK,105,1.05,0.3570209519227138
0.15,PPO-HK,106,1.06,0.357468387470954
0.15,PPO-HK,107,1.07,0.3583758710531043
0.15,PPO-HK,108,1.08,0.35892032129888973
0.15,PPO-HK,109,1.09,0.3583735756494869
0.15,PPO-HK,110,1.1,0.35849633247820467
0.15,PPO-HK,111,1.11,0.358997887281981
0.15,PPO-HK,112,1.12,0.3590218036823118
0.15,PPO-HK,113,1.13,0.3589393504516002
0.15,PPO-HK,114,1.14,0.35925477969648456
0.15,PPO-HK,115,1.15,0.3600402362157077
0.15,PPO-HK,116,1.16,0.35934920405379067
0.15,PPO-HK,117,1.17,0.35894363664507767
0.15,PPO-HK,118,1.18,0.359083216299232
0.15,PPO-HK,119,1.19,0.35941989185781387
0.15,PPO-HK,120,1.2,0.35877326292307843
0.15,PPO-HK,121,1.21,0.35873006857230355
0.15,PPO-HK,122,1.22,0.358439070931988
0.15,PPO-HK,123,1.23,0.3589899689697408
0.15,PPO-HK,124,1.24,0.35905595957947634
0.15,PPO-HK,125,1.25,0.3584388520659871
0.15,PPO-HK,126,1.26,0.3580504758849744
0.15,PPO-HK,127,1.27,0.35808888633811653
0.15,PPO-HK,128,1.28,0.35848302353516076
0.15,PPO-HK,129,1.29,0.35871745207011524
0.15,PPO-HK,130,1.3,0.3578105258003833
0.15,PPO-HK,131,1.31,0.3586646468296312
0.15,PPO-HK,132,1.32,0.3588449797573804
0.15,PPO-HK,133,1.33,0.3584491599624988
0.15,PPO-HK,134,1.34,0.3583536312378807
0.15,PPO-HK,135,1.35,0.358746568851268
0.15,PPO-HK,136,1.36,0.3582215348316385
0.15,PPO-HK,137,1.37,0.35876522138892897
0.15,PPO-HK,138,1.38,0.35870653613235143
0.15,PPO-HK,139,1.39,0.35825260322850305
0.15,PPO-HK,140,1.4,0.3585540805702194
0.15,PPO-HK,141,1.41,0.3595171143899344
0.15,PPO-HK,142,1.42,0.35865743124367433
0.15,PPO-HK,143,1.43,0.35880883539947983
0.15,PPO-HK,144,1.44,0.35919894937448793
0.15,PPO-HK,145,1.45,0.3586837623097643
0.15,PPO-HK,146,1.46,0.3582934717051103
0.15,PPO-HK,147,1.47,0.35840824915222025
0.15,PPO-HK,148,1.48,0.3585115228637702
0.15,PPO-HK,149,1.49,0.35787046053043936
0.15,PPO-HK,150,1.5,0.3580751089045614
0.15,PPO-HK,151,1.51,0.35792972630025055
0.15,PPO-HK,152,1.52,0.3573560045537516
0.15,PPO-HK,153,1.53,0.3570768454497933
0.15,PPO-HK,154,1.54,0.3570315009601984
0.15,PPO-HK,155,1.55,0.35722783146454135
0.15,PPO-HK,156,1.56,0.3574850754236709
0.15,PPO-HK,157,1.57,0.3574415363409168
0.15,PPO-HK,158,1.58,0.35688179502136563
0.15,PPO-HK,159,1.59,0.35663308502111163
0.15,PPO-HK,160,1.6,0.3558795570395193
0.15,PPO-HK,161,1.61,0.3559306221712678
0.15,PPO-HK,162,1.62,0.3562946113661363
0.15,PPO-HK,163,1.63,0.3570374516035864
0.15,PPO-HK,164,1.64,0.35656796200943774
0.15,PPO-HK,165,1.65,0.3567251082317178
0.15,PPO-HK,166,1.66,0.3565968669978876
0.15,PPO-HK,167,1.67,0.35489756311715154
0.15,PPO-HK,168,1.68,0.35411845855910007
0.15,PPO-HK,169,1.69,0.353653690757026
0.15,PPO-HK,170,1.7,0.3531276690611822
0.15,PPO-HK,171,1.71,0.35221077289287883
0.15,PPO-HK,172,1.72,0.35248382502888037
0.15,PPO-HK,173,1.73,0.3525956197939603
0.15,PPO-HK,174,1.74,0.3516857297275783
0.15,PPO-HK,175,1.75,0.350623502755003
0.15,PPO-HK,176,1.76,0.34984012640589657
0.15,PPO-HK,177,1.77,0.3500466573339502
0.15,PPO-HK,178,1.78,0.3507591936849327
0.15,PPO-HK,179,1.79,0.3510572960793641
0.15,PPO-HK,180,1.8,0.35101628668909957
0.15,PPO-HK,181,1.81,0.3506383886619013
0.15,PPO-HK,182,1.82,0.35061663047243774
0.15,PPO-HK,183,1.83,0.3505328856768904
0.15,PPO-HK,184,1.84,0.351101050293642
0.15,PPO-HK,185,1.85,0.35024501813172504
0.15,PPO-HK,186,1.86,0.3500242637373787
0.15,PPO-HK,187,1.87,0.3489713787690722
0.15,PPO-HK,188,1.88,0.34943510894469776
0.15,PPO-HK,189,1.89,0.3487989210077437
0.15,PPO-HK,190,1.9,0.34841795834240796
0.15,PPO-HK,191,1.91,0.3485954254975219
0.15,PPO-HK,192,1.92,0.34786451009371344
0.15,PPO-HK,193,1.93,0.3479231485894543
0.15,PPO-HK,194,1.94,0.3479659526344278
0.15,PPO-HK,195,1.95,0.3472703243029388
0.15,PPO-HK,196,1.96,0.3477291416269622
0.15,PPO-HK,197,1.97,0.3477614148374195
0.15,PPO-HK,198,1.98,0.34868499961609334
0.15,PPO-HK,199,1.99,0.34804582414814955
0.15,PPO-HK,200,2.0,0.2842348066662581
0.15,PPO-HK,201,2.01,0.2837520107341686
0.15,PPO-HK,202,2.02,0.28446575815300645
0.15,PPO-HK,203,2.03,0.2838635570264739
0.15,PPO-HK,204,2.04,0.2839051473760316
0.15,PPO-HK,205,2.05,0.28393098791531113
0.15,PPO-HK,206,2.06,0.2841510368191874
0.15,PPO-HK,207,2.07,0.28497414831610957
0.15,PPO-HK,208,2.08,0.2857235660963189
0.15,PPO-HK,209,2.09,0.28480927417973373
0.15,PPO-HK,210,2.1,0.2849365367529418
0.15,PPO-HK,211,2.11,0.2850156511866497
0.15,PPO-HK,212,2.12,0.28494571528811274
0.15,PPO-HK,213,2.13,0.2848225242840817
0.15,PPO-HK,214,2.14,0.28508401501118125
0.15,PPO-HK,215,2.15,0.28595807541239365
0.15,PPO-HK,216,2.16,0.28555096368466826
0.15,PPO-HK,217,2.17,0.2852235481081725
0.15,PPO-HK,218,2.18,0.2852526101753854
0.15,PPO-HK,219,2.19,0.2855501393092006
0.15,PPO-HK,220,2.2,0.28498400412417046
0.15,PPO-HK,221,2.21,0.2851917532153218
0.15,PPO-HK,222,2.22,0.28475236849940644
0.15,PPO-HK,223,2.23,0.28491747400385126
0.15,PPO-HK,224,2.24,0.28516070547538547
0.15,PPO-HK,225,2.25,0.28485747118764243
0.15,PPO-HK,226,2.26,0.2840912884269499
0.15,PPO-HK,227,2.27,0.2847638930299038
0.15,PPO-HK,228,2.28,0.285040378140869
0.15,PPO-HK,229,2.29,0.2851491501189072
0.15,PPO-HK,230,2.3,0.284382648618138
0.15,PPO-HK,231,2.31,0.2851714949417439
0.15,PPO-HK,232,2.32,0.28544229016574557
0.15,PPO-HK,233,2.33,0.2849668240586105
0.15,PPO-HK,234,2.34,0.28471439195793946
0.15,PPO-HK,235,2.35,0.285259586648783
0.15,PPO-HK,236,2.36,0.28440670967021553
0.15,PPO-HK,237,2.37,0.2845518151746604
0.15,PPO-HK,238,2.38,0.28437309412194817
0.15,PPO-HK,239,2.39,0.28386718251532783
0.15,PPO-HK,240,2.4,0.28409344399259273
0.15,PPO-HK,241,2.41,0.2849352471030535
0.15,PPO-HK,242,2.42,0.28468281798458306
0.15,PPO-HK,243,2.43,0.2849138850783359
0.15,PPO-HK,244,2.44,0.2851879373145935
0.15,PPO-HK,245,2.45,0.2847958777824959
0.15,PPO-HK,246,2.46,0.28410291152487566
0.15,PPO-HK,247,2.47,0.2842283556750326
0.15,PPO-HK,248,2.48,0.2844822211850374
0.15,PPO-HK,249,2.49,0.283868137634602
0.15,PPO-HK,250,2.5,0.2839097520683098
0.15,PPO-HK,251,2.51,0.2836185798504551
0.15,PPO-HK,252,2.52,0.28314897140324125
0.15,PPO-HK,253,2.53,0.2824517053032073
0.15,PPO-HK,254,2.54,0.28235189674841116
0.15,PPO-HK,255,2.55,0.2827999149899299
0.15,PPO-HK,256,2.56,0.28297345732316204
0.15,PPO-HK,257,2.57,0.28273554703771636
0.15,PPO-HK,258,2.58,0.28225102890363213
0.15,PPO-HK,259,2.59,0.2820203378996011
0.15,PPO-HK,260,2.6,0.28144768637020345
0.15,PPO-HK,261,2.61,0.28156251434613827
0.15,PPO-HK,262,2.62,0.2817575056501673
0.15,PPO-HK,263,2.63,0.2825391557114136
0.15,PPO-HK,264,2.64,0.28216902056978654
0.15,PPO-HK,265,2.65,0.2823527654986984
0.15,PPO-HK,266,2.66,0.282139241392036
0.15,PPO-HK,267,2.67,0.28044678686306046
0.15,PPO-HK,268,2.68,0.2797957552908871
0.15,PPO-HK,269,2.69,0.2793947281880803
0.15,PPO-HK,270,2.7,0.27887462784697914
0.15,PPO-HK,271,2.71,0.2781313130588785
0.15,PPO-HK,272,2.72,0.2789027401452294
0.15,PPO-HK,273,2.73,0.2789883733712008
0.15,PPO-HK,274,2.74,0.27837398848975226
0.15,PPO-HK,275,2.75,0.2773125687809896
0.15,PPO-HK,276,2.76,0.27627177686440446
0.15,PPO-HK,277,2.77,0.27643230599821966
0.15,PPO-HK,278,2.78,0.27715686639943216
0.15,PPO-HK,279,2.79,0.2773663865032404
0.15,PPO-HK,280,2.8,0.2775026179747746
0.15,PPO-HK,281,2.81,0.277154830543748
0.15,PPO-HK,282,2.82,0.2773573506475563
0.15,PPO-HK,283,2.83,0.2771964485322488
0.15,PPO-HK,284,2.84,0.27783806002917105
0.15,PPO-HK,285,2.85,0.2772669483014457
0.15,PPO-HK,286,2.86,0.2769181799844407
0.15,PPO-HK,287,2.87,0.2760663574412714
0.15,PPO-HK,288,2.88,0.2764302896549649
0.15,PPO-HK,289,2.89,0.275789450039455
0.15,PPO-HK,290,2.9,0.27521023043106674
0.15,PPO-HK,291,2.91,0.2753078095745885
0.15,PPO-HK,292,2.92,0.27453963675707715
0.15,PPO-HK,293,2.93,0.27463962967092725
0.15,PPO-HK,294,2.94,0.2745331800022721
0.15,PPO-HK,295,2.95,0.27372398657358227
0.15,PPO-HK,296,2.96,0.27458466451112473
0.15,PPO-HK,297,2.97,0.27463603591972685
0.15,PPO-HK,298,2.98,0.27537002447385805
0.15,PPO-HK,299,2.99,0.2748989580023403
0.15,PPO-HK,300,3.0,0.22769393751213582
0.15,PPO-HK,301,3.01,0.2273187401133143
0.15,PPO-HK,302,3.02,0.22776035908724027
0.15,PPO-HK,303,3.03,0.22742853814289526
0.15,PPO-HK,304,3.04,0.22729458604718542
0.15,PPO-HK,305,3.05,0.2271699354735816
0.15,PPO-HK,306,3.06,0.22726156047578144
0.15,PPO-HK,307,3.07,0.22815007829783382
0.15,PPO-HK,308,3.08,0.22895773987541565
0.15,PPO-HK,309,3.09,0.22819127054345092
0.15,PPO-HK,310,3.1,0.22820319989667034
0.15,PPO-HK,311,3.11,0.22839576892650273
0.15,PPO-HK,312,3.12,0.22819555014522577
0.15,PPO-HK,313,3.13,0.22786760628568417
0.15,PPO-HK,314,3.14,0.22803573741550984
0.15,PPO-HK,315,3.15,0.2289062552375621
0.15,PPO-HK,316,3.16,0.22881058423549952
0.15,PPO-HK,317,3.17,0.22859999366869985
0.15,PPO-HK,318,3.18,0.22869475872604617
0.15,PPO-HK,319,3.19,0.2289590022273485
0.15,PPO-HK,320,3.2,0.22858375442726953
0.15,PPO-HK,321,3.21,0.22878679974157595
0.15,PPO-HK,322,3.22,0.2283809601992703
0.15,PPO-HK,323,3.23,0.22885983490032766
0.15,PPO-HK,324,3.24,0.22903390393016
0.15,PPO-HK,325,3.25,0.22879414261566197
0.15,PPO-HK,326,3.26,0.22804315553386206
0.15,PPO-HK,327,3.27,0.22886685548121297
0.15,PPO-HK,328,3.28,0.2290988596734432
0.15,PPO-HK,329,3.29,0.2290466506021496
0.15,PPO-HK,330,3.3,0.22847071676405467
0.15,PPO-HK,331,3.31,0.22930323458610696
0.15,PPO-HK,332,3.32,0.22954941189567038
0.15,PPO-HK,333,3.33,0.22916834855388993
0.15,PPO-HK,334,3.34,0.22893757942088572
0.15,PPO-HK,335,3.35,0.22956872941247192
0.15,PPO-HK,336,3.36,0.22887497172162474
0.15,PPO-HK,337,3.37,0.2293273464226821
0.15,PPO-HK,338,3.38,0.22920696324061754
0.15,PPO-HK,339,3.39,0.2287243491356131
0.15,PPO-HK,340,3.4,0.2289303317711405
0.15,PPO-HK,341,3.41,0.2297388495931928
0.15,PPO-HK,342,3.42,0.2293678899727062
0.15,PPO-HK,343,3.43,0.22956339416493649
0.15,PPO-HK,344,3.44,0.22976813766623883
0.15,PPO-HK,345,3.45,0.22960648857613228
0.15,PPO-HK,346,3.46,0.2292328881922937
0.15,PPO-HK,347,3.47,0.22922701319449362
0.15,PPO-HK,348,3.48,0.2292539547850349
0.15,PPO-HK,349,3.49,0.22887072653518187
0.15,PPO-HK,350,3.5,0.22900679556501424
0.15,PPO-HK,351,3.51,0.2285614733035256
0.15,PPO-HK,352,3.52,0.2280901389585062
0.15,PPO-HK,353,3.53,0.22740548345907563
0.15,PPO-HK,354,3.54,0.22723389300291055
0.15,PPO-HK,355,3.55,0.22736296203274295
0.15,PPO-HK,356,3.56,0.2275402055340453
0.15,PPO-HK,357,3.57,0.22727973675424112
0.15,PPO-HK,358,3.58,0.22703301849491936
0.15,PPO-HK,359,3.59,0.22659607463537784
0.15,PPO-HK,360,3.6,0.22633375926924676
0.15,PPO-HK,361,3.61,0.22646628333304936
0.15,PPO-HK,362,3.62,0.2264361544772623
0.15,PPO-HK,363,3.63,0.2271921722993146
0.15,PPO-HK,364,3.64,0.22688356751117303
0.15,PPO-HK,365,3.65,0.22702657170340335
0.15,PPO-HK,366,3.66,0.22680881990474544
0.15,PPO-HK,367,3.67,0.22512873826115962
0.15,PPO-HK,368,3.68,0.22465397728552217
0.15,PPO-HK,369,3.69,0.22433990084530986
0.15,PPO-HK,370,3.7,0.2240230437124607
0.15,PPO-HK,371,3.71,0.22350818079154544
0.15,PPO-HK,372,3.72,0.22422288073889643
0.15,PPO-HK,373,3.73,0.2243341033067029
0.15,PPO-HK,374,3.74,0.22381174038578766
0.15,PPO-HK,375,3.75,0.22275279867685271
0.15,PPO-HK,376,3.76,0.221857329344888
0.15,PPO-HK,377,3.77,0.22198307284619034
0.15,PPO-HK,378,3.78,0.22270259066824266
0.15,PPO-HK,379,3.79,0.2228663557086983
0.15,PPO-HK,380,3.8,0.2229584247385307
0.15,PPO-HK,381,3.81,0.22256492251174784
0.15,PPO-HK,382,3.82,0.22272218755220352
0.15,PPO-HK,383,3.83,0.22264407031685057
0.15,PPO-HK,384,3.84,0.2233495881389028
0.15,PPO-HK,385,3.85,0.22308891713684026
0.15,PPO-HK,386,3.86,0.22255564347800114
0.15,PPO-HK,387,3.87,0.22197268138139192
0.15,PPO-HK,388,3.88,0.22200381765724891
0.15,PPO-HK,389,3.89,0.22205419366749177
0.15,PPO-HK,390,3.9,0.22140349934606607
0.15,PPO-HK,391,3.91,0.22129775003603783
0.15,PPO-HK,392,3.92,0.22075271703709956
0.15,PPO-HK,393,3.93,0.2208394605384018
0.15,PPO-HK,394,3.94,0.22097766471103153
0.15,PPO-HK,395,3.95,0.22048606432719298
0.15,PPO-HK,396,3.96,0.22114276427454388
0.15,PPO-HK,397,3.97,0.22116075969553184
0.15,PPO-HK,398,3.98,0.22183127751758414
0.15,PPO-HK,399,3.99,0.22144420107737184
0.15,PPO-HK,400,4.0,0.19757338055366347
0.15,PPO-HK,401,4.01,0.19724741084139588
0.15,PPO-HK,402,4.02,0.1975716095755295
0.15,PPO-HK,403,4.03,0.1972411884499112
0.15,PPO-HK,404,4.04,0.19706565841543772
0.15,PPO-HK,405,4.05,0.1970477911285147
0.15,PPO-HK,406,4.06,0.1970278312240449
0.15,PPO-HK,407,4.07,0.19727415016734884
0.15,PPO-HK,408,4.08,0.19751896911065278
0.15,PPO-HK,409,4.09,0.1968957066942929
0.15,PPO-HK,410,4.1,0.19686824678982298
0.15,PPO-HK,411,4.11,0.19706755380513888
0.15,PPO-HK,412,4.12,0.19700043248516497
0.15,PPO-HK,413,4.13,0.19664851135954672
0.15,PPO-HK,414,4.14,0.1967328806393135
0.15,PPO-HK,415,4.15,0.19696819958261744
0.15,PPO-HK,416,4.16,0.19691684866363404
0.15,PPO-HK,417,4.17,0.19687835013588958
0.15,PPO-HK,418,4.18,0.19702831044126434
0.15,PPO-HK,419,4.19,0.19726566076665436
0.15,PPO-HK,420,4.2,0.19692078538959307
0.15,PPO-HK,421,4.21,0.197153135714983
0.15,PPO-HK,422,4.22,0.19678021458936482
0.15,PPO-HK,423,4.23,0.19728669894462156
0.15,PPO-HK,424,4.24,0.19746750595993734
0.15,PPO-HK,425,4.25,0.1973703846399636
0.15,PPO-HK,426,4.26,0.19663309502629056
0.15,PPO-HK,427,4.27,0.1968514139695945
0.15,PPO-HK,428,4.28,0.1970687642949845
0.15,PPO-HK,429,4.29,0.19699880439051465
0.15,PPO-HK,430,4.3,0.19662499131309458
0.15,PPO-HK,431,4.31,0.19683731025639853
0.15,PPO-HK,432,4.32,0.19704566058178852
0.15,PPO-HK,433,4.33,0.19669400128025696
0.15,PPO-HK,434,4.34,0.19660670775931027
0.15,PPO-HK,435,4.35,0.19678687869811884
0.15,PPO-HK,436,4.36,0.19620128027351189
0.15,PPO-HK,437,4.37,0.19667776462876868
0.15,PPO-HK,438,4.38,0.19658031354127847
0.15,PPO-HK,439,4.39,0.19616934382901094
0.15,PPO-HK,440,4.4,0.19635919415440087
0.15,PPO-HK,441,4.41,0.19655651309770486
0.15,PPO-HK,442,4.42,0.1961395919720866
0.15,PPO-HK,443,4.43,0.1963229422974765
0.15,PPO-HK,444,4.44,0.19650379262286655
0.15,PPO-HK,445,4.45,0.19639733271839668
0.15,PPO-HK,446,4.46,0.1957922342937897
0.15,PPO-HK,447,4.47,0.19568127438931984
0.15,PPO-HK,448,4.48,0.19556781448485003
0.15,PPO-HK,449,4.49,0.19485386200766358
0.15,PPO-HK,450,4.5,0.19499866902297952
0.15,PPO-HK,451,4.51,0.1945612478973611
0.15,PPO-HK,452,4.52,0.1942034544193591
0.15,PPO-HK,453,4.53,0.19353759440565593
0.15,PPO-HK,454,4.54,0.19338285681524428
0.15,PPO-HK,455,4.55,0.19352066383056024
0.15,PPO-HK,456,4.56,0.1936750141559502
0.15,PPO-HK,457,4.57,0.19354601562820561
0.15,PPO-HK,458,4.58,0.19365856837531806
0.15,PPO-HK,459,4.59,0.1932026472496998
0.15,PPO-HK,460,4.6,0.19304388324460495
0.15,PPO-HK,461,4.61,0.1931857335699949
0.15,PPO-HK,462,4.62,0.193040273665525
0.15,PPO-HK,463,4.63,0.193206592608829
0.15,PPO-HK,464,4.64,0.19306109408108446
0.15,PPO-HK,465,4.65,0.1931939444064744
0.15,PPO-HK,466,4.66,0.1930189542407197
0.15,PPO-HK,467,4.67,0.19135890761679042
0.15,PPO-HK,468,4.68,0.19088148649117204
0.15,PPO-HK,469,4.69,0.19072348796342753
0.15,PPO-HK,470,4.7,0.1905590280589577
0.15,PPO-HK,471,4.71,0.19007410693333937
0.15,PPO-HK,472,4.72,0.19022692587664333
0.15,PPO-HK,473,4.73,0.19034077620203332
0.15,PPO-HK,474,4.74,0.18984935507641498
0.15,PPO-HK,475,4.75,0.1888027874871121
0.15,PPO-HK,476,4.76,0.18805352507075218
0.15,PPO-HK,477,4.77,0.1881583753961421
0.15,PPO-HK,478,4.78,0.18830219433944612
0.15,PPO-HK,479,4.79,0.18816273798631541
0.15,PPO-HK,480,4.8,0.18826504500163133
0.15,PPO-HK,481,4.81,0.1878728838794705
0.15,PPO-HK,482,4.82,0.1877269275263398
0.15,PPO-HK,483,4.83,0.18784561904563607
0.15,PPO-HK,484,4.84,0.18798093798894006
0.15,PPO-HK,485,4.85,0.18777258706995667
0.15,PPO-HK,486,4.86,0.18725516594433833
0.15,PPO-HK,487,4.87,0.18673524481872006
0.15,PPO-HK,488,4.88,0.18652726732233377
0.15,PPO-HK,489,4.89,0.18660511764772375
0.15,PPO-HK,490,4.9,0.18608973770325835
0.15,PPO-HK,491,4.91,0.18587777779878845
0.15,PPO-HK,492,4.92,0.18541377740608622
0.15,PPO-HK,493,4.93,0.1854816277314762
0.15,PPO-HK,494,4.94,0.18555963912014367
0.15,PPO-HK,495,4.95,0.18486154069553676
0.15,PPO-HK,496,4.96,0.1849788596388407
0.15,PPO-HK,497,4.97,0.18503820996423073
0.15,PPO-HK,498,4.98,0.18515252890753467
0.15,PPO-HK,499,4.99,0.18492703037979008
0.15,PPO-HK,500,5.0,0.17382503410524153
0.15,PPO-HK,501,5.01,0.1735674781123316
0.15,PPO-HK,502,5.02,0.17359352039895987
0.15,PPO-HK,503,5.03,0.1733314644060498
0.15,PPO-HK,504,5.04,0.17320263324718937
0.15,PPO-HK,505,5.05,0.17319659118580355
0.15,PPO-HK,506,5.06,0.1731880491244178
0.15,PPO-HK,507,5.07,0.17291807855681032
0.15,PPO-HK,508,5.08,0.1726476079892028
0.15,PPO-HK,509,5.09,0.17210337369946857
0.15,PPO-HK,510,5.1,0.17208933163808265
0.15,PPO-HK,511,5.11,0.17229445159320225
0.15,PPO-HK,512,5.12,0.1722764095318164
0.15,PPO-HK,513,5.13,0.1719948535389065
0.15,PPO-HK,514,5.14,0.17204625649240762
0.15,PPO-HK,515,5.15,0.17177228592480015
0.15,PPO-HK,516,5.16,0.17173839519687067
0.15,PPO-HK,517,5.17,0.1717098531354849
0.15,PPO-HK,518,5.18,0.17191255074257056
0.15,PPO-HK,519,5.19,0.1719105930291987
0.15,PPO-HK,520,5.2,0.17158142122662148
0.15,PPO-HK,521,5.21,0.17157546351324968
0.15,PPO-HK,522,5.22,0.17127440752033976
0.15,PPO-HK,523,5.23,0.17126444980696784
0.15,PPO-HK,524,5.24,0.1714525697620874
0.15,PPO-HK,525,5.25,0.17140652770070153
0.15,PPO-HK,526,5.26,0.1706930518123531
0.15,PPO-HK,527,5.27,0.17041358124474568
0.15,PPO-HK,528,5.28,0.17039662353137391
0.15,PPO-HK,529,5.29,0.17034358146998796
0.15,PPO-HK,530,5.3,0.17002702547707793
0.15,PPO-HK,531,5.31,0.16974555490947046
0.15,PPO-HK,532,5.32,0.16972209719609868
0.15,PPO-HK,533,5.33,0.1693921480971453
0.15,PPO-HK,534,5.34,0.1693291060357595
0.15,PPO-HK,535,5.35,0.169045635468152
0.15,PPO-HK,536,5.36,0.16875069986876434
0.15,PPO-HK,537,5.37,0.16871874215539256
0.15,PPO-HK,538,5.38,0.1686403514274631
0.15,PPO-HK,539,5.39,0.16830629543455305
0.15,PPO-HK,540,5.4,0.16826833772118124
0.15,PPO-HK,541,5.41,0.16798186715357372
0.15,PPO-HK,542,5.42,0.16764281116066376
0.15,PPO-HK,543,5.43,0.167600353447292
0.15,PPO-HK,544,5.44,0.16755589573392024
0.15,PPO-HK,545,5.45,0.16747135367253435
0.15,PPO-HK,546,5.46,0.16715541807314674
0.15,PPO-HK,547,5.47,0.1670658760117609
0.15,PPO-HK,548,5.48,0.16697383395037504
0.15,PPO-HK,549,5.49,0.1665856621477978
0.15,PPO-HK,550,5.5,0.16674228210291736
0.15,PPO-HK,551,5.51,0.16638272611000743
0.15,PPO-HK,552,5.52,0.16605991363039044
0.15,PPO-HK,553,5.53,0.16541672208031952
0.15,PPO-HK,554,5.54,0.16528752173740063
0.15,PPO-HK,555,5.55,0.16543714169252016
0.15,PPO-HK,556,5.56,0.16537068397914836
0.15,PPO-HK,557,5.57,0.16525914191776256
0.15,PPO-HK,558,5.58,0.16518868420439067
0.15,PPO-HK,559,5.59,0.1648116282114807
0.15,PPO-HK,560,5.6,0.1646766832006595
0.15,PPO-HK,561,5.61,0.1646002254872877
0.15,PPO-HK,562,5.62,0.16447718342590184
0.15,PPO-HK,563,5.63,0.16417971285829436
0.15,PPO-HK,564,5.64,0.16405367079690858
0.15,PPO-HK,565,5.65,0.16397071308353672
0.15,PPO-HK,566,5.66,0.16383232235560727
0.15,PPO-HK,567,5.67,0.16220441581852807
0.15,PPO-HK,568,5.68,0.16180785982561818
0.15,PPO-HK,569,5.69,0.16166981776423228
0.15,PPO-HK,570,5.7,0.16152927570284645
0.15,PPO-HK,571,5.71,0.16112521970993643
0.15,PPO-HK,572,5.72,0.16082324914232898
0.15,PPO-HK,573,5.73,0.16072579142895718
0.15,PPO-HK,574,5.74,0.16031673543604716
0.15,PPO-HK,575,5.75,0.15929779297853436
0.15,PPO-HK,576,5.76,0.1586405586888001
0.15,PPO-HK,577,5.77,0.15853610097542825
0.15,PPO-HK,578,5.78,0.1582311304078208
0.15,PPO-HK,579,5.79,0.15807408834643494
0.15,PPO-HK,580,5.8,0.15819270830155452
0.15,PPO-HK,581,5.81,0.1578027727021669
0.15,PPO-HK,582,5.82,0.15763923064078103
0.15,PPO-HK,583,5.83,0.1575252729274092
0.15,PPO-HK,584,5.84,0.1572173023598017
0.15,PPO-HK,585,5.85,0.15704091163187234
0.15,PPO-HK,586,5.86,0.1566088556389623
0.15,PPO-HK,587,5.87,0.1561742996460523
0.15,PPO-HK,588,5.88,0.15599040891812277
0.15,PPO-HK,589,5.89,0.15586595120475097
0.15,PPO-HK,590,5.9,0.1553917794021738
0.15,PPO-HK,591,5.91,0.155208737340788
0.15,PPO-HK,592,5.92,0.1547726578039366
0.15,PPO-HK,593,5.93,0.15464020009056487
0.15,PPO-HK,594,5.94,0.154505742377193
0.15,PPO-HK,595,5.95,0.15408480677780528
0.15,PPO-HK,596,5.96,0.1537708362101978
0.15,PPO-HK,597,5.97,0.15363187849682597
0.15,PPO-HK,598,5.98,0.15331690792921854
0.15,PPO-HK,599,5.99,0.15311936586783276
0.15,PPO-HK,600,6.0,0.13837959745190498
0.15,PPO-HK,601,6.01,0.1379782058964224
0.15,PPO-HK,602,6.02,0.13790435092848477
0.15,PPO-HK,603,6.03,0.1374994593730023
0.15,PPO-HK,604,6.04,0.13742703558006525
0.15,PPO-HK,605,6.05,0.13723655635067714
0.15,PPO-HK,606,6.06,0.13704407712128897
0.15,PPO-HK,607,6.07,0.1367750519744578
0.15,PPO-HK,608,6.08,0.13650552682762665
0.15,PPO-HK,609,6.09,0.13605762391846074
0.15,PPO-HK,610,6.1,0.13586064468907252
0.15,PPO-HK,611,6.11,0.13578243064272455
0.15,PPO-HK,612,6.12,0.13558245141333639
0.15,PPO-HK,613,6.13,0.13516455985785397
0.15,PPO-HK,614,6.14,0.13500710089912338
0.15,PPO-HK,615,6.15,0.13473557575229222
0.15,PPO-HK,616,6.16,0.13453009652290404
0.15,PPO-HK,617,6.17,0.13432261729351586
0.15,PPO-HK,618,6.18,0.13459374282301348
0.15,PPO-HK,619,6.19,0.13450238785507584
0.15,PPO-HK,620,6.2,0.1340739962995933
0.15,PPO-HK,621,6.21,0.13397964133165569
0.15,PPO-HK,622,6.22,0.13354774977617317
0.15,PPO-HK,623,6.23,0.13345039480823556
0.15,PPO-HK,624,6.24,0.13335568076188759
0.15,PPO-HK,625,6.25,0.13313720153249944
0.15,PPO-HK,626,6.26,0.1324705941763513
0.15,PPO-HK,627,6.27,0.13219656902952012
0.15,PPO-HK,628,6.28,0.1320937140615825
0.15,PPO-HK,629,6.29,0.13187023483219437
0.15,PPO-HK,630,6.3,0.13142684327671195
0.15,PPO-HK,631,6.31,0.13115181812988072
0.15,PPO-HK,632,6.32,0.13104496316194306
0.15,PPO-HK,633,6.33,0.1305980716064606
0.15,PPO-HK,634,6.34,0.13036809237707248
0.15,PPO-HK,635,6.35,0.1300920672302413
0.15,PPO-HK,636,6.36,0.1296985048629924
0.15,PPO-HK,637,6.37,0.12958664989505478
0.15,PPO-HK,638,6.38,0.1293516706656666
0.15,PPO-HK,639,6.39,0.12889677911018416
0.15,PPO-HK,640,6.4,0.1287809241422465
0.15,PPO-HK,641,6.41,0.12850339899541535
0.15,PPO-HK,642,6.42,0.12804500743993286
0.15,PPO-HK,643,6.43,0.12792615247199518
0.15,PPO-HK,644,6.44,0.12780579750405757
0.15,PPO-HK,645,6.45,0.12756231827466946
0.15,PPO-HK,646,6.46,0.12715625590742052
0.15,PPO-HK,647,6.47,0.12690927667803248
0.15,PPO-HK,648,6.48,0.12666029744864432
0.15,PPO-HK,649,6.49,0.12619090589316184
0.15,PPO-HK,650,6.5,0.12606769184681385
0.15,PPO-HK,651,6.51,0.12559480029133135
0.15,PPO-HK,652,6.52,0.12544572630858647
0.15,PPO-HK,653,6.53,0.12484708232977682
0.15,PPO-HK,654,6.54,0.12458860310038869
0.15,PPO-HK,655,6.55,0.12445838905404069
0.15,PPO-HK,656,6.56,0.12432253408610303
0.15,PPO-HK,657,6.57,0.12406005485671495
0.15,PPO-HK,658,6.58,0.12392169988877733
0.15,PPO-HK,659,6.59,0.12343580833329482
0.15,PPO-HK,660,6.6,0.12316882910390664
0.15,PPO-HK,661,6.61,0.12302647413596901
0.15,PPO-HK,662,6.62,0.12275649490658089
0.15,PPO-HK,663,6.63,0.12247346975974971
0.15,PPO-HK,664,6.64,0.12220099053036165
0.15,PPO-HK,665,6.65,0.12205513556242403
0.15,PPO-HK,666,6.66,0.1217796563330359
0.15,PPO-HK,667,6.67,0.12021956374893342
0.15,PPO-HK,668,6.68,0.11972067219345092
0.15,PPO-HK,669,6.69,0.11943969296406276
0.15,PPO-HK,670,6.7,0.1191567137346747
0.15,PPO-HK,671,6.71,0.11865282217919215
0.15,PPO-HK,672,6.72,0.11836679703236098
0.15,PPO-HK,673,6.73,0.11821194206442333
0.15,PPO-HK,674,6.74,0.11770455050894088
0.15,PPO-HK,675,6.75,0.11657096481170486
0.15,PPO-HK,676,6.76,0.11603556190253887
0.15,PPO-HK,677,6.77,0.1158762069346012
0.15,PPO-HK,678,6.78,0.11558868178777001
0.15,PPO-HK,679,6.79,0.11529520255838181
0.15,PPO-HK,680,6.8,0.11513748851203381
0.15,PPO-HK,681,6.81,0.114684426144785
0.15,PPO-HK,682,6.82,0.11438644691539693
0.15,PPO-HK,683,6.83,0.11422109194745927
0.15,PPO-HK,684,6.84,0.11393156680062808
0.15,PPO-HK,685,6.85,0.11363008757123999
0.15,PPO-HK,686,6.86,0.11310769601575746
0.15,PPO-HK,687,6.87,0.11258330446027498
0.15,PPO-HK,688,6.88,0.11227682523088688
0.15,PPO-HK,689,6.89,0.11210497026294923
0.15,PPO-HK,690,6.9,0.1115755787074667
0.15,PPO-HK,691,6.91,0.11126459947807857
0.15,PPO-HK,692,6.92,0.11073170792259607
0.15,PPO-HK,693,6.93,0.11055435295465846
0.15,PPO-HK,694,6.94,0.11037549798672083
0.15,PPO-HK,695,6.95,0.10990393561947195
0.15,PPO-HK,696,6.96,0.1096119104726408
0.15,PPO-HK,697,6.97,0.10943055550470313
0.15,PPO-HK,698,6.98,0.10913803035787192
0.15,PPO-HK,699,6.99,0.10881805112848386
0.15,PPO-HK,700,7.0,0.07133316690626922
0.15,PPO-HK,701,7.01,0.07145954151879272
0.15,PPO-HK,702,7.02,0.07158133592765986
0.15,PPO-HK,703,7.03,0.07170271054018337
0.15,PPO-HK,704,7.04,0.07168703896504719
0.15,PPO-HK,705,7.05,0.07166634304891685
0.15,PPO-HK,706,7.06,0.07164314713278658
0.15,PPO-HK,707,7.07,0.07138329750613592
0.15,PPO-HK,708,7.08,0.07112294787948525
0.15,PPO-HK,709,7.09,0.07138236722757405
0.15,PPO-HK,710,7.1,0.07135317131144374
0.15,PPO-HK,711,7.11,0.07145646572031085
0.15,PPO-HK,712,7.12,0.07142226980418062
0.15,PPO-HK,713,7.13,0.07152264441670408
0.15,PPO-HK,714,7.14,0.07161514648820336
0.15,PPO-HK,715,7.15,0.07135129686155271
0.15,PPO-HK,716,7.16,0.07130910094542244
0.15,PPO-HK,717,7.17,0.07126440502929215
0.15,PPO-HK,718,7.18,0.07135219943815932
0.15,PPO-HK,719,7.19,0.07143749384702644
0.15,PPO-HK,720,7.2,0.07152236845954993
0.15,PPO-HK,721,7.21,0.07160266286841713
0.15,PPO-HK,722,7.22,0.07168253748094058
0.15,PPO-HK,723,7.23,0.07175783188980775
0.15,PPO-HK,724,7.24,0.07183062629867491
0.15,PPO-HK,725,7.25,0.07176593038254461
0.15,PPO-HK,726,7.26,0.07118040152530761
0.15,PPO-HK,727,7.27,0.07091105189865694
0.15,PPO-HK,728,7.28,0.07097634630752409
0.15,PPO-HK,729,7.29,0.07090415039139383
0.15,PPO-HK,730,7.3,0.0709665250039173
0.15,PPO-HK,731,7.31,0.07069517537726663
0.15,PPO-HK,732,7.32,0.0707524697861338
0.15,PPO-HK,733,7.33,0.07080934439865726
0.15,PPO-HK,734,7.34,0.07072664848252698
0.15,PPO-HK,735,7.35,0.07045329885587631
0.15,PPO-HK,736,7.36,0.07065371820396504
0.15,PPO-HK,737,7.37,0.0707005126128322
0.15,PPO-HK,738,7.38,0.07060981669670192
0.15,PPO-HK,739,7.39,0.07065369130922544
0.15,PPO-HK,740,7.4,0.07069298571809257
0.15,PPO-HK,741,7.41,0.07041663609144191
0.15,PPO-HK,742,7.42,0.07045501070396537
0.15,PPO-HK,743,7.43,0.07048880511283254
0.15,PPO-HK,744,7.44,0.07052009952169969
0.15,PPO-HK,745,7.45,0.07041390360556944
0.15,PPO-HK,746,7.46,0.07059132295365815
0.15,PPO-HK,747,7.47,0.07048012703752785
0.15,PPO-HK,748,7.48,0.07036643112139754
0.15,PPO-HK,749,7.49,0.07038730573392105
0.15,PPO-HK,750,7.5,0.07040360014278824
0.15,PPO-HK,751,7.51,0.07041947475531166
0.15,PPO-HK,752,7.52,0.07029830318017548
0.15,PPO-HK,753,7.53,0.06958460202651467
0.15,PPO-HK,754,7.54,0.06945690611038441
0.15,PPO-HK,755,7.55,0.06946170051925155
0.15,PPO-HK,756,7.56,0.06946399492811872
0.15,PPO-HK,757,7.57,0.0693287990119884
0.15,PPO-HK,758,7.58,0.06932609342085558
0.15,PPO-HK,759,7.59,0.06932296803337905
0.15,PPO-HK,760,7.6,0.06918027211724878
0.15,PPO-HK,761,7.61,0.06917006652611596
0.15,PPO-HK,762,7.62,0.06902237060998567
0.15,PPO-HK,763,7.63,0.06873502098333502
0.15,PPO-HK,764,7.64,0.06858432506720472
0.15,PPO-HK,765,7.65,0.0685661194760719
0.15,PPO-HK,766,7.66,0.06841042355994165
0.15,PPO-HK,767,7.67,0.06691408499493078
0.15,PPO-HK,768,7.68,0.06689045960745424
0.15,PPO-HK,769,7.69,0.066727263691324
0.15,PPO-HK,770,7.7,0.0665615677751937
0.15,PPO-HK,771,7.71,0.06653044238771717
0.15,PPO-HK,772,7.72,0.06623859276106653
0.15,PPO-HK,773,7.73,0.06620238716993367
0.15,PPO-HK,774,7.74,0.06616576178245716
0.15,PPO-HK,775,7.75,0.06506468586854483
0.15,PPO-HK,776,7.76,0.06517310521663353
0.15,PPO-HK,777,7.77,0.0651278996255007
0.15,PPO-HK,778,7.78,0.06483304999885005
0.15,PPO-HK,779,7.79,0.06464985408271975
0.15,PPO-HK,780,7.8,0.06459914849158692
0.15,PPO-HK,781,7.81,0.06469706783967563
0.15,PPO-HK,782,7.82,0.06450637192354536
0.15,PPO-HK,783,7.83,0.06444816633241253
0.15,PPO-HK,784,7.84,0.06415031670576182
0.15,PPO-HK,785,7.85,0.06395412078963159
0.15,PPO-HK,786,7.86,0.06389249540215503
0.15,PPO-HK,787,7.87,0.06382837001467853
0.15,PPO-HK,788,7.88,0.06362467409854822
0.15,PPO-HK,789,7.89,0.06355346850741542
0.15,PPO-HK,790,7.9,0.06348184311993886
0.15,PPO-HK,791,7.91,0.06327064720380862
0.15,PPO-HK,792,7.92,0.06319402181633207
0.15,PPO-HK,793,7.93,0.06311281622519924
0.15,PPO-HK,794,7.94,0.06302911063406641
0.15,PPO-HK,795,7.95,0.06309402998215509
0.15,PPO-HK,796,7.96,0.06279018035550445
0.15,PPO-HK,797,7.97,0.06270097476437161
0.15,PPO-HK,798,7.98,0.06239612513772094
0.15,PPO-HK,799,7.99,0.062168929221590646
0.15,PPO-HK,800,8.0,0.03918060911735549
0.25,HK,,0,0.4418061087154963
0.25,HK,,1,0.1714599410634313
0.25,HK,,2,0.018863172182945913
0.25,HK,,3,9.275278612168928e-31
0.25,HK,,4,4.3264090270714866e-30
0.25,HK,,5,4.714676503859953e-31
0.25,HK,,6,1.232595164407831e-32
0.25,HK,,7,0.0
0.25,HK,,8,0.0
0.25,HK,,9,0.0
0.25,HK,,10,0.0
0.25,HK,,11,0.0
0.25,HK,,12,0.0
0.25,HK,,13,0.0
0.25,HK,,14,0.0
0.25,HK,,15,0.0
0.25,HK,,16,0.0
0.25,HK,,17,0.0
0.25,HK,,18,0.0
0.25,HK,,19,0.0
0.25,HK,,20,0.0
0.25,HK,,21,0.0
0.25,HK,,22,0.0
0.25,HK,,23,0.0
0.25,HK,,24,0.0
0.25,HK,,25,0.0
0.25,HK,,26,0.0
0.25,HK,,27,0.0
0.25,HK,,28,0.0
0.25,HK,,29,0.0
0.25,HK,,30,0.0
0.25,HK,,31,0.0
0.25,HK,,32,0.0
0.25,HK,,33,0.0
0.25,HK,,34,0.0
0.25,HK,,35,0.0
0.25,HK,,36,0.0
0.25,HK,,37,0.0
0.25,HK,,38,0.0
0.25,HK,,39,0.0
0.25,HK,,40,0.0
0.25,HK,,41,0.0
0.25,HK,,42,0.0
0.25,HK,,43,0.0
0.25,HK,,44,0.0
0.25,HK,,45,0.0
0.25,HK,,46,0.0
0.25,HK,,47,0.0
0.25,HK,,48,0.0
0.25,HK,,49,0.0
0.25,HK,,50,0.0
0.25,HK,,51,0.0
0.25,HK,,52,0.0
0.25,HK,,53,0.0
0.25,HK,,54,0.0
0.25,HK,,55,0.0
0.25,HK,,56,0.0
0.25,HK,,57,0.0
0.25,HK,,58,0.0
0.25,HK,,59,0.0
0.25,HK,,60,0.0
0.25,HK,,61,0.0
0.25,HK,,62,0.0
0.25,HK,,63,0.0
0.25,HK,,64,0.0
0.25,HK,,65,0.0
0.25,HK,,66,0.0
0.25,HK,,67,0.0
0.25,HK,,68,0.0
0.25,HK,,69,0.0
0.25,HK,,70,0.0
0.25,HK,,71,0.0
0.25,HK,,72,0.0
0.25,HK,,73,0.0
0.25,HK,,74,0.0
0.25,HK,,75,0.0
0.25,HK,,76,0.0
0.25,HK,,77,0.0
0.25,HK,,78,0.0
0.25,HK,,79,0.0
0.25,HK,,80,0.0
0.25,HK,,81,0.0
0.25,HK,,82,0.0
0.25,HK,,83,0.0
0.25,HK,,84,0.0
0.25,HK,,85,0.0
0.25,HK,,86,0.0
0.25,HK,,87,0.0
0.25,HK,,88,0.0
0.25,HK,,89,0.0
0.25,HK,,90,0.0
0.25,HK,,91,0.0
0.25,HK,,92,0.0
0.25,HK,,93,0.0
0.25,HK,,94,0.0
0.25,HK,,95,0.0
0.25,HK,,96,0.0
0.25,HK,,97,0.0
0.25,HK,,98,0.0
0.25,HK,,99,0.0
0.25,HK,,100,0.0
0.25,HK,,101,0.0
0.25,HK,,102,0.0
0.25,HK,,103,0.0
0.25,HK,,104,0.0
0.25,HK,,105,0.0
0.25,HK,,106,0.0
0.25,HK,,107,0.0
0.25,HK,,108,0.0
0.25,HK,,109,0.0
0.25,HK,,110,0.0
0.25,HK,,111,0.0
0.25,HK,,112,0.0
0.25,HK,,113,0.0
0.25,HK,,114,0.0
0.25,HK,,115,0.0
0.25,HK,,116,0.0
0.25,HK,,117,0.0
0.25,HK,,118,0.0
0.25,HK,,119,0.0
0.25,HK,,120,0.0
0.25,HK,,121,0.0
0.25,HK,,122,0.0
0.25,HK,,123,0.0
0.25,HK,,124,0.0
0.25,HK,,125,0.0
0.25,HK,,126,0.0
0.25,HK,,127,0.0
0.25,HK,,128,0.0
0.25,HK,,129,0.0
0.25,HK,,130,0.0
0.25,HK,,131,0.0
0.25,HK,,132,0.0
0.25,HK,,133,0.0
0.25,HK,,134,0.0
0.25,HK,,135,0.0
0.25,HK,,136,0.0
0.25,HK,,137,0.0
0.25,HK,,138,0.0
0.25,HK,,139,0.0
0.25,HK,,140,0.0
0.25,HK,,141,0.0
0.25,HK,,142,0.0
0.25,HK,,143,0.0
0.25,HK,,144,0.0
0.25,HK,,145,0.0
0.25,HK,,146,0.0
0.25,HK,,147,0.0
0.25,HK,,148,0.0
0.25,HK,,149,0.0
0.25,HK,,150,0.0
0.25,HK,,151,0.0
0.25,HK,,152,0.0
0.25,HK,,153,0.0
0.25,HK,,154,0.0
0.25,HK,,155,0.0
0.25,HK,,156,0.0
0.25,HK,,157,0.0
0.25,HK,,158,0.0
0.25,HK,,159,0.0
0.25,HK,,160,0.0
0.25,HK,,161,0.0
0.25,HK,,162,0.0
0.25,HK,,163,0.0
0.25,HK,,164,0.0
0.25,HK,,165,0.0
0.25,HK,,166,0.0
0.25,HK,,167,0.0
0.25,HK,,168,0.0
0.25,HK,,169,0.0
0.25,HK,,170,0.0
0.25,HK,,171,0.0
0.25,HK,,172,0.0
0.25,HK,,173,0.0
0.25,HK,,174,0.0
0.25,HK,,175,0.0
0.25,HK,,176,0.0
0.25,HK,,177,0.0
0.25,HK,,178,0.0
0.25,HK,,179,0.0
0.25,HK,,180,0.0
0.25,HK,,181,0.0
0.25,HK,,182,0.0
0.25,HK,,183,0.0
0.25,HK,,184,0.0
0.25,HK,,185,0.0
0.25,HK,,186,0.0
0.25,HK,,187,0.0
0.25,HK,,188,0.0
0.25,HK,,189,0.0
0.25,HK,,190,0.0
0.25,HK,,191,0.0
0.25,HK,,192,0.0
0.25,HK,,193,0.0
0.25,HK,,194,0.0
0.25,HK,,195,0.0
0.25,HK,,196,0.0
0.25,HK,,197,0.0
0.25,HK,,198,0.0
0.25,HK,,199,0.0
0.25,HK,,200,0.0
0.25,PPO-HK,0,0.0,0.4418061087154963
0.25,PPO-HK,1,0.01,0.4413980116855408
0.25,PPO-HK,2,0.02,0.44235019242017914
0.25,PPO-HK,3,0.03,0.44130387987215486
0.25,PPO-HK,4,0.04,0.4411048788206771
0.25,PPO-HK,5,0.05,0.44136322042194964
0.25,PPO-HK,6,0.06,0.44177072811233603
0.25,PPO-HK,7,0.07,0.4423202554740637
0.25,PPO-HK,8,0.08,0.442710502778421
0.25,PPO-HK,9,0.09,0.44220175909910464
0.25,PPO-HK,10,0.1,0.442463609154572
0.25,PPO-HK,11,0.11,0.44326256939900716
0.25,PPO-HK,12,0.12,0.4433173977052273
0.25,PPO-HK,13,0.13,0.44355355739983204
0.25,PPO-HK,14,0.14,0.44391714638572405
0.25,PPO-HK,15,0.15,0.4446664224540688
0.25,PPO-HK,16,0.16,0.4438179448063834
0.25,PPO-HK,17,0.17,0.44340609489344196
0.25,PPO-HK,18,0.18,0.44363906326738023
0.25,PPO-HK,19,0.19,0.44377634824339257
0.25,PPO-HK,20,0.2,0.4429436686736271
0.25,PPO-HK,21,0.21,0.4427020866853733
0.25,PPO-HK,22,0.22,0.4422327312965061
0.25,PPO-HK,23,0.23,0.4433603893417393
0.25,PPO-HK,24,0.24,0.44367205524547576
0.25,PPO-HK,25,0.25,0.4428623007539139
0.25,PPO-HK,26,0.26,0.442470229884139
0.25,PPO-HK,27,0.27,0.44268382941062295
0.25,PPO-HK,28,0.28,0.4426119597854496
0.25,PPO-HK,29,0.29,0.44255001159670426
0.25,PPO-HK,30,0.3,0.4414215445399505
0.25,PPO-HK,31,0.31,0.44177616567089373
0.25,PPO-HK,32,0.32,0.44168046499408853
0.25,PPO-HK,33,0.33,0.4412799425522603
0.25,PPO-HK,34,0.34,0.4412145576691769
0.25,PPO-HK,35,0.35,0.44134230741991887
0.25,PPO-HK,36,0.36,0.44088412848116076
0.25,PPO-HK,37,0.37,0.44176660200150114
0.25,PPO-HK,38,0.38,0.44152847361934633
0.25,PPO-HK,39,0.39,0.4411868160258402
0.25,PPO-HK,40,0.4,0.4419615482428141
0.25,PPO-HK,41,0.41,0.44277095797741073
0.25,PPO-HK,42,0.42,0.44209046098168914
0.25,PPO-HK,43,0.43,0.44211561545482986
0.25,PPO-HK,44,0.44,0.4428502186499831
0.25,PPO-HK,45,0.45,0.4422410219686732
0.25,PPO-HK,46,0.46,0.4420006900542971
0.25,PPO-HK,47,0.47,0.44212743492213286
0.25,PPO-HK,48,0.48,0.4419834197078555
0.25,PPO-HK,49,0.49,0.4418353355133666
0.25,PPO-HK,50,0.5,0.4427593375913115
0.25,PPO-HK,51,0.51,0.44256714626929444
0.25,PPO-HK,52,0.52,0.44210946630928327
0.25,PPO-HK,53,0.53,0.44182611251656256
0.25,PPO-HK,54,0.54,0.44177883856394906
0.25,PPO-HK,55,0.55,0.4426206476859019
0.25,PPO-HK,56,0.56,0.44301999837024997
0.25,PPO-HK,57,0.57,0.44316575967984917
0.25,PPO-HK,58,0.58,0.44269952917407446
0.25,PPO-HK,59,0.59,0.44205930490372924
0.25,PPO-HK,60,0.6,0.4412745196701512
0.25,PPO-HK,61,0.61,0.4412354092077387
0.25,PPO-HK,62,0.62,0.44115145057540306
0.25,PPO-HK,63,0.63,0.44143220672081146
0.25,PPO-HK,64,0.64,0.4408291083345536
0.25,PPO-HK,65,0.65,0.4405904398534983
0.25,PPO-HK,66,0.66,0.440578440607002
0.25,PPO-HK,67,0.67,0.43887594203750335
0.25,PPO-HK,68,0.68,0.43785728219608583
0.25,PPO-HK,69,0.69,0.4373988906451235
0.25,PPO-HK,70,0.7,0.43694082972357706
0.25,PPO-HK,71,0.71,0.43599257903822564
0.25,PPO-HK,72,0.72,0.43673140208199934
0.25,PPO-HK,73,0.73,0.4369300243695035
0.25,PPO-HK,74,0.74,0.43603134561225715
0.25,PPO-HK,75,0.75,0.43496968576126016
0.25,PPO-HK,76,0.76,0.43406478736483867
0.25,PPO-HK,77,0.77,0.43422660702236326
0.25,PPO-HK,78,0.78,0.4349793485060206
0.25,PPO-HK,79,0.79,0.4350673322128904
0.25,PPO-HK,80,0.8,0.43556599084705827
0.25,PPO-HK,81,0.81,0.4349077273399569
0.25,PPO-HK,82,0.82,0.43490846128556093
0.25,PPO-HK,83,0.83,0.4344708421136394
0.25,PPO-HK,84,0.84,0.4348620404859603
0.25,PPO-HK,85,0.85,0.4339870926458156
0.25,PPO-HK,86,0.86,0.43392818332966004
0.25,PPO-HK,87,0.87,0.43258801801670554
0.25,PPO-HK,88,0.88,0.4332980813000454
0.25,PPO-HK,89,0.89,0.4324238980368661
0.25,PPO-HK,90,0.9,0.4320656901290716
0.25,PPO-HK,91,0.91,0.4321911127630674
0.25,PPO-HK,92,0.92,0.4312834434662952
0.25,PPO-HK,93,0.93,0.4310142425585936
0.25,PPO-HK,94,0.94,0.4311266655218192
0.25,PPO-HK,95,0.95,0.4300873513956925
0.25,PPO-HK,96,0.96,0.4306128779074833
0.25,PPO-HK,97,0.97,0.43066534740456497
0.25,PPO-HK,98,0.98,0.4312271603044936
0.25,PPO-HK,99,0.99,0.43044029129827877
0.25,PPO-HK,100,1.0,0.1582951121566952
0.25,PPO-HK,101,1.01,0.15809814790473609
0.25,PPO-HK,102,1.02,0.15857556332213635
0.25,PPO-HK,103,1.03,0.15810279193491109
0.25,PPO-HK,104,1.04,0.15806595784716593
0.25,PPO-HK,105,1.05,0.15831976870425205
0.25,PPO-HK,106,1.06,0.1585685198474159
0.25,PPO-HK,107,1.07,0.1594053668097365
0.25,PPO-HK,108,1.08,0.1597417934397933
0.25,PPO-HK,109,1.09,0.15948603523122798
0.25,PPO-HK,110,1.1,0.1595395631881541
0.25,PPO-HK,111,1.11,0.16033557319315395
0.25,PPO-HK,112,1.12,0.16031400903131188
0.25,PPO-HK,113,1.13,0.16047152888242575
0.25,PPO-HK,114,1.14,0.16092609878675176
0.25,PPO-HK,115,1.15,0.16157193618539084
0.25,PPO-HK,116,1.16,0.1612551293077548
0.25,PPO-HK,117,1.17,0.16105385436446495
0.25,PPO-HK,118,1.18,0.16126210633387178
0.25,PPO-HK,119,1.19,0.16134192159044658
0.25,PPO-HK,120,1.2,0.16095515990608966
0.25,PPO-HK,121,1.21,0.161074570554017
0.25,PPO-HK,122,1.22,0.16077702124115767
0.25,PPO-HK,123,1.23,0.16154449391347692
0.25,PPO-HK,124,1.24,0.16181733769524334
0.25,PPO-HK,125,1.25,0.16147163495626582
0.25,PPO-HK,126,1.26,0.1611332267297266
0.25,PPO-HK,127,1.27,0.16147558148722901
0.25,PPO-HK,128,1.28,0.16166448579163029
0.25,PPO-HK,129,1.29,0.16173621253084858
0.25,PPO-HK,130,1.3,0.16118605827675736
0.25,PPO-HK,131,1.31,0.16166218606751903
0.25,PPO-HK,132,1.32,0.16166677778139846
0.25,PPO-HK,133,1.33,0.1614189431085273
0.25,PPO-HK,134,1.34,0.16141932423511893
0.25,PPO-HK,135,1.35,0.16170771567723335
0.25,PPO-HK,136,1.36,0.16126711511159642
0.25,PPO-HK,137,1.37,0.16174686777530664
0.25,PPO-HK,138,1.38,0.16154577441930165
0.25,PPO-HK,139,1.39,0.1613352524339739
0.25,PPO-HK,140,1.4,0.16177836476082186
0.25,PPO-HK,141,1.41,0.1623232435252977
0.25,PPO-HK,142,1.42,0.1618212998386357
0.25,PPO-HK,143,1.43,0.16190381979810772
0.25,PPO-HK,144,1.44,0.16225894063049262
0.25,PPO-HK,145,1.45,0.16200300841577625
0.25,PPO-HK,146,1.46,0.16198759535001178
0.25,PPO-HK,147,1.47,0.1618234078886464
0.25,PPO-HK,148,1.48,0.16182544338343594
0.25,PPO-HK,149,1.49,0.16154704457791966
0.25,PPO-HK,150,1.5,0.16257308118091152
0.25,PPO-HK,151,1.51,0.16233725260167758
0.25,PPO-HK,152,1.52,0.16201224106817425
0.25,PPO-HK,153,1.53,0.1621373319202065
0.25,PPO-HK,154,1.54,0.16188047837946384
0.25,PPO-HK,155,1.55,0.16241438400938424
0.25,PPO-HK,156,1.56,0.16251983734083594
0.25,PPO-HK,157,1.57,0.16252141653030083
0.25,PPO-HK,158,1.58,0.16234044679012186
0.25,PPO-HK,159,1.59,0.16214987562265348
0.25,PPO-HK,160,1.6,0.16174058722245963
0.25,PPO-HK,161,1.61,0.16172520062895335
0.25,PPO-HK,162,1.62,0.1617898674253863
0.25,PPO-HK,163,1.63,0.16252034500146448
0.25,PPO-HK,164,1.64,0.1622491561755162
0.25,PPO-HK,165,1.65,0.16225824399222294
0.25,PPO-HK,166,1.66,0.16204237715689973
0.25,PPO-HK,167,1.67,0.16118417900706766
0.25,PPO-HK,168,1.68,0.16068439621584713
0.25,PPO-HK,169,1.69,0.16046664392553486
0.25,PPO-HK,170,1.7,0.1604080520545294
0.25,PPO-HK,171,1.71,0.15982289940159033
0.25,PPO-HK,172,1.72,0.16048154217404484
0.25,PPO-HK,173,1.73,0.1604963748988647
0.25,PPO-HK,174,1.74,0.15990728627586434
0.25,PPO-HK,175,1.75,0.1594995525450534
0.25,PPO-HK,176,1.76,0.15894172469785392
0.25,PPO-HK,177,1.77,0.15894833178474807
0.25,PPO-HK,178,1.78,0.15936449641541828
0.25,PPO-HK,179,1.79,0.15964658336322649
0.25,PPO-HK,180,1.8,0.16010430751074406
0.25,PPO-HK,181,1.81,0.15964597075280507
0.25,PPO-HK,182,1.82,0.1596126618672348
0.25,PPO-HK,183,1.83,0.15955738718926749
0.25,PPO-HK,184,1.84,0.15988732764902652
0.25,PPO-HK,185,1.85,0.15950174066566647
0.25,PPO-HK,186,1.86,0.15921403115058752
0.25,PPO-HK,187,1.87,0.15847727874086598
0.25,PPO-HK,188,1.88,0.1587408405786254
0.25,PPO-HK,189,1.89,0.15854927661816715
0.25,PPO-HK,190,1.9,0.15801048484636193
0.25,PPO-HK,191,1.91,0.15792172744125335
0.25,PPO-HK,192,1.92,0.1575984819003407
0.25,PPO-HK,193,1.93,0.1575798742328006
0.25,PPO-HK,194,1.94,0.15773634602328257
0.25,PPO-HK,195,1.95,0.15731340604238395
0.25,PPO-HK,196,1.96,0.15797989858090425
0.25,PPO-HK,197,1.97,0.157998868647179
0.25,PPO-HK,198,1.98,0.15871147023533222
0.25,PPO-HK,199,1.99,0.15826981064965942
0.25,PPO-HK,200,2.0,0.014166921263596486
